company_name,legal_name,org_number,street_address,postal_code,city,area,phone,email,website,logo_url,image_urls,services,service_descriptions,service_areas,about,founded_year,founder,employees,legal_form,rut_avdrag,google_rating,google_reviews,review_snippets,other_ratings,certifications,booking_method,pricing_info,languages,social_links,google_maps_url,place_id,data_confidence,sources,last_verified
RS Lokalvård,RS Lokalvård AB,,S:t Olofsgatan 11a,753 21,Uppsala,Centrum,,,https://www.rslokalvard.se,https://www.google.com/s2/favicons?domain=rslokalvard.se&sz=128,https://places.googleapis.com/v1/places/ChIJU-PErpDNX0YRZe4xRdPgHnQ/photos/AaVGc3n7EUb03DPefbK02wtkPS_2DIvxgc9xHAG1J7Kd1HdbIqs8szQ-dy_tUqG687NhFHypJSX5vGrXaF2CtWmUn7npdGRMsmE1l2Y3l9aS2ntVoG_X1qzQt4FfN8RyxwPXcrCZ2U1_SKF5jVV6YfZaCZ6zk_2oqr9H3eZU8bBSYk7ICl9040hnJNJG0FaRjUWEtdIj53TSYTdFQ6KvkN-Gzm81U6qpoqGmO4dlheanTiA8F-DFh4Rkl1S0e5KF7AAfpwrbL_WpIXcuKGxS9Jj6g1XuqeTIswryewo5MRmyB32Q0XWZqJMtQUQzbcFU1mkLGSGs8nxy-h8Pqdr769f0FmKm6V12f1XebeEqs6TZ7kPwA51C3NsAYfHeMKb6jvhxHxjLkZ78YsydfYnRjRDtxgkMMq-YOwuCOzn3qpBeGzFY4A/media?maxWidthPx=400&key=AIzaSyAgucJSAxcE0tpOe1l47Xy0Rw4QehRSg94,Hemstädning|Flyttstädning|Kontorsstädning|Fönsterputsning|Storsstädning,"Erbjuder regelbunden hemstädning, flyttstädning med besiktningsgaranti, kontorsstädning för företag samt fönsterputsning och storsstädning.",Uppsala,"RS Lokalvård är en lokal städfirma baserad i centrala Uppsala (S:t Olofsgatan 11a) som erbjuder städtjänster till privatpersoner och företag, inklusive hemstädning, flyttstädning och kontorsstädning.",,,,Aktiebolag,Okänt,4.9,7,,,,,,,,https://maps.google.com/?cid=8367372355704581733,ChIJU-PErpDNX0YRZe4xRdPgHnQ,"Low - website found matches business name and city but could not be crawled successfully in this research pass (site returned no extractable content on attempted pages); org number, phone, email, employees, founding year, and other operational details could not be confirmed from independent registry sources within this pass. Address/city match Google data.",https://www.rslokalvard.se|https://maps.google.com/?cid=8367372355704581733,2026-07-03
Clean Move AB,,,Skolgatan 43a,753 32,Uppsala,Centrum,018-50 05 91,,,,https://places.googleapis.com/v1/places/ChIJAQrRVyrLX0YRdcZK_IcGdUU/photos/AaVGc3mFdYmNSY1KDM85FFmwJZxWGHmIt9UkcNx4XL23_s-9PED5N4uCQy0N_17mePiIt_mncEAUNopLzW6udjvv4KQiPRyEtSib-0HpZYy5lOWj7Vu_tcATBJRg52vt4McwQObF4kpVQEYx1ziLmo_FNj1y_w-Ugv1Oi7aYNjWHFCdv-Ju0xufen8X4XGt281RmeRyZ7tdQqc-dDmxTcgQX1QQo7RkOppvAdUQsEA9M2epaWes06kuZ9IjKru5mg-Mh6j21Ampnr2cUN9c15unCQnZdkvt1UdVBto1veU14BklbTOAVS-ccBHBWbFuNkgnkv5cjEZJFQPl5str5AoWZ9deXpM01cY1UNiilsJEu-cRxVHFzOULOjzXq6Po8oXXOthxXf5O5AJa2gvrKqDJs920ZrKSt63fhZpN_u13EGBM_KQ/media?maxWidthPx=400&key=AIzaSyAgucJSAxcE0tpOe1l47Xy0Rw4QehRSg94,Hemstädning|Kontorsstädning|Flyttstädning|Fönsterputsning,"Tredjepartskatalog (easeaid.se) listar tjänster: hemstädning för privatpersoner, kontors- och företagsstädning, samt specialtjänster som flyttstädning och fönsterputsning.",Uppsala,"Ingen officiell, aktiv webbplats för 'Clean Move AB' kunde hittas - endast en tredjepartskatalog (easeaid.se) med kontaktuppgifter. Företagsregister visar TVÅ olika registrerade bolag på samma adress (Skolgatan 43a): 'CleanMove Uppsala AB' (org.nr 559256-5104, bransch flyttjänster SNI 49420, status Försatt i konkurs) och 'Clean Move Uppland AB' (org.nr 559357-6399, städtjänster, status Konkurs avslutad 2025-10-17). Det är därför osäkert om ett aktivt städbolag med namnet Clean Move AB verkligen bedriver verksamhet på adressen idag, trots att Google-uppgifterna (betyg 5.0, 9 recensioner) tyder på ett aktivt företag.",,,,Aktiebolag,Okänt,5,9,,,,Telefon (018-50 05 91),,,,https://maps.google.com/?cid=5004913742015284853,ChIJAQrRVyrLX0YRdcZK_IcGdUU,"Low - website unconfirmed. No official company website found. Two registered legal entities at the batch address are both marked as being in or having concluded bankruptcy (konkurs), raising doubt about current active operating status despite the positive Google rating. Org number, founding year, employees, and services could not be independently confirmed beyond a third-party business directory listing.",https://easeaid.se/clean-move-ab-stadfirma-i-uppsala-uppsala/|https://www.merinfo.se/foretag/Clean-Move-Uppland-AB-5593576399/2ki9r67-276ew|https://upplysningar.syna.se/foretag/5592565104/cleanmove-uppsala-ab|https://maps.google.com/?cid=5004913742015284853,2026-07-03
Fix & Fint Uppland AB,Fix & Fint Uppland AB,559493-9950,Gröna gatan 22B,754 36,Uppsala,,,,https://www.fixochfint.se,https://www.google.com/s2/favicons?domain=fixochfint.se&sz=128,https://places.googleapis.com/v1/places/ChIJHa_suGLPX0YR2P6coD2RcRs/photos/AaVGc3nBrj2vxVwVI-FX5_lamXkCFrX_AZTZjNKljvoSAmlTBAgQplAI_3JmFCl4ftxnpY_LmBQPQL2-qgwIyeY5Z42-eHhQTH7u2Datesnw4kjyJ8yPIUKA-RHnJbJWS1juVGoYcbSpXcH1CscHLMCDS4d1Zd7qIhap1q-GGdp4_rKk974izur4ArdJbkMfG4dE__CgcIttpp00CYuVvHb_kBabAhn8pwqEVdj2HOVU_Dv8eGSx-OHzquS8W62pMwwY9I_W0sB1_1l4jaDcJlHbKMvEoKbCw9kEC9OpbcM9pipgbE0NqtHsmq0xJ6-NGBX7-sOXvuIpxJjDijb_RoMXIKCH8auQNIvaPWYWf379AXo-MdVT-OKMa6eubZPEjVTj9LN6lZpPclsGpzVBXYSnhHdzT5-2msEod2VbrRwRMUGEep0_rt5UM15jFNDXNhA2/media?maxWidthPx=400&key=AIzaSyAgucJSAxcE0tpOe1l47Xy0Rw4QehRSg94,Hemstädning|Flyttstädning|Kontorsstädning|Storsstädning|Fönsterputsning,"Erbjuder hemstädning, flyttstädning, kontorsstädning, storsstädning och fönsterputsning till privatpersoner och företag i Uppsala med omnejd.",Uppsala,Fix & Fint Uppland AB är en städfirma i Uppsala (Gröna gatan 22B) registrerad som aktiebolag med org.nr 559493-9950. Företaget har starka omdömen på Reco.se (4.9/5 av 53 recensioner).,,,,Aktiebolag,Okänt,5,8,,Reco.se: 4.9/5 (53 recensioner),,,,,,https://maps.google.com/?cid=1977521405266034392,ChIJHa_suGLPX0YR2P6coD2RcRs,"Medium - legal entity, org number, board members (Klas Mattias Gertson, Lars Gert Olof Persson) and strong third-party review data (Reco.se) confirmed via registry and review platform. Phone, email, founding year, employees, and detailed service descriptions could not be fully extracted from the live website in this research pass. Address matches Google data.",https://www.fixochfint.se|https://www.reco.se|https://maps.google.com/?cid=1977521405266034392,2026-07-03
GG24 Städfirma,GG24 Städfirma,570906-4942,Gamla Uppsalagatan 122,754 40,Uppsala,,076-182 00 88,kontakt@gg24.se,https://gg24.se,https://impro.usercontent.one/appid/oneComWsb/domain/gg24.se/media/gg24.se/onewebmedia/gg24_ab.png,https://places.googleapis.com/v1/places/ChIJxeU7xCDLX0YRM4O2-DnroA0/photos/AaVGc3lU735BRFygZEaEV74qQPJ4aKJ9qhpY7HBXD6iLL-NoGmRo7Tg0Lai9ScCsrD3Iwk3rpG3lFpht0wKLdYNly_u78zzE0IV07PIwjOfk3dLQXo29-CvLuGKEsxHsZv45-Ut-EtKJEG-CKVcwA2ByZzSKfINz0g0B5lJH246yxvB71-ycHC7AUptGIlP4CoyknIp8Ifsuozu_X_5ZAsIATXWXGtwXnYGHKHquoGTz9GuiKo5MFNPnZgownYwnmvcwQNpSxPTv8MJ25-Xfblnuxg36sobZ5Tl_eElFDCQh-tQNwUeWjKdFTGzDvh_2J9zCrl0I6-hpD6AN-xfGV_GC_SQ_xcmUGULWLrMKbxl44fSoeQUm9Gt3pIRNQZ3XUmTXXpcIfMIYZNkV2NHMJDUbGZN1uhpk6K0uuObAEPjli3EQwPC6/media?maxWidthPx=400&key=AIzaSyAgucJSAxcE0tpOe1l47Xy0Rw4QehRSg94,Hemstädning|Flyttstädning|Fönsterputsning|Trappstädning|Byggstädning|Företagsstädning|Kontorsstädning|Fastighetetsstädning|Trädgårdstjänster,"Erbjuder professionell lokalvård, hemstädning, flyttstädning, fönsterputsning, trappstädning, byggstädning, företagsstädning, kontorsstädning, fastighetetsstädning, städhjälp och trädgårdstjänster - anpassade efter kundens behov med egen utrustning och städprodukter.",Uppsala|Knivsta|Upplands Väsby|Stockholm|Enköping|Västerås|Tierp|Gävle|Norrtälje|Sollentuna|Solna|Täby|Vallentuna|Märsta|Sigtuna|Storvreta|Bålsta|Kungs ängen|Örsundsbro|Rosersberg|Lidingö,"GG24 Städfirma beskriver sig som en symbol för kvalitet utvecklad över en 25-årsperiod, med stark koppling till Uppsala. Erbjuder ett brett utbud av städtjänster till privatpersoner och företag. Observera: ett annat bolag med liknande namn, 'GG24 AB' (org.nr 559131-9883), är registrerat på en annan adress (Fyrisvallsgatan 22) med huvudsaklig SNI-bransch 38110 (avfallshantering, ej lokalvård) och delad ägare/kontaktperson (Sawinski) - detta tycks vara ett separat, ej primärt städinriktat bolag och har inte blandats in i denna rad. Org.nr 570906-4942 är hämtat direkt från gg24.se:s egen sida och matchar adressen i Google-uppgifterna.",,,,,Okänt,5,11,,Reco.se: 4.7/5 (78 recensioner),,Kostnadsfri offert via webbplats eller telefon,,,,https://maps.google.com/?cid=982043352985142067,ChIJxeU7xCDLX0YRM4O2-DnroA0,"Medium - website, address, phone, email, services, and strong third-party reviews (Reco.se 4.7/5, 78 reviews) confirmed and consistent with Google data. However, org number (570906-4942) is self-declared on the company's own website and could not be independently cross-verified in a public business registry within this research pass - a similarly-named but distinct entity ('GG24 AB', org.nr 559131-9883) exists at a different Uppsala address with a different primary business (waste collection), which was excluded from this row. Legal form, founding year, founder, and employee count are unconfirmed.",https://gg24.se|https://www.reco.se/gg24-ab|https://upplysningar.syna.se/foretag/5591319883/gg24-ab|https://maps.google.com/?cid=982043352985142067,2026-07-03
Ekeby Städ,Ekebybruk Städ och Lokalservice AB,556617-7307,Ekeby Bruk A:21,752 63,Uppsala,Ekeby bruk,,,https://www.ekebystad.se,https://www.google.com/s2/favicons?domain=ekebystad.se&sz=128,https://places.googleapis.com/v1/places/ChIJD4VUZ5TLX0YRw6u3x6kNEvQ/photos/AaVGc3koodyn7kXH0jnVGjoL1SynSguvNO5gxSp2gWVt6w9g5S70gFM7iCkU73BCxRSq3SVcEcURXFYy9QkAHvD2kazULx_5fk18cnBlGoS6fxubTb32pNxTHKTTAG-jgoIrXGoddsA1xbXyUzfcbAhL6_SgPHX1dxzHioSFoTgcdYbqjUb8xXlSH5kWHfwskCyZUqXndpfpuWqI3MYoI2L22V7HB9bHjzCvteq5MaR0OndGI0lIvXR1-Wtj6sp0MjaGawTS_SzDp09Be1o-b9guftG3lb0W30hwoKGrf47Ai1vmhSaEeubFMTruVoVkAyxP_uo_houQ4glrp40XKiltKRYI4h3g3RZHEgDkUmktxIRQT2z0IDZpBn34oLgDjNf8COsLlMSppyb8gGEENbNwAeSZralRQAEBo4z6bsgDox_znAFMqNFxhqNJIqkvkkxO/media?maxWidthPx=400&key=AIzaSyAgucJSAxcE0tpOe1l47Xy0Rw4QehRSg94,Hemstädning|Flyttstädning|Kontorsstädning|Storsstädning|Fönsterputsning,"Erbjuder hemstädning, flyttstädning, kontorsstädning, storsstädning och fönsterputsning i Uppsala med omnejd.",Uppsala,"Ekeby Städ (juridiskt namn Ekebybruk Städ och Lokalservice AB) grundades enligt egen uppgift 1995 av Ola och Karin Lindén. Sedan 2023 ingår bolaget i Reledo AB-koncernen. Observera: registeruppgifter anger 2003-08-15 som registreringsdatum för den nuvarande juridiska enheten, vilket sannolikt avser en ombildning/nyregistrering snarare än verksamhetens faktiska start 1995. Adressen i register ('Ekeby bruk 6L') skiljer sig något från den i Google-uppgifterna ('Ekeby Bruk A:21') - båda ligger inom samma industriområde (Ekeby bruk) men exakt byggnadsbeteckning kunde inte slutgiltigt avstämmas.",1995,Ola Lindén|Karin Lindén,,Aktiebolag,Ja,4.8,6,,,,,,,,https://maps.google.com/?cid=17587134517686545347,ChIJD4VUZ5TLX0YRw6u3x6kNEvQ,"Medium - website, founders, and company history confirmed, and now part of Reledo AB group since 2023. Two minor discrepancies noted: founded_year (1995 per company's own stated history) vs. 2003 legal registration date per business registry (likely reflects a re-registration, not the true founding), and a slight address variation between registry ('Ekeby bruk 6L') and the Google-provided address ('Ekeby Bruk A:21') within the same industrial estate. Phone, email, and employee count not confirmed in this pass.",https://www.ekebystad.se|https://www.allabolag.se|https://maps.google.com/?cid=17587134517686545347,2026-07-03
Hemrex Uppsala,Hemrex AB,556840-1292,Kungsgatan 111,753 18,Uppsala,,,,https://www.hemrex.se,https://www.google.com/s2/favicons?domain=hemrex.se&sz=128,https://places.googleapis.com/v1/places/ChIJZ7iC1KLJX0YRXVJ6N7VCt2g/photos/AaVGc3kEfx4Y5bnfmFEAacCzRh8OJsoXFXpmbYAuY9kPkft_nIxul7rZp8n4Ygq2IkNutRhLRdinnNE228oEFjm5urIB2AdJPt5nsOOPT1PWJWwce2T9f25swGZr6EeYj5QVAkKDshpZrgyuS-KJvhBhYV8MOs046ngXpk0CH5SJp7B6q8pkCZLTMFtJWsrEt_G8eqJ1fflcppbqyuN_GA3rkYkWXo1x5Fm_1l0f8A42n71RFtX7ESEGkxbUXw4wSv5CMtRcF7AbMcybJGf8GIUogn-n0asPcQLnowRFJhD8CLg-Qs3HrBJy-WIqCY-Trjah4suim8NGz3sGfaHkzOARPZ8rkWODaL3TX4p-JQD6cYgpThhj5yt5A4Alus7Fz4D-fXIZ_DXvWWlArw5r_6r8iM6RUXtP-6afaelSzqJcTjA/media?maxWidthPx=400&key=AIzaSyAgucJSAxcE0tpOe1l47Xy0Rw4QehRSg94,Hemstädning|Flyttstädning|Fönsterputsning|Trädgårdskötel|Hemtjänst,"Hemrex är en rikstäckande kedja som erbjuder hemstädning, flyttstädning, fönsterputsning, trädgårdskötel och hemtjänstrelaterade tjänster. Uppsala-kontoret har namngiven lokal personal (Nicolina Jarl, Louise Öhman).",Uppsala,"Hemrex Uppsala är ett lokalt kontor inom den rikstäckande kedjan Hemrex AB (grundat 2011), som erbjuder städ- och hemtjänster över hela Sverige. Uppsala-kontoret (Kungsgatan 111) har egen namngiven personal. OBS - betydande omdömeskonflikt: Google-betyget för denna specifika lokal är mycket högt (5.0, 4 recensioner), men Hemrex AB:s Uppsala-specifika profil på Reco.se visar endast 1 recension med betyg 2.0/5, markerad som 'Ej verifierat företag' med låg trovärdighet och innehållande ett klagomål om överdebitering. Företagets omdömen på riksnivå är blandade (Trustpilot ca 20-21 recensioner med både stark positiv och stark negativ sentiment; Reco.se Ystad-kontor 4.3/5 av 2694 recensioner).",2011,,58,Aktiebolag,Ja,5,4,,"Reco.se (Uppsala-profil): 2.0/5 (1 recension, ej verifierat företag)|Reco.se (Ystad/riksnivå): 4.3/5 (2694 recensioner)",,Telefon eller webbplats,,,,https://maps.google.com/?cid=7545573046769832541,ChIJZ7iC1KLJX0YRXVJ6N7VCt2g,"Medium - company, website, and Uppsala office address/staff independently confirmed. However, there is a significant discrepancy between the pre-filled Google rating (5.0, 4 reviews, copied here per instructions) and a much lower Uppsala-specific Reco.se rating (2.0/5, 1 review, marked unverified/low credibility with an overbilling complaint). Company-wide review sentiment is mixed across platforms. No genuine attributable review snippets could be included without risking a skewed impression, so review_snippets was left empty; see other_ratings and about for the full context of this conflict.",https://www.hemrex.se|https://www.reco.se|https://maps.google.com/?cid=7545573046769832541,2026-07-03
Putspolarna i Uppsala AB,Putspolarna i Uppsala AB,,Formgatan 3,752 21,Uppsala,,018-410 82 00,bokning@putspolarna.se,https://www.putspolarna.se/,https://www.google.com/s2/favicons?domain=sfuppland.se&sz=128,https://places.googleapis.com/v1/places/ChIJ8zoHmWO6IEQRS8habbhbqqo/photos/AaVGc3nL0Y_PNEiAYu9NlDVH83bqUdocISQdRi-ibtaA2yElJV5V2OEfgDIE9GTps-aJVHINvK1wKJ8shVpQXUbZ35nVyuZQBm3MLF1sPOOw4iQCiUgOfA_u5-YuR3dLTXuCjUaqBH_AvHqGUwTXOhJ4_Dxt4OxYRIkzn8a3Ockmoz76xOG4thhum8Bq4uP2mw0SQ3docC9uUjXB5yXQPZDjIVqFV1JtaW9Ru4JP3rK3-slYHMg63wFOmc8aytlUinuLTOZg35PezZ-o8hxSNIyJsmicaseOGqyClXiF6pnm0REZl_Jsdjb0FlbRdrtlmYNV9nKwv3T9OnSa0MBZBshK1SizBE34UARcO9erci0iwRnUOvjve3gD8i8lTEoEzBDrP5FZAt-Hcvnj0Ar3Zyzne_HUNU9NoJL9zXdY6mBbQ190rPuvPB8nl44lPguYhQ/media?maxWidthPx=400&key=AIzaSyAgucJSAxcE0tpOe1l47Xy0Rw4QehRSg94,Fönsterputsning|Flyttstädning|Solpanelstvätt|Årsabonnemang fönsterputs,"Fönsterputsning: Insida, utsida och karmar putsas, med RUT-avdrag direkt på fakturan, från 1150 kr.|Flyttstädning: Flyttstäd till fast pris efter bostadens storlek, godkänt enligt mäklarechecklistan, inkl. fönsterputs och balkong.|Solpanelstvätt: Rengöring som återställer effekten på solpaneler.|Årsabonnemang: Medlemskap ger fler putsningar per år till lägre pris per tillfälle.",Uppsala kommun,"Putspolarna är ett litet lokalt fönsterputsföretag i Uppsala, startat 2024 av två 18-åringar från staden som ville erbjuda personlig service och rimliga priser som alternativ till stora, opersonliga städbolag. Grundarna utför själva alla jobb och erbjuder nöjd-kund-garanti - är kunden inte helt nöjd kommer de tillbaka gratis.",2024,Två 18-åriga grundare från Uppsala (namn ej publicerade på webbplatsen),,Aktiebolag,Ja,4.9,64,,,,"Onlinebokning utan konto (60 sekunder) via putspolarna.se/boka, bekräftelse via telefon/mejl. Även abonnemang tecknas online.","Fönsterputs från 1150 kr (RUT-avdrag ingår i priset). Flyttstäd: fast pris baserat på bostadsyta (t.ex. upp till 60 kvm, 60-120 kvm, 120-200 kvm, 200+ kvm), pris visas direkt vid bokning.",,,https://maps.google.com/?cid=12297742580155336779,ChIJ8zoHmWO6IEQRS8habbhbqqo,"Medium - website and address/phone confirmed genuine match, but company is very new (2024) so org_number, employee count and founder names could not be found in any business registry (allabolag/hitta/ratsit); no attributed customer review quotes located yet despite strong 4.9 Google rating.",https://www.putspolarna.se/|https://www.putspolarna.se/om-oss|https://www.putspolarna.se/flyttstad|https://www.putspolarna.se/abonnemang|https://www.putspolarna.se/policies?tab=integritet|https://www.putspolarna.se/policies?tab=villkor,2026-07-03
Upplands Fönsterputs AB,Upplands Fönsterputs AB,559282-8080,Hallkved Skogängen 730,741 77,Uppsala,,070-995 96 26,,https://upplandsfonsterputs.se/,https://www.google.com/s2/favicons?domain=upplandsfonsterputs.se&sz=128,https://places.googleapis.com/v1/places/ChIJrZfNkjvFX0YRH_wtSG-Rnps/photos/AaVGc3kIlt6g3NBH3Drb7zcFwOpM7mnZFRUbhLiLM2KHifIW_OiQm5eAFve2cmjy14QCu51UEUJxwzY11oEaWsD50JQcqujoegKHWwRwqNuELdCaEJ7g623T1lA7brENSg9eXT23ZtmMccpSrS1R2UNhWu9M3cJKgOpLBdQjB6r7EVXVRuhhv5BZa1dC0py6RL0FxDLj7ZNqTwTUxhC-k9ydubabNWpsEC7u_OyNFYpRpxGRG4CtzBiTMSHBz0lAkgtdvikv_hZvzSZIemRunzFfqWxlX4rB-0ACbiy7Dv1eUtxJ9uF_owWPOBE9K5Gt-UvAziz8qF402N31bl3FbRrRKpyOvnDQ0w_g5evYT1cN51qW_2AbpMeqBx5rKFHRUNTwhhxGbOOvZYrG8YYkgikkANYbIFj8nzbW2fFcDwkOaFCg-4qopzxZ0V5o4oX6jC9D/media?maxWidthPx=400&key=AIzaSyAgucJSAxcE0tpOe1l47Xy0Rw4QehRSg94,Fönsterputsning|Flyttstädning|Hemstädning|Storsstädning|Kontorsstädning,Fönsterputsning: Professionell putsning av fönster för privatpersoner och företag i Uppsala med omnejd.|Flyttstädning: Grundlig flyttstädning som uppfyller mäklarnas krav vid besiktning.|Hemstädning: Regelbunden städning av hemmet anpassad efter kundens behov.|Storsstädning: Djuprengöring av hela bostaden.|Kontorsstädning: Städtjänster för företag och kontorslokaler.,Uppsala med omnejd,"Upplands Fönsterputs AB är ett aktiebolag i Uppsala som grundades 2020 av Martin Grandin, som driver företaget som ensam anställd (VD och styrelseledamot). Företaget har vuxit stadigt och omsatte 2,568 miljoner kronor 2024 med en vinstmarginal på cirka 23,6%, och har fått mycket höga betyg av kunder för fönsterputs och relaterade städtjänster.",2020,Martin Jacob Sandvej Grandin,1,Aktiebolag,Ja,5,133,"""Mycket nöjd med fönsterputsningen, professionellt utfört och trevligt bemötande."" - Ingela Håling|""Snabbt, prisvärrt och riktigt bra resultat på fönstren."" - Mattias Klint",,F-skatt|Momsregistrerad,Bokning via telefon eller webbplatsens kontaktformulär.,,,,https://maps.google.com/?cid=11213560029337484319,ChIJrZfNkjvFX0YRH_wtSG-Rnps,"High - website, registered address (Hallkved Skogängen 730) and founder identity all cross-confirmed via allabolag/hitta/syna registries; only gap is a specific logo file and detailed pricing were not found on the site.",https://upplandsfonsterputs.se/|https://www.allabolag.se/foretag/upplands-f%C3%B6nsterputs-ab/uppsala/st%C3%A4dservice/2KHTPRKI5YH6T|https://www.allabolag.se/5592828080/befattningar|https://de.syna.se/unthernemen/5592828080/upplands-fonsterputs-ab|https://www.hitta.se/verksamhet/upplands-fonsterputs-cgufcgsde,2026-07-03
Take It Easy AB – En del av Bolio AB,Take It Easy AB,559328-5686,Bäverns gränd 15B,753 19,Uppsala,,076-558 68 77,info@bolio.se,https://bolio.se/,https://www.google.com/s2/favicons?domain=bolio.se&sz=128,https://places.googleapis.com/v1/places/ChIJOWZddENM_UIRsIathpsdpUE/photos/AaVGc3mCEtA1rtlBfWBJdafRztE0OFbcj15U3oIp9Vsfgibg6X8yQRE5EKcyEerG8z0AezMJ7QEYgw22GI1nbmc8eEGZp_4eSP283aJ8cAMN9Jw49jGKP5K6wUjcknBrfmKMj2AgdhWRkvSbYAGlOThzt4y1foiOZMd0G_s3B5oNiYdIfRI_2_lAYp6n38i8la-F4adyyXn4uUVkcFJQrf_d2hvJ4zVhtfFSJAwCg5JbJLJVKE339m3kpbZf7gI6sYy16zh_6Jb27F5PupwdKwspNTIPY9CV-bnAE2OUZIxgF1YNuvsd72cbhWG4eyM9YOVkTLgdyswvEKDLzorBPSlY7TpjEVWS9mngMGXcHTgsQf45Z9B6mvqsQ7Ly9y_nulxePXzMl_kh9fDy3cFoSsghMg9XEIZJR1L7FH9Zjz-PlXABf8WyC3zItWryVUgKo3if/media?maxWidthPx=400&key=AIzaSyAgucJSAxcE0tpOe1l47Xy0Rw4QehRSg94|https://bolio.se/wp-content/uploads/2023/12/04-1024x684.jpg,Hemstädning|Storsstädning|Flyttstädning|Kontorsstädning|Vardagsomsorg,Hemstädning: Regelbunden städning som gör hemstädningen till en lätt del av vardagen.|Storsstädning: Grundlig djuprengöring av hela hemmet.|Flyttstädning: Städning inför flytt enligt mäklarnas krav.|Kontorsstädning: Städtjänster för företag och kontor.|Vardagsomsorg: Stöd i vardagen för äldre familjemedlemmar.,Uppsala,"Take It Easy AB grundades 2021 och drev tidigare fristående hemstädningsverksamhet i Uppsala med mycket goda kundomdömen. Bolagets hemstädningskunder har sedan tagits över av Bolio AB (samma ägarkrets, adress Bäverns gränd 15B), vilket bekräftats av Bolio själv i svar på kundrecensioner på Reco.se. Take It Easy AB:s ursprungliga registrerade adress är Torgny Segerstedts Allé 27B, men verksamheten marknadsförs idag under Bolio-paraplyet på Bäverns gränd 15B.",2021,,0,Aktiebolag,Ja,5,20,"""Utmärkt städning och väldigt bemötande. Starkt rekommenderad"" - Kristiana S.|""Utmärkt väl genomförd städning, glönsande rent. Dessutom trevligt bemötande."" - Anna M.|""Vi är mycket nöjda med både utfört arbete och bemötande!"" - Karin W.|""Trevligt bemötande och mycket väl utfört uppdrag"" - Monica L.","Reco.se: 4.9/5 (7 omdömen, hitta.se-listning); Bolio (som tog över hemstädningskunderna): 4.5/5 (63 omdömen på Reco.se)",F-skatt|Momsregistrerad,"Kontakt/bokning via bolio.se kontaktformulär eller telefon, då nuvarande hemstädningsdrift sker under Bolio.",,,,https://maps.google.com/?cid=4730219537439229616,ChIJOWZddENM_UIRsIathpsdpUE,"Medium - org_number and founding date confirmed via registry (hitta.se), but the registered legal address (Torgny Segerstedts Allé 27B) differs from the pre-filled Google/operational address (Bäverns gränd 15B); this is explained by Bolio AB's confirmed takeover of Take It Easy's home-cleaning customer base, but the exact current legal/operational status of Take It Easy AB as a standalone entity could not be fully verified.",https://www.hitta.se/verksamhet/take-it-easy-ab-hcqxdllrs?revealNumber=46765586877|https://www.reco.se/bolio|https://bolio.se/kontakt/|https://bolio.se/om-oss/,2026-07-03
"Bolio Uppsala - Hemstäd, flyttstäd & fönsterputs",Bolio AB,559328-4879,Bäverns gränd 15B,753 19,Uppsala,,020-34 53 45,info@bolio.se,https://bolio.se/,https://www.google.com/s2/favicons?domain=bolio.se&sz=128,https://places.googleapis.com/v1/places/ChIJ-WaUHDDNX0YR1fLRCS6DE7o/photos/AaVGc3lT1nAmKspPCFRKLAIEblrbONG2miAZhfvppqCInQaHqj0Wogx98PTEqU1bPdiMjavrMI2CUKBAnQ6fx50WrhaovtmJt0hvgAdBkv2HgAVKbzxqZWQjQ21uFMFJjDTiJ0Wlqx_S2uwntQHj9FdBiEUrwz3ADzQ8Nv4F7Ijz3rbcW-vf_DVRNATup4FMtlw3lV9So1hw8XvbAoQ3OfKX2AAHS4nW-2RJEZKZY2Mty8mIvMBUZA_KL9P76Q8dnFr2IHNvAvtyLtlqkE08wtCpEi1zTQea1UKvEHHz3i1CDEBehUrpqhrkPuhnNtiCd-TbtyHN2z6PEB-9JGGpmJUQAvb4KyZb4O7MSRDE8vYiRRZUGK3sVgnvzqjkTF1MF4LGAUp8HR90ueVn5MszhQmmgso6zlbNVgZqhhbaqUtq1PIVAA/media?maxWidthPx=400&key=AIzaSyAgucJSAxcE0tpOe1l47Xy0Rw4QehRSg94|https://bolio.se/wp-content/uploads/2023/12/04-1024x684.jpg,Hemstädning|Storsstädning|Flyttstädning|Flytthjälp|Fönsterputsning|Kontorsstädning|Vardagsomsorg,"Hemstädning: Regelbunden städning som förenklar vardagen, utförd av utbildad personal.|Storsstädning: Grundlig djuprengöring av hela bostaden.|Flyttstädning: Städning inför flytt enligt mäklarens checklista.|Flytthjälp: Praktisk hjälp vid flytt.|Fönsterputsning: Putsning som ger extra glans åt fönstren.|Kontorsstädning: Städtjänster anpassade för företag.|Vardagsomsorg: Stöd i vardagen för äldre familjemedlemmar.",Uppsala,"Bolio AB grundades 2021 och är ett städföretag i Uppsala som erbjuder ett brett utbud av tjänster från hemstädning till flytthjälp och vardagsomsorg, med fokus på kvalitet, trygghet och 100% kunduöjdhet. Bolio har samma adress (Bäverns gränd 15B) som Take It Easy AB och har enligt egen bekräftelse på Reco.se tagit över Take It Easy AB:s hemstädningskunder, vilket krävt omfattande schemaanpassningar men givit Bolio ett växande kundunderlag inom hemstädning.",2021,,1,Aktiebolag,Ja,5,13,"""Har haft hemstädning från Bolio ett antal gånger. Alltid lika fräscht och fint samt otroligt bra service. Vi är väldigt nöjda, rekommenderas starkt!"" - Reco.se-recension|""Vi hade tidigare företaget Take it easy som vi var mycket nöjda med... Nu fungerar det inte alls."" - Mariann (Reco.se, om övergångsperioden)",Reco.se: 4.5/5 (63 omdömen); hitta.se: 4.5/5 (64 omdömen),F-skatt|Momsregistrerad,"Kontaktformulär på bolio.se/kontakt eller telefon 020-34 53 45. Öppettider mån-fre 10-15, jour vid avbokning mån-fre 07-10.",,,,https://maps.google.com/?cid=13408204749368586965,ChIJ-WaUHDDNX0YR1fLRCS6DE7o,"High - website, registered address, org_number, founding date and employee count all confirmed via multiple registries (hitta.se, allabolag); relationship with Take It Easy AB independently confirmed via Bolio's own Reco.se review response.",https://bolio.se/|https://bolio.se/om-oss/|https://bolio.se/kontakt/|https://www.reco.se/bolio|https://www.hitta.se/verksamhet/bolio-ab-acssteemn|https://www.hitta.se/verksamhet/bolio-ab-acssteemn,2026-07-03
N&L Städservice AB,N&L Städservice AB,559456-3487,Bäcklösavägen 4C,756 59,Uppsala,,070-415 58 05,,https://nlstadservice.se/,https://www.google.com/s2/favicons?domain=nlstadservice.se&sz=128,https://places.googleapis.com/v1/places/ChIJezJksTTLX0YROs697a3Aj2Q/photos/AaVGc3msh1ckG4C_GeYddNJhRs6O_99a4An9jDprJWu-g5SfP1Py4pKFkAqEF67xemagUtaKocoLTbdOjTNeG9oHWCTeGColRQOuJLNQbEdBEZYF0dAG_Tt30kg6ApfUzS2hfpywl89258Qe0w-aBp_ZXgU6qI2a47iIuFAHtaOwBILycDoSnleYHzaeVe3IRLideZihzDKYWUBBGZcOB2MezjPsWx0kgopAA_hanUFpecEpMAp_CYdao_jfqIjtcUzs55PKeEXaPxY4Lm0U6ucZmKClAwewX8-04iRUmI6AFhiQJrjg60fAabmvWomSU7IT990DOuDa1-b-PTPAFQtRDJItfhgr2O2tYmh-Ihf27mlCkGIeuwVCWx4w68PbEW70Jq40MneYgJTjBx_2w1o1ZD8I8jv2hlv93ieXStsVQf0GN_8/media?maxWidthPx=400&key=AIzaSyAgucJSAxcE0tpOe1l47Xy0Rw4QehRSg94,Hemstädning|Storsstädning|Flyttstädning|Fönsterputsning|Kontorsstädning|Kostnadsfri rådgivning,Hemstädning: Återkommande städning av hemmet för att underlätta vardagen.|Storsstädning: Grundlig djuprengöring av bostaden.|Flyttstädning: Städning inför flytt med kvalitetsgaranti.|Fönsterputsning: Professionell putsning av fönster.|Kontorsstädning: Städtjänster för företag och kontorslokaler.|Kostnadsfri rådgivning: Gratis konsultation och offert innan bokning.,Uppsala,"N&L Städservice AB är ett familjeföretag i Uppsala som fokuserar på förtroende och kvalitet, grundat 2023 av Ivan Maric. Företaget har vuxit snabbt till 5 anställda med en omsättning på cirka 2,3 miljoner kronor och mycket goda nyckeltal (hög soliditet och vinstmarginal). Man använder utbildad personal och miljömärkta produkter, med ansvarsförsäkring och en nöjd-kund-garanti som innebär kostnadsfri omstädning vid missnöje.",2023,Ivan Maric,5,Aktiebolag,Ja,5,19,,"Alla Städföretag: 4.7/5 (50 omdömen, sammanslaget betyg från flera källor)",F-skatt|Momsregistrerad|Ansvarsförsäkring|Miljömärkta produkter,Kostnadsfri offert/rådgivning via webbplatsens kontaktformulär eller telefon.,,,,https://maps.google.com/?cid=7246222178712931898,ChIJezJksTTLX0YROs697a3Aj2Q,"Medium - org_number, founder, founding year, employee count and financials strongly confirmed via allabolag/ratsit matching the exact address; however phone number was sourced from a third-party directory (not the company's own site, whose subpages returned 404 on crawl) and no logo/image URLs or attributed review quotes could be located.",https://nlstadservice.se/|https://www.allabolag.se/foretag/nl-st%C3%A4dservice-ab/uppsala/st%C3%A4dservice/2KIUWTBI5YH6T|https://www.ratsit.se/5594563487-N%26L_Stadservice_AB|https://www.xn--allastdfretag-gfb6y.se/foretag/n-l-stadservice-ab,2026-07-03
Greensafe AB Städfirma Uppsala Stockholm Enköping,Greensafe AB,559061-2122,Kungsgatan 62,753 41,Uppsala,,076-196 92 47,,https://greensafe.se/,https://greensafe.se/wp-content/uploads/2025/01/greensafe-logo.svg,https://places.googleapis.com/v1/places/ChIJN8grQmdLXkYR4nAbsNnnqGQ/photos/AaVGc3kkgaXBmIXGAY522Lu05OrPJBTzETjXyk83ZCs9PCdid09B-7y7XIjx1bEe7_YNnhALeM2wB1b72hlpdyWXCJUGeYBzqAvM-gUqXrNeNJy-QBfMvfqDOgFBBG8AW0k1FqwQpphBz5pQrojwChhBCVsijrB5VLyIypkArYu_iGvrQvLHnah_IgWSFLhTzkIn52_YUUn_LYbo6MKdt9QHhJhMiz_xR-A3cSdg-i2Np9qtxSnKUaXI8zDHwuAQDEWUnX-oAzd51CAFQXGXn5UdUMqQHg7k3SCL6oJO9mKkXt1jYyHYUnnekAFy5rlTfsEUPiemads6gIPhyAWaaFRr-ffbsbMnQ1OiqOWexbTiul32ZQ4dyFaqO5z6LR7GOrcx08w7QGbTMOpQfrxHBe-i-cWjBfSLzRMvLuBqPvWJvXYEqblmEl6CShPG9NkROw/media?maxWidthPx=400&key=AIzaSyAgucJSAxcE0tpOe1l47Xy0Rw4QehRSg94|https://greensafe.se/wp-content/uploads/2025/03/Branschvinnare-svensk-2025.png,Hemstädning|Flyttstädning|Lokalvård|Hotellstädning|Receptionstjänster|Hygienteknik,Hemstädning: Professionell städning av privatbostäder.|Flyttstädning: Grundlig städning inför flytt.|Lokalvård: Löpande städning av kontor och verksamhetslokaler för företag i alla branscher.|Hotellstädning: Städtjänster anpassade för hotell.|Receptionstjänster: Bemanning och service i reception.|Hygienteknik: Helhetslösningar för hygien på arbetsplatser.,Uppsala|Enköping|Stockholm|Örsundsbro,"Greensafe AB är ett familjeföretag grundat 2016 av VD Ming Zhang, med huvudkontor i Örsundsbro och kontor även på Kungsgatan 62 i Uppsala samt verksamhet i Enköping och Stockholm. Företaget erbjuder facility- och städlösningar till kunder inom alla branscher, från stora och medelstora företag till hotell, detaljhandel och offentlig sektor, med fokus på kvalitet, hållbarhet och miljömedvetna helhetslösningar. Greensafe har cirka 18 anställda och omsatte 12,9 miljoner kronor 2025, och utsågs till Branschvinnare 2025.",2016,Ming Zhang,18,Aktiebolag,Ja,4.9,15,,,F-skatt|Momsregistrerad|Branschvinnare 2025,Kontaktformulär på greensafe.se/kontakt eller telefon 076-196 92 47.,,,https://www.linkedin.com/company/greensafesweden/,https://maps.google.com/?cid=7253302122028691682,ChIJN8grQmdLXkYR4nAbsNnnqGQ,"Medium - website, phone and the Uppsala branch address (Kungsgatan 62) are confirmed as a genuine Greensafe office via the company's own kontakt page, but the company's legally registered HQ is actually in Örsundsbro (not Uppsala); email address on the contact page is JavaScript-obfuscated and could not be captured, so it was left empty rather than guessed.",https://greensafe.se/|https://greensafe.se/kontakt/|https://www.allabolag.se/foretag/greensafe-ab/%C3%B6rsundsbro/st%C3%A4dservice/2KGI7X6I5YH6T|https://letabolag.se/foretag/greensafe-ab-559061-2122|https://branschvinnare.se/branschvinnare/greensafe-ab/,2026-07-03
Städtagen,Städtagen Uppsala AB,559103-0365,Djäknegatan 43,754 25,Uppsala,,018-15 11 85,,https://stadtagen.se/,https://stadtagen.se/wp-content/uploads/2026/01/Stadtagen_favicon-1.svg,https://places.googleapis.com/v1/places/ChIJ9aQXYmPNX0YRRxp1mdsMBHg/photos/AaVGc3k2gCWdxndGkQLpF8mlYoeBRXMy4BLJVc7XcwEpemW1XD7eM1sUIQbjm2iLKiR5q4qXtlTvHtRYy4-frznWqvCshS308tZOKB8Eat-DNRV4_W6gSyjTCOhTB6WDwEEb5QckN1BM0Y_sf-9iKWm5yN4HnJAjrVNHyXANiA2Uiw4Fu9h-3o4wOH_NC6hzVEAs9XYiKJyS7CGkXD45sE3hYwrpiLAi5ub7EmKemJo8CjtYcCaIpqXFkeDbwk9maBpU5OA1Zz2C2jCIKtfiuLRAiA4Gg5cyRpzDkZAvEi4hmmQB-wKnWLGaStpvgAv3Pm_kvJxI_AGBU6_uQ3Cu0aC_z-oJdHN5ptJoOwmTArBieO8EFfzD4ah5DLnSpcYruycrNxsrJRm1WgCfCiV5e6YsovijykzUuLMT2a13DSfJUPU/media?maxWidthPx=400&key=AIzaSyAgucJSAxcE0tpOe1l47Xy0Rw4QehRSg94|https://stadtagen.se/wp-content/uploads/2024/02/LJ7A2916-Redigera-edited.jpg,Hemstädning|Storsstädning|Flyttstädning|Kontorsstädning|Byggstädning|Trappstädning,Hemstädning: Regelbunden städning av privatbostäder i Uppsala.|Storsstädning: Grundlig djuprengöring av hela hemmet.|Flyttstädning: Städning inför flytt enligt mäklarens krav.|Kontorsstädning: Löpande städning för företag och kontor.|Byggstädning: Städning efter bygg- och renoveringsprojekt.|Trappstädning: Städning av trapphus i flerbostadshus.,Uppsala,"Städtagen grundades 2017 av erfarna företagare som själva varit missnöjda med kvaliteten hos anlitade städfirmor och ville göra det bättre. Städtagen är ett samarbetsföretag till UTE TAK (specialiserat på takarbeten i Stockholm och Uppsala) och systerbolag till Blidö Mur & Puts (fasadarbeten), vilket gör att man kan ta helhetsansvar för både bygg-, renovering- och städprojekt. Företaget har 7 anställda och erbjuder villkor enligt kollektivavtal till sin personal.",2017,,7,Aktiebolag,Ja,4.9,9,"""Mycket nöjd med städningen, professionellt och pålitligt utfört."" - Kajsa, 36 år|""Bra kommunikation och alltid rent efter besöket."" - Mikael, 49 år|""Rekommenderar starkt, städarna är noggranna och trevliga."" - Maria, 52 år",,Kollektivavtal,Kontakt via webbplatsens kontaktformulär eller telefon.,,,,https://maps.google.com/?cid=8648051321770154567,ChIJ9aQXYmPNX0YRRxp1mdsMBHg,"Medium - website content, founding story, org_number and phone confirmed via allabolag/merinfo, but the company's registered legal address is actually Stallarholmsvägen 31 in Bandhagen/Stockholm (c/o UTE Tak Stockholm AB) rather than the Uppsala address used for local operations/Google listing; founder names were not identified (only board member Hanna Hackman found in registry).",https://stadtagen.se/|https://stadtagen.se/om-oss/|https://www.allabolag.se/5591030365/stadtagen-uppsala-ab|https://www.merinfo.se/foretag/St%C3%A4dtagen-Uppsala-AB-5591030365/2kgr6n1-1msk6/styrelse-koncern|https://www.allabolag.se/5591030365/adresser,2026-07-03
Upplands Cleaning AB,Upplands Cleaning AB,559055-6386,Bredgränd 15,753 20,Uppsala,Innerstaden,018-10 20 22,,https://upplandscleaning.se/,https://www.google.com/s2/favicons?domain=upplandscleaning.se&sz=128,https://places.googleapis.com/v1/places/ChIJ1bS7AvrLX0YRIsaf9ew0i1Q/photos/AaVGc3lp8szJ0GqXLJNmxjD6cj0ImZaZ3T5-7SN9nca0OjZ3x4UNMCYnFYJtii1O8C4NYI60N6K-MVyp0Pkh_Z9kgXOZ8VUSmzhd0BjOJGgAlY0vFHGpGouki_1VPHB5JI8XSySDQyCJF8LnSBt15h3UOmsQIgVkNpeHPw0orPQv9nOeF7z9SWmbHoW2XMapH7k2dTG9kqOQkhrppEM04LxYev4XjaKh4JaXZakxrklve4dDMtFXug8AMHpsf0oQtrHWe8Ba2JwIdG447oRmAbscVnO8d6C3cIgz7ETAPLl0VJJo7KIuOhEdn-9xCF4pcwmHX0cZcJSBsJ-GVySVUIqdK4cL7NQYhRWF0FqKZo7RasPGvBL4DsehnKbvwm2LpuRqx2T_pQ1WPv3yAptmOOw_ZmKu1o6ShjL5JxMxA2qY3E7JrFlb/media?maxWidthPx=400&key=AIzaSyAgucJSAxcE0tpOe1l47Xy0Rw4QehRSg94|https://impro.usercontent.one/appid/oneComWsb/domain/upplandscleaning.se/media/upplandscleaning.se/onewebmedia/company_cleaning.jpg,Hemstädning|Målning|Reparationer,"Hemstädning: Hjälp med städning i vardagen för privatpersoner som har svårt att hinna med hushållssysslor. Målningar: Upplands Cleanings målare i Uppsala utför måleriarbeten, både små och stora projekt, alltid till 100% och på utsatt tid. Reparationer: Allmänna reparationstjänster med fokus på kundnöjdhet och förmånliga priser.",Uppsala,"Upplands Cleaning är ett Uppsalabaserat aktiebolag (registrerat 2016) som erbjuder hemstädning, målning och reparationer till privatpersoner och företag. Företaget uppger att fokus alltid har varit nöjda kunder, vilket man menar ger möjlighet att växa och anställa fler medarbetare. Enligt bolagsregistret är verksamheten även registrerad för konsultverksamhet avseende företagsorganisation samt flyttjänster.",2016,,1,Aktiebolag (AB),Okänt,5,4,,,,Telefon|E-post,,,,https://maps.google.com/?cid=6092021113286542882,ChIJ1bS7AvrLX0YRIsaf9ew0i1Q,"Medium - webbplatsen bekräftar adress och telefonnummer i Uppsala, men bolagets registrerade besöksadress hos Bolagsverket/hitta.se anges numera till Murkelvägen 20, Märsta, vilket skiljer sig från den Uppsala-adress som anges på webbplatsen och i Google-data. Ingen grundare namngiven explicit (endast styrelseledamot). E-post, RUT-status och prisinformation kunde inte verifieras.",https://upplandscleaning.se/|https://www.allabolag.se/foretag/upplands-cleaning-ab/uppsala/rekrytering/2KGH0WYI5YGT5|https://www.hitta.se/verksamhet/upplands-cleaning-ab-ctufilcqr,2026-07-03
Rozen Clean AB i Uppsala,Rozen Clean AB,559084-0467,Storgatan 27,753 31,Uppsala,Innerstaden,,kundservice@rozenclean.se,https://rozenclean.se/,https://www.google.com/s2/favicons?domain=rozenclean.se&sz=128,https://places.googleapis.com/v1/places/ChIJfc7n_KXOX0YRvO5dVxXE10Q/photos/AaVGc3kCqPgXfvJq1VHjGzYZ0Hcua2xEL7uDnxuBZ4pCEVRufdmuoPiC7-ALP55VoQa2X9iioqW9g13Ifvr8GHrHpl9wa5ihfSRj5qgV0JlmMmkDJqTrRH6I1MSPDmB07MbUYloQYsuEHekH5eDJW0fnXwqvLubshuDhcYgsoeyzh_D934hgQyPNjl_vjmyiKis1AFXv_JQlhMciz71nHcZxIIOMfEJf2YK0AQvMoPeG3JP1gJGu8MQzy2CLI9OrqhiM1HvAQyszLiWEakEm_5nShd1_nMoriMKex5upTx1QG6uXOyqTxgNZA0WKk9hwau5M2DhfnUKGL1QJZOUof99OH-c1VKjmAQ6iMb6nPDFSCzJdl_70EofjhC5XuxRwPULyI2BAPu1YDUMnHVMTRj_PwcIT6JKYZWglr2uBPxZ-_HY/media?maxWidthPx=400&key=AIzaSyAgucJSAxcE0tpOe1l47Xy0Rw4QehRSg94,Hemstädning|Flyttstädning|Storsstädning|Kontorsstädning|Fönsterputsning,"Hemstädning: Regelbunden städhjälp i hemmet anpassad efter kundens behov, med RUT-avdrag för privatpersoner. Flyttstädning: Grundlig städning inför flytt med nöjd-kund-garanti. Storsstädning: Djupgående engångsstädning av hela bostaden. Kontorsstädning: Städtjänster anpassade för företag och kontorslokaler. Fönsterputsning: Professionell fönsterputs för både privatpersoner och företag.",Uppsala|Stockholm|flera städer i Sverige,"Rozen Clean är ett städföretag med huvudkontor i Stockholm (Labradorgatan 24) som även verkar i Uppsala och flera andra svenska städer. Bolaget ingår i koncernen Ekholmsnäs Invest AB och hade 2024 cirka 69 anställda. Rozen Clean har utsetts till Gasellföretag av Dagens Industri både 2021 och 2022 för sin snabba tillväxt. Företaget erbjuder hem-, flytt-, stor- och kontorsstädning samt fönsterputs.",,,69,Aktiebolag (AB),Ja,5,3,"""Bästa städfirman jag anlitat, alltid noggranna och pålitliga"" - kund via Rozen Clean|""Proffsigt bemötande och fantastiskt resultat varje gång"" - kund via Rozen Clean",,,Webbformulär|E-post,,,,https://maps.google.com/?cid=4960649110511021756,ChIJfc7n_KXOX0YRvO5dVxXE10Q,Low - Rozen Clean har sitt registrerade huvudkontor i Stockholm (Labradorgatan 24) och den Uppsala-adress som anges i Google-data (Storgatan 27) kunde inte oberoende bekräftas via bolagets egen webbplats eller andra källor; en annan katalogtjänst anger dessutom en tredje Uppsala-adress (Gräslöksgatan 1). Telefonnummer specifikt för Uppsala-kontoret saknas. Recensionscitat är hämtade från bolagets allmänna omdömen och kan avse andra orter än Uppsala.,https://rozenclean.se/|https://rozenclean.se/kontakt|https://www.allabolag.se/foretag/rozen-clean-ab/stockholm/stadning/,2026-07-03
Städ & Fönsterputs i Uppland AB,Städ & Fönsterputs i Uppland AB,,Stångjärnsgatan 3,753 23,Uppsala,Boländerna,,,https://sfuppland.se/,https://www.google.com/s2/favicons?domain=sfuppland.se&sz=128,,Hemstädning|Fönsterputsning|Flyttstädning|Storsstädning,Hemstädning: Regelbunden städning i privata hem i Uppsala med omnejd. Fönsterputsning: Fönsterputs för både privatpersoner och företag. Flyttstädning: Städning inför flytt. Storsstädning: Grundlig engångsstädning av hela hemmet.,Uppsala,"Städ & Fönsterputs i Uppland AB är ett lokalt Uppsalaföretag som erbjuder hem-, flytt- och storsstädning samt fönsterputsning till privatpersoner och företag i Uppsala med omnejd.",,,,Aktiebolag (AB),Okänt,5,3,,,,,,,,https://maps.google.com/?cid=16461260316428749651,ChIJKda-l0_JX0YRU0v40wolcuQ,"Low - webbplatsen sfuppland.se kunde crawlas men innehöll mycket begränsad verifierbar text om tjänster/kontaktuppgifter, och sidan innehöll dessutom uppenbart irrelevant/skräppostliknande innehåll som inte hör till företaget. Org.nr, grundandeår, telefonnummer, e-post och prisinformation kunde inte hittas via registersökningar eller webbplatsen. Logotyp/bilder kunde inte säkerställas.",https://sfuppland.se/,2026-07-03
Klockrent Hemstäd Uppsala,Klockrent Städ i Uppsala AB,,Kungsängens Gård 6B,753 23,Uppsala,Kungsängen,018-4180100,klockrent@klockrent.nu,https://klockrent.nu/,https://klockrent.nu/wp-content/uploads/2017/07/loggan-tranpaarent.png,https://places.googleapis.com/v1/places/ChIJLTYpywbMX0YR-qlZD_r0CbY/photos/AaVGc3lYhQmE0a6ifKmr_Qgrn7u7EI8Dz4V-6Xg1KaVbXC10kgO5OohKsGZx-R0FphUOCuf4mkaHOOIma-sxWG1FpQamegM6X8sf4DXox8awp-SOY4PSQ-Dmf8mAsj3JY-hu8vsG4MQY7OHPOelr_z2JY3WbpWt1T4KOWdijOB8dfG1CbRgwS-TeqoNeMZxtOoj9rI3vRqxc_47NdJgdjX3Yp8pcqZnM0a6eOmuMiTursg_MkmzZwLDlvFp_KH5gKLgGRBxab9C9MPkeasNFsqz-GcP7UscvLfao36rdvvboHyW2JTAJUOYgmn19ga_9ae4EHBbt_fRnoaw2ml6Ifg-6_qV5DrGCObeXmkZdf1oWRSQyjnI8BzS6ICWQy1dIdY71jmbH5pEAsouB4N9uqQepc1FRprWh9BT2vsI96W5I6dJ9Uyxg/media?maxWidthPx=400&key=AIzaSyAgucJSAxcE0tpOe1l47Xy0Rw4QehRSg94|https://klockrent.nu/wp-content/uploads/2017/07/icon.png,Hemstäd|Storsstäd|Flyttstäd|Visningsstäd|Fönsterputs|Kontorsstäd|Bodstäd,Hemstäd: Skräddarsydd regelbunden städning i hemmet för privatpersoner. Storsstäd: Grundlig engångsstädning av hela bostaden. Flyttstäd: Städning inför flytt. Visningsstäd: Städning inför bostadsvisning. Fönsterputs: Professionell fönsterputsning. Kontorsstäd: Skräddarsydda städlösningar för företag och kontor. Bodstäd: Städning av förråd/bodutrymmen.,Uppsala,"Klockrent (Klockrent Städ i Uppsala AB) grundades sommaren 2017 av Cajsa Kenving. Företaget kallar sig ""Uppsalas klockrenaste städföretag"" och besöker alltid kunden innan första städtillfället bokas in för att skräddarsy ett upplägg utifrån kundens behov, både för privatpersoner och företag.",2017,Cajsa Kenving,,Aktiebolag (AB),Ja,4,4,,,,Webbformulär|Telefon|E-post - personligt hembesök innan bokning,"Individuell offert efter personligt möte, eftersom priset varierar beroende på hem/kontor och önskat upplägg.",,"Instagram|Facebook (länkar på webbplatsen, ej fullständiga URL:er verifierade)",https://maps.google.com/?cid=13117284744529816058,ChIJLTYpywbMX0YR-qlZD_r0CbY,"Medium - webbplats, grundare, grundandeår och kontaktuppgifter väl bekräftade. Bolagets registrerade adress hos Bolagsverket avviker (c/o redovisningsbyrå på Västra Ågatan 16) från den besöksadress (Kungsängens Gård 6B) som anges i Google-data, vilket är vanligt förekommande för svenska aktiebolag. Org.nr och exakt antal anställda kunde inte säkerställas.",https://klockrent.nu/|https://klockrent.nu/kontakt/|https://klockrent.nu/om-oss/,2026-07-03
CK Home & Garden Service,CK Hem och Trädgårdsservice,,Verkstadsgatan 10,753 23,Uppsala,Boländerna,,,https://ckservice.se/,https://www.google.com/s2/favicons?domain=ckservice.se&sz=128,,Hemstädning|Kontorsstädning|Fönsterputs,"Hemstädning: Städhjälp i hemmet utan bindande avtal eller tidsbank, med priser anpassade efter varje enskilt hushåll. Företag: Skräddarsydda städprogram för kontor och verksamheter. Fönsterputs: Fönsterputsning för både privatpersoner och företag.",Uppsala,CK Hem och Trädgårdsservice (CK Home & Garden Service) är en enskild firma som erbjuder hemstädning i Uppsala utan bindande kontrakt eller tidsbank - kunden betalar ett pris anpassat efter sitt specifikt hushåll. Företaget erbjuder även skräddarsydda städprogram för företag samt fönsterputsning.,,,,Enskild firma,Ja,4.5,2,,,,,"Individuellt anpassat pris per hushåll, inga bindande avtal eller tidsbank.",,,https://maps.google.com/?cid=9741093637288213665,ChIJu7iXIcvSX0YRobxhdg1RL4c,"Medium - webbplatsen ckservice.se bekräftar tjänsteutbud och att verksamheten är en enskild firma. Eftersom bolaget drivs som enskild firma finns inget offentligt org.nr (knutet till innehavarens personnummer) och detta fält lämnas därför tomt enligt uppgift. Grundare, telefonnummer, e-post och exakt grundandeår kunde inte verifieras. En äldre katalogpost angav en annan adress (Hyttögatan 5), men Verkstadsgatan 10 bekräftas av flera källor och matchar Google-data.",https://ckservice.se/|https://www.hitta.se/,2026-07-03
Luthagens Städ & Fönsterputs AB,Luthagens Städ & Fönsterputs AB,,Seminarieg. 29,752 16,Uppsala,Luthagen,,,,,,Hemstädning|Fönsterputs|Flyttstädning,Hemstädning: Regelbunden städning i hemmet. Fönsterputs: Fönsterputsning för privatpersoner. Flyttstädning: Städning inför flytt.,Uppsala|Luthagen,"Luthagens Städ & Fönsterputs AB är ett Uppsalabaserat städföretag med inriktning på hemstädning och fönsterputsning, med verksamhet i och kring stadsdelen Luthagen.",,,,Aktiebolag (AB),Okänt,4.5,2,"""Snabb, noggrann och trevlig städning"" - kund via omdöme på städkatalog",,,,,,,https://maps.google.com/?cid=5675374300564296382,ChIJi0C1DnfMX0YRvhKEYNv6wk4,"Low - website unconfirmed. Ingen egen webbplats kunde hittas för företaget trots omfattande sökning; endast tredjeparts kataloger (t.ex. stadningguiden.se, infoisinfo.se) och registersidor (hitta.se, krafman.se) listar bolaget. Bolagets registrerade adress (S:t Persgatan 26A) skiljer sig från den Uppsala-adress (Seminarieg. 29) som anges i Google-data. Org.nr, telefon, e-post, grundandeår och grundare kunde inte verifieras.",https://www.hitta.se/|https://www.krafman.se/,2026-07-03
Rent Hela Tiden AB,Rent Hela Tiden AB,,Bangårdsgatan 13,753 20,Uppsala,Innerstaden,,,https://renthelatiden.se/,https://www.google.com/s2/favicons?domain=renthelatiden.se&sz=128,,Hemstädning|Flyttstädning|Kontorsstädning|Fönsterputs,Hemstädning: Regelbunden städhjälp i hemmet för privatpersoner i Uppsala. Flyttstädning: Städning inför flytt. Kontorsstädning: Städtjänster för företag. Fönsterputs: Fönsterputsning för privatpersoner och företag.,Uppsala,"Rent Hela Tiden AB är ett städföretag verksamt i Uppsala som erbjuder hem-, flytt- och kontorsstädning samt fönsterputsning till privatpersoner och företag.",,,,Aktiebolag (AB),Okänt,5,2,,,,,,,,https://maps.google.com/?cid=17478630888591902313,ChIJe88VXsvLX0YRacaw-i-SkPI,"Medium - registret (SYNA) bekräftar Google-adressen (Bangårdsgatan 13) exakt, men bolagets egen webbplats anger en helt annan kontaktadress (Ekeby bruk 2N), vilket tyder på en flytt i endera riktningen som inte kunnat klarläggas. Org.nr, styrelsemedlemmarnas exakta roller (Farhadi Saeed, Parisa I. Jammeh identifierade men ej bekräftade som grundare), telefon, e-post och grundandeår kunde inte säkerställas.",https://renthelatiden.se/|https://www.syna.se/,2026-07-03
Malmö Maids and Home Services AB,Malmö Maids and Home Services AB,559231-8322,Mobäcksgatan,,Malmö,Malmö,,,https://malmomaids.se/,https://malmomaids.se/wp-content/uploads/2022/11/cropped-cropped-logo.webp,https://places.googleapis.com/v1/places/ChIJdYQ2_mOhU0YRUihhLUUlurg/photos/AWCwydi7td10L8ywJZ2PCbUFPSJj6KM8dTpaKX_fVqAYwaec9m4rnsClkOeq_cR-t9TW2UI5QypVbr2I8oE11lKgk7FtExCRf4ry3jwzhMdi_eDxktUJySnrsomcYIGOhV-nhraXF8i_O1f2n2TI3Hc9bOaNzK3KTdTtn4fRD6nVbOn0SvcmTTiHfLV1Adbg96ATN5gdd-Ccq8Na724_K3uy41ZN4SnsNwHQ26GPCu4YsIoGLq_Yfmg1A3E1_yU9MOdU98y5dx7xttVAV5TYMahcTJVDu1B3Wxm-ZiIz8DhaxjZm-XiQ7hdqDJCo9rgpx5CtyScLQgcp8xmtMqTR41AoUJ-yqQQdnJ0btqNg-oOEgAnEaj0Dn7bh0T-j0UemoA911kjZGefI_0vlo_nCGVk9td5IV_CHMN7JZTGojzhP9_DUE4IFBx1kETjbN1Ddno6b/media?maxWidthPx=400&key=AIzaSyAgucJSAxcE0tpOe1l47Xy0Rw4QehRSg94,Hemstädning|Kontorsstädning|Flyttstädning|Storstädning|Barnpassning (systerbolag),"Städbolag i Malmö som utför hemstädning, kontorsstädning och andra lokaler i hela Skåne; samarbetar med systerbolagen Storliten och NannyDirekt för barnpassning.",Malmö|Skåne,"Malmö Maids and Home Services AB är ett städbolag i Malmö som enligt egen marknadsföring är 'den bästa städfirman i Malmö enligt Google'. Fokus på personalvälbefinnande (friskvårdsbidrag, gratis busskort, tjänstepension) som en del av kvalitetsstrategin.",,,18,Aktiebolag,Ja,4.9,140,,,,Webbformulär/telefon,,,,https://maps.google.com/?cid=13310992627691235410&g_mp=Cidnb29nbGUubWFwcy5wbGFjZXMudjEuUGxhY2VzLlNlYXJjaFRleHQQAhgEIAA,ChIJdYQ2_mOhU0YRUihhLUUlurg,Medium — saknar telefon/e-post och exakt postnummer; org.nr och anställdatal verifierat via Allabolag,https://malmomaids.se/|https://www.allabolag.se/foretag/malm%C3%B6-maids-and-home-services-ab/malm%C3%B6/st%C3%A4dservice/2KHISFMI5YH6T,2026-07-04
Hemfrid,Hemfrid i Sverige AB,556549-6161,,,Malmö,Malmö,0770-11 22 33,,https://www.hemfrid.se/,https://www.google.com/s2/favicons?domain=hemfrid.se&sz=128,https://places.googleapis.com/v1/places/ChIJNc0_7v6jU0YRpiwXRoZHLKI/photos/AWCwydgs8LfqjWa8OzXJEmGQuvoZVy4F64QyqmX0opRI7RZPXWDaDsxvsIZn618Nqsh9nXyB9ot4PLkZU9TutysqC_3ikiGT_Nx5x9FgXuj3Cz4tsGXVLlj2ub0Nweg6etfCGAyO04DjnxjY8XBThI5v4LJ_-cj4DrJKSLHrcMG5o7rbsV9x-hQuQ6tff_CJOVTPH1pPy-6fugUuNPrM5RPJZ-gPPh32IBszzBiZEAJdfAuJXNE5Q0cTrZpV4eep8buC_mHN6wmwBOhYqrbtf1CvfWQ1xVbdxt2PPfjYDMDXElZTVBX2Ch933HO9fOBFNdHEbsc0ZOC54CK7yCfCN5DYhxvbkgpHUrzrKTxD_LM34hqbTVS7HDJf0Rfgb0r4nlRuR6BMurxnkrMGCoVWmS9knagizSqKlU5nO1XVN7GuC9ztzw/media?maxWidthPx=400&key=AIzaSyAgucJSAxcE0tpOe1l47Xy0Rw4QehRSg94,Hemstädning|Flyttstädning|Fönsterputsning|Storstädning|Barnpassning|Äldreomsorg,Rikstäckande hushållsnära tjänster-koncern med lokal verksamhet i Malmö; hemstädning på abonnemang samt engångsstädningar och flyttstäd.,Malmö|Skåne|Rikstäckande,"Hemfrid är Sveriges största aktör inom hushållsnära tjänster, grundat 1996, med rikstäckande verksamhet inklusive Malmö. Erbjuder städning, barnpassning och omsorgstjänster.",1996,,1000+ (rikstäckande),Aktiebolag,Ja,4.3,300,,Reco 4.7,,Webbplats/app/telefon,,Svenska|Engelska,,https://maps.google.com/?cid=11685793775146708134&g_mp=Cidnb29nbGUubWFwcy5wbGFjZXMudjEuUGxhY2VzLlNlYXJjaFRleHQQAhgEIAA,ChIJNc0_7v6jU0YRpiwXRoZHLKI,"Medium — nationellt bolag utan Malmö-specifik adress; siffror avser hela koncernen, inte enbart Malmö-kontoret",https://www.hemfrid.se/,2026-07-04
WilFix,WilFix AB,559446-8869,Västra Varvsgatan 43 Lgh 1002,211 14,Malmö,Västra Hamnen,,,https://wilfix.se/,https://wilfix.se/logo2.png,https://places.googleapis.com/v1/places/ChIJwxAGRov1_4sRZs2kmSJ9gq8/photos/AWCwydi6bhRXGCvGPbYvThmZZs8ESW2Tb3fu3PFxYeQLggToF-CTZ0c9n6zsB8DyCy9W3cRSxQK4xQOiNXE5ymhW7fITBIAxddgZoi6rX4l-d6Dbc5DOpaL3LU7nMqOuTOTwk7oFms4KAIFJEtwFHf13rITdqqkVf0AA6vxXPqXZWNE0-8mhoJ6j-PilPDTSiwb1btwW-BH-Xj2xdMvbQX0O96xMNPPicyhjmikCfolWlDHzFCFIn05I-J-yzo46XOsjt9Pjq8YTvahg1DJm8PBtd-JIyk_z942MC4-sSWyDPmGZq5YDP4OfofI0gmgbpurZ7vl9lzHYP7stBCzq1GFYaVXrskwibJOloZ9fZvs2-L1W3rmDqqo76no3OXLkF7sW87f2ZDJX_P_mrLBFzKrdPHyDNErsY9w2B9v0nQCh8Dl52a1_yfx3BtbEIyqZTE67/media?maxWidthPx=400&key=AIzaSyAgucJSAxcE0tpOe1l47Xy0Rw4QehRSg94,Städning|Tvätt|Strykning|Fönsterputs|Trädgårdsarbete|Flytthjälp|Barnpassning,"Hushållsnära tjänster i Malmöområdet inklusive städning, tvätt/strykning, fönsterputs, trädgårdsarbete, flytthjälp och barnpassning.",Malmö,"WilFix AB tillhandahåller ett brett utbud av hushållsnära tjänster i Malmö, registrerat 2023.",2023,,3,Aktiebolag,Ja,,,,,,Webbplats,,,,https://maps.google.com/?cid=12646808291169848678&g_mp=Cidnb29nbGUubWFwcy5wbGFjZXMudjEuUGxhY2VzLlNlYXJjaFRleHQQAhgEIAA,ChIJwxAGRov1_4sRZs2kmSJ9gq8,"Medium — saknar telefon/e-post och Google-betyg; org.nr, adress och tjänsteutbud verifierat",https://www.allabolag.se/foretag/wilfix-ab/malm%C3%B6/st%C3%A4dservice/2KISVT1I5YH6T|https://wilfix.se/terms,2026-07-04
SeBra Fönsterputs,Sebra Fönsterputs,821120-XXXX,Mellanhedsgatan 26A Lgh 1125,217 73,Malmö,Väster,070-543 21 06,axel@sebraservice.se,https://sebraservice.se/,https://sebraservice.se/wp-content/uploads/2025/12/SeBra_Fonsterputs_logga_vit.png,https://places.googleapis.com/v1/places/ChIJC0JQw6qhU0YRJ1S6jSI0Yh8/photos/AWCwydjAy5yQEF-ruG-lY2KhChag_dCyIPhM_C_doJivOjT8S1KVZImuGfGkHqFNgD8YhY9pyiEpJhuipd5dADT-HXlKg8uAsWeyOsjd4rhu3GCuPJuXVeToCanwPmvHifJIlBg8C6Ir0sw0-soG3w5_6TxcBq3dQrdnY8RaHV5BeVFZvh4LGt9YpVdsmxql3s_8VFRnKG8y4z-gpWb6G4Om9QZekc1sGJ6cau9zcgG7ZRlP3s6aoNBtXUYq9D-EGFcoXH3jGCC7A874yJ--xS_Buo08pDTTHX0SnMPsckPCC4mrAM-FSGne3zJWhl1zrmCpZBvCPwor4PUIi6_yTsEiCHup0UldlD-IL_lLnp_e-rCjsFMyrzpwy0C7XIqk_VvalWu9qvFuV_o8HQFp95vyxXW2Sv63da226zAyZlaKL8VqZg/media?maxWidthPx=400&key=AIzaSyAgucJSAxcE0tpOe1l47Xy0Rw4QehRSg94,Fönsterputs|Högtryckstvätt|Abonnemang (privat och företag),"Enskild firma som utför all fönsterputs personligen; erbjuder privat- och företagstjänster samt abonnemang, med snabb service och full försäkring.",Malmö,"Sebra Fönsterputs drivs av Axel Elison (enligt sajtens presentation) som utför allt arbete själv med fokus på personlig service och noggrannhet. Enskild firma registrerad 2019, innehavare enligt registerdata Björn Erik Krafft.",2019,,1,Enskild firma,Ja,,,,,Fullt försäkrad,Telefon/e-post/offertformulär,Kostnadsfri offert,,,https://maps.google.com/?cid=2261427285904741415&g_mp=Cidnb29nbGUubWFwcy5wbGFjZXMudjEuUGxhY2VzLlNlYXJjaFRleHQQAhgEIAA,ChIJC0JQw6qhU0YRJ1S6jSI0Yh8,"Low — motstridiga uppgifter: webbplatsen anger innehavarnamn Axel Elison och adress i Onsala, medan registret (Krafman) anger innehavare Björn Erik Krafft och postadress Mellanhedsgatan 26A, Malmö; org.nr ofullständigt maskerat i källa (821120-XXXX)",https://sebraservice.se/|https://krafman.se/sebra-fonsterputs/821120xxxx/oreawtae/sammanfattning,2026-07-04
Nord Clean,Nord Clean,760607-5740,Stadiongatan 65,217 62,Malmö,Sofielund/Stadion,072-010 08 77,,https://stadningguiden.se/skane/malmo/nord-clean-hemstadning-flyttstadning-kontorsstadning-malmo/,https://www.google.com/s2/favicons?domain=nordclean.se&sz=128,https://places.googleapis.com/v1/places/ChIJ4Y1aLTCnU0YRiYmR8yde5zU/photos/AWCwydgnNsKYgvtOz1Ugv2BX7zLa8mzjPYyHwjdfpqKuxerEisHKDaECgmWvedwHaKI18IlcREJ9aChtKktmkUFL6yl-cCPDgkDdJE_F3NHgrBlzN9tgQG4DI1wkzsxUy-zUmboCPZV_3xiCLfwCE3psFYppXXbpd3B65iSLUSbFK3tIiiB4Xjxu4DmlAXJ8_puyZxJQnjeOKoMHqXn8_hpk-KUtfI0jvIB3o6fACzSDfMa8QprFrUF12-sBzwuaBgxke9LZsocLzc13bzhlhK1xDSWGM6JIS4wsaoyRbIakBTUj7hVOQFgnlT8beIS0_CsNqsa5Ff7lDrsodvbibPi4RRK7QeNl5NWaKZlIYSjxfrI0fo8v3jO3ki9YJ5-LYdHP1XIMafHoitk90BCghTWdUPeaQkfx47_NiAIVlRxXEu8RfJiAk-_W9rwLAetk4qQI/media?maxWidthPx=400&key=AIzaSyAgucJSAxcE0tpOe1l47Xy0Rw4QehRSg94,Hemstädning|Flyttstädning|Kontorsstädning|Djuprengöring|Fönstertvätt|Golvrengöring,"Fullservice städföretag i Malmö med hemstädning, företagsstädning, djuprengöring, flyttstädning, fönstertvätt och golvrengöring.",Malmö,Nord Clean är ett städföretag i Malmö med ett komplett utbud av städtjänster för privatpersoner och företag.,,,,,Ja,,,,,,Telefon,,,,https://maps.google.com/?cid=3884176729313479049&g_mp=Cidnb29nbGUubWFwcy5wbGFjZXMudjEuUGxhY2VzLlNlYXJjaFRleHQQAhgEIAA,ChIJ4Y1aLTCnU0YRiYmR8yde5zU,"Low — legal_form/founded_year saknas; ingen dedikerad officiell webbplats hittad, endast katalogsida och directory-listning verifierar org.nr/telefon",https://stadningguiden.se/skane/malmo/nord-clean-hemstadning-flyttstadning-kontorsstadning-malmo/|https://www.xn--allastdfretag-gfb6y.se/foretag/nord-clean-088086,2026-07-04
Scandiclean,Scandiclean AB,559389-2713,Hålsjögatan 3A,217 66,Malmö,Malmö,079-353 24 66,,https://www.scandiclean.se/,https://www.google.com/s2/favicons?domain=scandiclean.se&sz=128,https://places.googleapis.com/v1/places/ChIJ9-qeDaNvlqkRp61YoRQNlnQ/photos/AWCwydhgohxaevE6SnCv4tiNGZgGhWDOn6lbyef33IvOvF9K7uaJCqc2HjKFTxm-5iDreazqvGHJFelmiG07qPnDpR7ZqmBlzFZY3GGjyT44EEB44YCu0LEPMV-z6CoKRhmuT0QHLWSd9mgmudmaNyyLB9FqduU4MNpUfFeUBJNAFuPgeayZjTmHDTaUehUx41rg0edosihWOwVaJ8eGsv4aS5vP4HrQy70FmeiYgISyWJyFUpwVIqofGJExTuZgcqILIZAu0u26qoFEU-FubaOdlkfbsHr-WJsbUFdfj1KbmDfW_CVOtrYlDUEqsJTnxYw2K37iiDMkWZhdgcg-BOwzbL056RTAO1KBYVY2t_T_vB3riVj9JvpSczW2wlcADuwxwknZYkmE1OZBjQg8acd8dHoQMiJ5iW0oqfyMKbxQt0fZFnMB/media?maxWidthPx=400&key=AIzaSyAgucJSAxcE0tpOe1l47Xy0Rw4QehRSg94,Flyttstädning|Städning,Flyttstädning i hela Skåne med garanti för fläckfritt resultat efter flytt.,Skåne,Scandiclean AB garanterar fläckfritt hem efter flytt och erbjuder professionell flyttstädning i hela Skåne. Aktiebolag aktivt sedan 2022.,2022,Shaquille Kareem Imran Showe,0 (registrerat),Aktiebolag,Ja,,,,,F-skatt|Momsregistrerad,Telefon/webbplats,,,,https://maps.google.com/?cid=8400916537163689383&g_mp=Cidnb29nbGUubWFwcy5wbGFjZXMudjEuUGxhY2VzLlNlYXJjaFRleHQQAhgEIAA,ChIJ9-qeDaNvlqkRp61YoRQNlnQ,"Low — omsättning endast 19 tkr och 0 anställda registrerat (mycket litet bolag), tyder på nystartad/begränsad verksamhet",https://www.scandiclean.se/|https://www.hitta.se/verksamhet/scandiclean-ab-fapyfhcst,2026-07-04
Malmö Städ,Malmö Städ,,Krusegatan 54,212 25,Malmö,Möllevången/Sofielund,,,https://xn--malmstd-bxa3n.se/,http://xn--malmstd-bxa3n.se/wp-content/uploads/2018/05/logo_malmostad_s.png,https://places.googleapis.com/v1/places/ChIJSd21TcqjU0YRdl4RYLUMbgc/photos/AWCwydgS7KPEG8-oAsMIyS3vy33wqfYu9dkdmK0IiHkKPOifpkf7Zw4Dr5dslrcd81WFoCDAHtLpbi7yyu8iuvHWKavXbLHPGAvLLuL42MH_m2LsKz6MLrVWUL-7U5Nxawz7P7YKFrc0GOluRV2LhGZmE2UYAPwUWeQGQkfAhuJ3Pe7dwIXowBK_GmPXGcsljABjQc3t9wl6tW9I3eQ_Pg-TO57iloBzDqaZQFiKnSJST6nHXxjEcxvyKh-kTwGh5CM_hd-VS9Iqhr_heSL_Rotnifp2krxUXB1vxznOrIcyTnw1-lO4MdrQRO7GgELcF-bPScx3HhoszkpisKf0tWInz3BHZz3olg3nOAB3uIXjMGrxIEtMbdDliUyBrz4PxbTHiE6HZGYvQTigcjF1cUWscEczyAr1Jnjb_fCyuh9zVRXHbQ/media?maxWidthPx=400&key=AIzaSyAgucJSAxcE0tpOe1l47Xy0Rw4QehRSg94,Hemstädning|Flyttstädning|Kontorsstädning|Trädgårdstjänster (systerbolag),Familjeföretag med fokus på kundrelationer; samarbetar med systerbolag Lund Städ (Lund) och Malmö Mark & Miljö (trädgård).,Malmö|Lund (via systerbolag),"Malmö Städ är ett meriterat familjeföretag i Malmö, aktivt sedan 1989 enligt bolagets egen historik, känt för lyhördhet och kundfokus.",1989,,10,,Ja,,,,,,Webbplats,,,,https://maps.google.com/?cid=535379378844032630&g_mp=Cidnb29nbGUubWFwcy5wbGFjZXMudjEuUGxhY2VzLlNlYXJjaFRleHQQAhgEIAA,ChIJSd21TcqjU0YRdl4RYLUMbgc,Low — inget organisationsnummer hittat trots sökning (varken på webbplatsen eller Allabolag); kan vara enskild firma eller registrerad under annat namn,https://xn--malmstd-bxa3n.se/,2026-07-04
Totalstäd i Malmö,Totalstäd i Malmö AB,559020-5349,,,Malmö,Bunkeflostrand,040-617 07 66,,https://www.bolagsfakta.se/5590205349-Totalstad_i_Malmo_AB,https://www.google.com/s2/favicons?domain=bolagsfakta.se&sz=128,https://places.googleapis.com/v1/places/ChIJU64xz0ihU0YR6XYpR-U0-CE/photos/AWCwydghssFkTlng3MJ_MrR1kN3VwNkvmni39UDRoSQvnaAufz6rp8Fa2IzEchwbD0Kur9u1LPQMjDZ-DcBBZ5jLUIz8MhjLqo9EnLZ7QlS-I55DmWzPXzIQ71zvPrq5H22moKGSL7Cm3ZOCmqicadk8u5jugmFFrRrYEAdf0Y77m3mr35laAEsPehzlDEepF8RoiZP1lRj52zvOv5cEIzrB5NT8hVUxD6BvXhoAyuOWsZ0bd_bW5yuFS0NFEeyzxNRoxaYRymoVDH0laOJkBqtsAro4w702_eeBEgpBfJ6jELC1KwEYIbd2E5rJGttV-wCYIGeXOYH38Avo4i_Ce3fQZnkaQxPEZjZEWBzlv20YDgsse-gz3SgqzKJxFDw1KND9pWYkGXhCpYmggalPDOLddsACRObKqrn7V2J2kyIX54Cecg/media?maxWidthPx=400&key=AIzaSyAgucJSAxcE0tpOe1l47Xy0Rw4QehRSg94,Städning,"Städföretag med säte i Bunkeflostrand, Malmö.",Malmö,"Totalstäd i Malmö AB är ett aktiebolag registrerat 2015 med säte i Bunkeflostrand, Malmö.",2015,,4,Aktiebolag,Ja,,,,,,Telefon,,,,https://maps.google.com/?cid=2447764556821919465&g_mp=Cidnb29nbGUubWFwcy5wbGFjZXMudjEuUGxhY2VzLlNlYXJjaFRleHQQAhgEIAA,ChIJU64xz0ihU0YR6XYpR-U0-CE,"Low — ingen egen webbplats hittad, endast registerdata (bolagsfakta/allabolag); tjänsteutbud och adress ej specificerat i detalj",https://www.bolagsfakta.se/5590205349-Totalstad_i_Malmo_AB|https://www.allabolag.se/foretag/totalst%C3%A4d-i-malm%C3%B6-ab/bunkeflostrand/st%C3%A4dservice/2KG9I1XI5YH6T,2026-07-04
HCH/Home Clean Home,HCH/Home Clean Home AB,559472-5946,Rosengrens Gata 23,216 44,Malmö,Limhamn,0733 42 14 27,info@homecleanhome.se,https://homecleanhome.se/,https://www.google.com/s2/favicons?domain=homecleanhome.se&sz=128,https://places.googleapis.com/v1/places/ChIJV7YDZr-nU0YR2SOBCF4LAfY/photos/AWCwydhW6OWyIuaX1pyTb4jWjajN3ZjNatbnbhSwyQpk9Ecvs_7Jjq1jLztMjuWTztRcHwKlytR4ZXUtEvednDYqdrEMEXrZqeZngW8SeTp4-QeDF-Ex-QwqBYlIeROX2XDfBL3uHLbcMxvL8k8CTC3jA3nGkbtEqQNhiS_V8plw98QvGRIisll3pboPBUWH2v39yicURWe162xL2oaK7y2AKDO2R0T3C7_Eki8ipEOD80y5wMjb-lO1RbUfRbOog_YaAf5oFQ1dSrFdJ5fgEjfIZCasnJmKszLx58lkPpp-DQFEvsVN1c5BreNrrYOgW7fS_lb-u-T8stlMGC8Y_iDfIii8pymwJ-ofySHQ3FeGT4O8ms0f1GgIGMa5DjXEcNSMM1XDTc_twHB8bhnz-Jy3t4wyEGxXlpw9fOHpD8US280AqGkW/media?maxWidthPx=400&key=AIzaSyAgucJSAxcE0tpOe1l47Xy0Rw4QehRSg94,Hemstädning|Kontorsstädning|Flyttstädning|Störstädning,"Städfirma baserad i Limhamn, Malmö, med städtjänster för hem och företag.",Malmö|Limhamn,"HCH/Home Clean Home AB är ett växande städbolag i Limhamn, Malmö, registrerat 2024, med god omsättningstillväxt (+36,9% 2024-2025).",2024,Valentina Cvjetinovic,2,Aktiebolag,Ja,,,,,F-skatt|Momsregistrerad,E-post/telefon,,,,https://maps.google.com/?cid=17726462106804495321&g_mp=Cidnb29nbGUubWFwcy5wbGFjZXMudjEuUGxhY2VzLlNlYXJjaFRleHQQAhgEIAA,ChIJV7YDZr-nU0YR2SOBCF4LAfY,"Medium — kontaktuppgifter, adress och registerdata (SYNA) verifierade och samstämmiga; saknar Google-betyg",https://homecleanhome.se/|https://upplysningar.syna.se/foretag/5594725946/hch-home-clean-home-ab,2026-07-04
Städ Company Skåne,Städ Company Skåne,,Västanväg 47B,216 13,Malmö,Limhamn,070-039 00 71,info@stadcompanyskane.se,https://www.stadcompanyskane.se/,https://www.google.com/s2/favicons?domain=stadcompanyskane.se&sz=128,https://places.googleapis.com/v1/places/ChIJ5yKFNmf7zioRTL7T_h0zfNg/photos/AWCwydiu_l3EURJ4tlU119hKFofARyxKXll8A1roIHu5Kg6o5ua2c6Hieqi7EBOZPNDgneHh3V7Ymhpk3PHdAGF2gm2PfPPoRygJgGRPlcdgCPi1p76JLnyQtjbHsiuZBQHalzIiyT44AGrlWcMzQvZQVu25jSia_I2IOoiltznO5a2N_WuEvzokYUV2THPsdUx2AmKy4FQs1E9hRRpAauLz0TQz6tsfABdUBaznTfVJfF2coSNHnMfVIv3rtx28-NR7lCRtOCw1cG2q69tw51-t36TbT0xTvD7SRNS91Ei1tR5WGi0P95wLvT4SEA5hs_8BGeWO-pMWTbNzE4ejXXBwWhOLT-Z4nIrhhJiX9koGAlma-MxTwWPhH-pk7mwe76cH4WzmoGKbTR-bT9R0_KLiLDiqIKnd3790ZG9wK6eXkU0/media?maxWidthPx=400&key=AIzaSyAgucJSAxcE0tpOe1l47Xy0Rw4QehRSg94,Flyttstädning|Hemstädning|Storstädning|Trappstädning|Kontorsstädning,Städtjänster skräddarsydda efter kundens behov; personal med över 15 års branscherfarenhet.,Malmö|Limhamn,"Städ Company Skåne är ett städföretag med lång branscherfarenhet baserat i Limhamn, Malmö, som erbjuder skräddarsydda städlösningar.",,,,,Ja,,,,,,Telefon/e-post,,,,https://maps.google.com/?cid=15599399413226913356&g_mp=Cidnb29nbGUubWFwcy5wbGFjZXMudjEuUGxhY2VzLlNlYXJjaFRleHQQAhgEIAA,ChIJ5yKFNmf7zioRTL7T_h0zfNg,Low — inget organisationsnummer verifierat (ej entydigt matchat mot registerdata); grundläggande kontaktinfo verifierad direkt från egen webbplats,https://www.stadcompanyskane.se/om-oss/,2026-07-04
Carl-Alfreds,Carl-Alfreds AB,,,,Malmö,Malmö,040-49 35 00,info@carlalfreds.se,https://carlalfreds.se/,https://carlalfreds.se/wp-content/uploads/2025/09/carlalfreds.png,https://places.googleapis.com/v1/places/ChIJg1LpSQOnU0YR3b1rY7aYiHo/photos/AWCwydia0Ih87Wb8BrEZIY9Dp4NSmv9TFyrygtKG4eI9EbpHK7OmbCrMwJUF3RD1wZycFPVrHmdsj085Jzfh97a0H5h7eJqIC27R5ccAabVJsl89NLXa10FPiQReu6WidWpBOgdhRi7pneHKZ-Zedi471E_cegiw2k7MF95Let6EugkheK3aXPXQWH1sIrbpsSq6iWtwikDnPyE2Qq7M2jP9fVWQdtyEuhCil6gG8z4ujrihk3rI7Jl1QSz10JmWzbTGT81io1xKbaQ1pLa6T_H-HGZcx39ZCqnsGuvbKSMt1NVadtbTd76MLHirlNJV51Ho4F4RkV6TMbmIj0Om-PGcEKzbDqtlarDOOgELaRVjmPf2sZhtYT5B4wEp-lzH0iaWiSYUarf5QXBMsY4Imfu8F4k3DPRNK8nBbxzJUOYohlxUMj_JMiozAXggeUnKchvg/media?maxWidthPx=400&key=AIzaSyAgucJSAxcE0tpOe1l47Xy0Rw4QehRSg94,Taktvätt|Fasadtvätt|Marktvätt|Algbekämpning|Spindelsanering|Fönsterputs|Altantvätt,"Specialiserat på miljövänlig specialrengöring: tak-, fasad- och marktvätt, algbekämpning och fönsterputs för både privatpersoner och företag.",Malmö|Skåne,"Carl-Alfreds AB har sina rötter i ett av Malmös första specialrengöringsföretag, med över 75 års samlad erfarenhet och internationell expertis inom miljövänlig specialrengöring.",,,,Aktiebolag,Okänd,,,,,,Offertformulär/telefon,Kostnadsfri offert,,,https://maps.google.com/?cid=8829474978579332573&g_mp=Cidnb29nbGUubWFwcy5wbGFjZXMudjEuUGxhY2VzLlNlYXJjaFRleHQQAhgEIAA,ChIJg1LpSQOnU0YR3b1rY7aYiHo,"Low — nischat mot fasad/tak/fönster snarare än traditionell hem-/kontorsstädning; org.nr och exakt adress ej hittade, grundningsår ej specificerat (endast '75 års samlad erfarenhet' i marknadsföringstext)",https://carlalfreds.se/|https://carlalfreds.se/kontakt/,2026-07-04
Gilbert Ecological Cleaning,Gilbert Ecological Cleaning AB,556933-9335,Hyllie Vattenparksgatan 36 B,215 36,Malmö,Hyllie,070-787 75 36,,https://gecleaning.se/,https://i0.wp.com/gecleaning.se/wp-content/uploads/2023/08/512x512_favicon2.png,https://places.googleapis.com/v1/places/ChIJXVaHra-hU0YRUNTGNC-xCYE/photos/AWCwydixNvH8M-p22-3erVgDOAiAbCidgNliUT3KcOfY-GJhiNgDJypKc1-_sz8jKS8DMSz4XXhlZesVoBQTprVCNJAp93nq4y3SH6n0ulFyNUXom4tXlJKm_us39gLyBuFCszl4W98z-jtpQgVTYeWuz0qcdxLViLQ76BeW4dLYBejB5NJCYtD_oN_6diAV8LN4LCC_wrxL6TdqCAsuGXVK71IKruF-kjFiyGJXepDmhQ_vYMV1bAaIysqi0eWJJL0PLrB8hexFKUYnAPBspycfiKuMkTnr-3DxeikWLXcNOq-IT5tA-rJDOLu75tHC1xJmEoREl7WCjuvt0ue7fbUOguSdl85xl4eG-xm7_VBoTXyN3FfR8PF7RyjDJkoOAUI8S1uXcZQ6ZNMjXTZKFtr7oH6DJc67DIjaxishJWsgxJ16T319/media?maxWidthPx=400&key=AIzaSyAgucJSAxcE0tpOe1l47Xy0Rw4QehRSg94,Kommersiell städning|Bostadsstädning|Flyttstädning|Fönsterputsning|Trappstädning|Snöbortagning|Byggstädning,"Ekologiskt inriktad städfirma i Hyllie, Malmö, som erbjuder kommersiell städning (butiker, kontor, gallerior), bostadsstädning och flyttstädning samt fönsterputs, trappstäd, snöröjning och byggstäd.",Malmö|Hyllie,"Gilbert Ecological Cleaning AB är ett städföretag i Malmö vars affärsidé växte fram ur ett brinnande intresse för miljö och hållbarhet, grundat 2013.",2013,Eric Clarke,1-4,Aktiebolag,Ja,,,,,Miljöprofilerad,Webbformulär,,,,https://maps.google.com/?cid=9298157721990124624&g_mp=Cidnb29nbGUubWFwcy5wbGFjZXMudjEuUGxhY2VzLlNlYXJjaFRleHQQAhgEIAA,ChIJXVaHra-hU0YRUNTGNC-xCYE,"Medium — org.nr, adress och grundningsår väl verifierade via bolagets egen sajt och Ratsit; saknar e-post och Google-betyg",https://gecleaning.se/|https://www.ratsit.se/5569339335-Gilbert_Ecological_Cleaning_AB,2026-07-04
Grön Kraft Städservice,Grön Kraft Städ+Service AB,556588-1454,,,Malmö,Malmö,,,,https://www.google.com/s2/favicons?domain=allabolag.se&sz=128,https://places.googleapis.com/v1/places/ChIJ8T6MWmujU0YRxfUTKp28u3M/photos/AWCwydjJvLy9soFuh67pDGeBvgR6TmPk46fVJHq-XrDF3ZBiwipyB98CAR-csf-M0Hd49JaCi91q6mVTvKl0563g1d5QckASSVKK7js_MX5I1RKdrxAPjlMBD6PvUTimE_EIzIOZHjCoSPKkABlVfhmXe_G2lFN97glovNOx8WO4wQ7bwmDeUwfWGdL4ueFYOoVygEtpTSWm3W9QKqiqD8TYZX2AhyiTfzoghUZtcXDUiblDaCOXZn37l642To-yTlMYelth34hhdY1tpntSZvlpkPyPjIWuXx79JWYSoTwNJnWM27ghGjkPkLAsigIuC-vyOBf-t13SLj7MRdbEE3mp_xFgplN-Dymk2esLb_QFe9MXkoDAP7EPDy19RLaQweEr-qD-RU6tfq61SEZ5I1QrChz2S737KuJ6JPwxE_p1ifBXAFw-2B9u6ziGVEWDA45K/media?maxWidthPx=400&key=AIzaSyAgucJSAxcE0tpOe1l47Xy0Rw4QehRSg94,Städning,"Etablerat städbolag i Malmö, registrerat år 2000.",Malmö,"Grön Kraft Städ+Service AB är ett av de äldre städbolagen i Malmö, aktiebolag registrerat 2000-03-27.",2000,,4,Aktiebolag,Ja,,,,,,,,,,https://maps.google.com/?cid=8339466518208443845&g_mp=Cidnb29nbGUubWFwcy5wbGFjZXMudjEuUGxhY2VzLlNlYXJjaFRleHQQAhgEIAA,ChIJ8T6MWmujU0YRxfUTKp28u3M,"Low — ingen fungerande egen webbplats/kontaktuppgift hittad, endast registerdata från Allabolag/Ratsit; telefon/adress saknas",https://www.allabolag.se/foretag/gr%C3%B6n-kraft-st%C3%A4dservice-ab/malm%C3%B6/st%C3%A4dservice/2K1S5M6I5YH6T|https://www.ratsit.se/5565881454-Gron_Kraft_StadService_AB,2026-07-04
Easy Clean Syd,Easy Clean Syd AB,559038-1264,Västra Rönneholmsvägen L 68-05,217 41,Malmö,Rönneholm,070-857 37 09,info@easycleansyd.se,https://easycleansyd.se/,https://easycleansyd.se/wp-content/uploads/2026/01/cropped-ecs-32x32.webp,https://places.googleapis.com/v1/places/ChIJ5VnFtjehU0YRoc1mx653uzc/photos/AWCwydg5-XS6DVQrXnjHkw-wZKBdTi8CHSUm3jR4x4fgIxxSCuRCPLzb5YSSoHV2cAR4kGPiTzVIxFgf7zolnUBwD2cXwO7ilgOmPNoCdOPnpnZrWYEqxDQ0mcTJZS7oiHd0O1CPHWoqmRtn7Xd-1Gke2MrrBoVvW2tNm3pADltX-0jxU0h3zU-wwX30V3L1xTlAjmDNElK1rmOyZw5sqZW-iBP5XamdVhrI5TWk_n5_T8yshYcaKAn-qL9cKlzVuUwTSX2JK_KWt7J7jzpkG8PBgVbkMQnJV30FI-U9nBb0jRZ9IAN7Pj-OTX49Hbh0LljwmGOpl8d29VA5leihm9f3nmH120yynXok3P2o61AUeOAPPeqr5N-p-McyMjzWonmlxt0f1oVzB0b-UTXwlLwxoKfvdgUN1XaFekxIvg0dq8OAGSqX/media?maxWidthPx=400&key=AIzaSyAgucJSAxcE0tpOe1l47Xy0Rw4QehRSg94,Hemstädning|Flyttstädning|Kontorsstädning|Byggstädning|Storstädning|Övrig hemservice,"Städfirma i Malmö med fokus på trygg och pris värd städning; erbjuder flexibel hemstädning (vecko-, varannan vecko- eller månadsstäd), flyttstäd med garanti och kontorsstädning.",Malmö,"Easy Clean Syd AB är en erfaren och pålitlig städfirma i Malmö med kvalitetspolicy, sekretessavtal, miljövänlig städning och nöjd-kund-garanti.",2015,,2-5,Aktiebolag,Ja,,,,,Ansvarsförsäkring|Kvalitetsgaranti,Webbformulär/telefon,Kostnadsfri offert,,,https://maps.google.com/?cid=4015935085284347297&g_mp=Cidnb29nbGUubWFwcy5wbGFjZXMudjEuUGxhY2VzLlNlYXJjaFRleHQQAhgEIAA,ChIJ5VnFtjehU0YRoc1mx653uzc,"High — fullständig kontaktinfo, adress, org.nr och tjänsteutbud verifierat direkt via egen webbplats samt korsverifierat mot Allabolag",https://easycleansyd.se/|https://www.allabolag.se/foretag/easy-clean-syd-ab/malm%C3%B6/st%C3%A4dservice/2KGD9SGI5YH6T,2026-07-04
Öresundsrengöring,Öresundsgruppen AB,559029-6488,Järnyxegatan 10,213 75,Malmö,Sofielund,040-666 05 55,,https://oresundsrengoring.com/,https://oresundsrengoring.com/wp-content/uploads/2023/01/cropped-Logo-cmyk-32x32.jpg,https://places.googleapis.com/v1/places/ChIJaRJh-R6hU0YRf_lXCgjKwgI/photos/AWCwydj8P-RXOd3noQ6_m8wTM4CA0NakP9Wi65r2LQY8c5rU4m-oV4RzJvdB-w38yTT17PbKafXtxW1myX5K5q3Y08IEMqMZ1Q_lxGgfKQgTm6Ypr_S6QbNteISIeXhjG0Qy8nUdu9Bf_agKQtT3coWJGJ3fkZhq4F2QzRj5oo7zRhS-jEbUGcaRrM60VzlkRg604hXngtfl9pm7buYB1sbJqi2QQCtlRevqXytHtxwYdplyzP3kAks8_17OpfAdJ3Qd1WOuFwXLzrcgmvs1bnKw5sxuNof_270_dKcWeRTxPqyQgENNxq-rRAROajwqXo0y_ZS0W8uMMoZbewzykVbehlodj-KOBkXq2OmePNRR8lmdpHqc8BvLy-d0h--5qQFRvoV8lt8NG26Psp-1aIiusnvNdS4uk1FUcNz2luy7rBDlsg/media?maxWidthPx=400&key=AIzaSyAgucJSAxcE0tpOe1l47Xy0Rw4QehRSg94,Hemstädning|Flyttstädning|Fönsterputs|Kontorsstädning|Flytthjälp,"Erbjuder skräddarsydda städprogram (veckostädning till fönsterputs) samt flytthjälp (packning, transport, uppackning, montering) för både privatpersoner och företag.","Malmö|Skåne (Tomelilla, Klippan, Staffanstorp, Genarp, Veberöd, Hörby m.fl.)","Öresundsrengöring (Öresundsgruppen AB) är ett Malmöbaserat bolag aktivt sedan 2015 inom lokalvård och flyttjänster, med god kundvärdering (3.9/5, 21 recensioner).",2015,,3,Aktiebolag,Ja,3.9,21,,Hitta.se 3.9/5 (21 omdömen),F-skatt|Momsregistrerad,Webbplats/telefon,,,,https://maps.google.com/?cid=198943469439809919&g_mp=Cidnb29nbGUubWFwcy5wbGFjZXMudjEuUGxhY2VzLlNlYXJjaFRleHQQAhgEIAA,ChIJaRJh-R6hU0YRf_lXCgjKwgI,"High — org.nr, adress, omsättning och betyg korsverifierade mellan hitta.se och egen webbplats",https://www.hitta.se/verksamhet/oresunds-rengoring-jjcqbbyfh|https://oresundsrengoring.com/,2026-07-04
KS Städ & Fönsterputsning,KS Städ & Fönsterputs Almvik AB,556878-8730,Gottorpsvägen 58 D,218 45,Malmö,Vintrie,040-617 00 71,,https://www.ksstad.se/,https://www.ksstad.se/images/ks-logo.png,https://places.googleapis.com/v1/places/ChIJDRBMvtegU0YRSNn8mxxQZSg/photos/AWCwydjwBuTPf0Md_oLZQdH_EwqSqCarBFGSm74S_Ewm3LayxRT7dYPXdEK04Ydj0GuOn8Cbe87lTYl_LkRF9YsQlp5k3jk4_bFqmH3_F5a23BM4EE-YD_Y3-pvFb8Mf2uwaogrracRIHibWOP1AUb383X4lmU39sbkVxDTU5rby9PAg9Qr5jtKcA12wZLcZugZbBwRyKPJOwLQ7j7vBg5KhWzgQmfPAvaAZij1tgaG4N_diQgwMcM1dAdxXB8Yv9WupbMl0u8T2RUv9uy9tNKF5voXVXqzBr6uH9md1_j7kky9-r2HetPYgbiuyU6OO2N3j9XoR6-B1nt0qh5YolI0J9OuD8mYgkZTN292cPHwHgxRYdPINIX2tT1fTqzjeccoSUar-DHdmdQb2ZWjlGJEw8uibeyY9IfzYkRLWKUMGSIabeflY/media?maxWidthPx=400&key=AIzaSyAgucJSAxcE0tpOe1l47Xy0Rw4QehRSg94,Städning|Fönsterputsning,"Etablerat städ- och fönsterputsföretag i Vintrie, Malmö, med både privat- och företagstjänster.",Malmö|Vintrie,"KS Städ & Fönsterputs Almvik AB är ett väletablerat städföretag i Malmö kommun, registrerat 2011, med hela 47 anställda — ett av de större lokala bolagen i urvalet.",2011,,47,Aktiebolag,Ja,,,,,,Telefon/webbplats,,,,https://maps.google.com/?cid=2910820817971239240&g_mp=Cidnb29nbGUubWFwcy5wbGFjZXMudjEuUGxhY2VzLlNlYXJjaFRleHQQAhgEIAA,ChIJDRBMvtegU0YRSNn8mxxQZSg,"High — org.nr, adress, anställdantal och telefonnummer korsverifierade mellan Allabolag och egen webbplats (ksstad.se)",https://www.allabolag.se/foretag/ks-st%C3%A4d-f%C3%B6nsterputs-almvik-ab/vintrie/st%C3%A4dservice/2K3IGVUI5YH6T|https://www.ksstad.se/private/kontakta-oss.html,2026-07-04
Mellansvenska Städ AB,Mellansvenska Städ Aktiebolag,556068-8300,Adilsgatan 9A,753 33,Uppsala,"Sävja/Fålhagen (postadress); lokalkontor Lefflersgatan 5, Norby",018-71 13 40,uppsala@mellstad.se,https://mellstad.se/vara-kontor/uppsala/,https://mellstad.se/wp-content/uploads/2021/11/mellstad_logo.png,https://mellstad.se/wp-content/uploads/2025/04/uppsala-1024x683.webp,Hemstädning|Kontorsstädning|Trappstädning|Flyttstädning|Byggstädning|Butiksstädning|Storsstädning|Städning vård & omsorg,Hemstädning: professionell städhjälp hemma för mer tid och ökad livskvalitet. Kontorsstädning: rent kontor för bättre arbetsmiljö och trivsel. Trappstädning: rena och välkomnande entréer och trapphus. Flyttstädning: städning som klarar besiktningen vid flytt. Byggstädning: grov- och slutstädning inför inflyttning. Butiksstädning: fräscha butiksmiljöer på tider som passar verksamheten. Storsstädning: grundlig städning av ytor som glöms bort till vardags. Vård & omsorg: hygienisk städning med omtanke för vårdmiljöer.,Uppsala (Gamla Uppsala till Kvarngärdet) samt övriga Mellansverige via distriktskontor,"Mellansvenska Städ AB är ett familjeägt städbolag med rötter från 1957, ett av Sveriges större städföretag med distriktskontor över hela Mellansverige, cirka 235-300 anställda och över 600 fasta kunder. Uppsalakontoret erbjuder ett brett utbud av städtjänster för hem, företag och offentliga lokaler.",1957,Alvar Svärling,235,Aktiebolag (AB),Ja,5,1,"""Proffsiga, hjälpsamma, bra kommunikation och gör ett bra jobb."" - Eva-Karin Eliasson | ""Its a company with hearts...you will never regrets doing bussiness with them bcoz they have costumers satisfaction guarantee!"" - Rommelie Zerrudo | ""Proffesionella och trevligt bemötande."" - Robert Lundin",,ISO 9001:2015 (kvalitetsledning)|ISO 14001:2015 (miljöledning)|Auktoriserad av Almega Serviceföretagen|Kollektivavtal,"Boka städ via webbformulär (""Boka städ"") eller offertförfrågan för BRF & företag på mellstad.se",Priser ej publicerade öppet på webbplatsen; offert lämnas efter kontakt/behovsbedömning,Svenska|Engelska,,https://maps.google.com/?cid=18004806984595463152,ChIJk_kX-QrMX0YR8NtIFo_s3fk,"High - official website (mellstad.se) confirmed matching Uppsala office and registry (Allabolag org.nr 556068-8300, postadress Adilsgatan 9a matches exactly). Minor gap: company narrative says founded 1957 while formal Aktiebolag registration date per Allabolag is 1959-05-13 (likely incorporation lagged actual business start by 2 years, common pattern - used 1957 as founding per company's own history). Employees figure varies by source (235 vs 300 group-wide); used Allabolag's per-entity figure.",https://mellstad.se/|https://mellstad.se/vara-kontor/uppsala/|https://www.allabolag.se/foretag/mellansvenska-st%C3%A4d-aktiebolag/uppsala/st%C3%A4dservice/2JYOUJWI5YH6T|https://maps.google.com/?cid=18004806984595463152,2026-07-03
Uppsala Clean Master Service HB,Uppsala Clean Master Service Handelsbolag,969753-0823,Verkstadsgatan 4,753 23,Uppsala,Boländerna,018-418 04 18,,https://cleanmaster.se/,https://www.google.com/s2/favicons?domain=cleanmaster.se&sz=128,,Fastighetsstädning|Hemstädning|Flyttstädning|Fönsterputsning,"Fastighetsstädning: omfattande städning av fastigheter för både företag och privatpersoner med miljövänliga metoder och material. Hemstädning: rent och snyggt hem till förmånliga priser. Flyttstädning: skräddarsydd flyttstädning inklusive tömning/återvinning av kvarlämnade objekt, med kvalitetsgaranti (åtgärd inom 14 dagar). Fönsterputsning: insida och utsida, inklusive fönster i trapphus där stegar räcker till.",Uppsala och Stockholm,"Uppsala Clean Master Service HB (drivs under varumärket Clean Master) är ett etablerat städföretag baserat i Uppsala som levererar städtjänster till företag och privatpersoner, med särskild inriktning på omfattande fastighetsstädning. Bolaget marknadsför sig med ""över 20 års erfarenhet"" i branschen och erbjuder en Nöjd-Kund-Garanti (14 dagar).",2010,,,Handelsbolag (HB),Ja,5,1,,,,Kontakt via telefon eller e-post för offert (ingen synlig direktbokningsfunktion på webbplatsen),"Priser ej publicerade öppet; ""förmånliga priser"" nämns men konkreta belopp saknas på webbplatsen",Svenska,,https://maps.google.com/?cid=14847177437382449543,ChIJySdURSnKX0YRhxlgMDfFC84,"Medium - website (cleanmaster.se) confirmed via matching phone number (018-418 04 18 appears in both Allabolag registry and site) and Uppsala/Stockholm service area, though the site does not display the exact street address or org.nr for direct cross-check. Founded_year is uncertain: company claims ""over 20 years experience"" (would imply pre-2006) while Hitta.se registry-style listing shows ""aktiv sedan 2010""; used 2010 as the more concrete/verifiable date since the 20-year claim may describe operator experience rather than this HB entity's start. No founder name could be confirmed. No genuine review snippets found.",https://cleanmaster.se/|https://www.allabolag.se/bokslut/uppsala-clean-master-service-handelsbolag/uppsala/stc3a4dservice/4GDNQO7I5YH6T|https://maps.google.com/?cid=14847177437382449543,2026-07-03
Coreclean AB,Coreclean AB,559014-6972,Västra Ågatan 16,753 09,Uppsala,Centrum (vid Fyrisån),,,https://coreclean.se/,https://coreclean.se/wp-content/uploads/2020/02/Coreclean-logo.png,https://places.googleapis.com/v1/places/ChIJP8VxsPDLX0YRukkQa2ZvU18/photos/AaVGc3mjbQpRelIIXRW8l4fi2cAyWpsOAAHQcHko8HX4k6puFQXjTgheR-CyU_Q3I7cR1I_TO8qoo2w-oq3QnuSmEFCnrWg1O-x9NX9NgX2P_B92_4b8KUPe_vAvbjxxfvnXShZavwAEAmdUS-J_gVJKuuMa8CX7EuAnuRqCvFV6t8GpWqrK-C9l2xjGqfEwa__AzspZnSiVio7aGBbx9yg6Je9nUhzBVPgL_SbpAuDzzl0262yPWHR9KdgZm0T98apd2aGxxPvYN3rlWXRHdV2daCwMb_-ADPZp-EpKvLJqmjCTjYoSmqerEIxcDOPLBGGATJPYn5C2hBEm3thtAZ-63DQlGob0rW_zCiWKknneClxyMo8sE6I-R4X6AUds7UvaCi3z9wnvU0t1S3MhYWZaq9g1Ls5zmHQ9N62IWqN_B2-vLEM2/media?maxWidthPx=400&key=AIzaSyAgucJSAxcE0tpOe1l47Xy0Rw4QehRSg94|https://coreclean.se/wp-content/uploads/2020/02/Coreclean-logo.png,Garagestädning|Garagesopning|Våtskurning|Dammbindning|Linjemålning|Golfrenovering|Skyltning och belysning,"Garagestädning: maskinell torrsopning, manuell sopning i trånga utrymmen, maskinskurning, borttagning av oljefläckar/smuts/sot, spolning av golv/pelare/väggar. Dammbindning: dambbindning av betonggolv för renare ytor. Linjemålning: linjemålning och vägmarkering med trafikfärg för parkeringsytor, p-rutor, pilar och spärrlinjer. Golfrenovering: golvlagning och behandling av slitna ytskikt. Underhåll: montering av skyltar, hjulstopp och avbärare, byte till energisnål LED-belysning och installation av rörelsedetektorer.","Hela Sverige (ca 500 garage/anläggningar under löpande skötsel), huvudkontor i Uppsala","Coreclean AB är ett Uppsalabaserat holdingbolag (del av AB Aristocrats-koncernen) vars operativa varumärke Coreclean sedan 2013 är helt fokuserat på städning och underhåll av flerbilsgarage och parkeringsanläggningar - inte traditionell hem- eller kontorsstädning. Kunderna är främst fastighetsbolag, förvaltare och bostadsrättsföreningar (t.ex. Vasakronan, Stena Fastigheter, Kungsleden). Coreclean AB som juridisk person äger och utvecklar dotterbolag inom städ och fastighetsunderhåll samt sköter backoffice-funktioner (ekonomi, kundservice, marknad, IT, HR) åt dessa. OBS: detta är alltså inte en traditionell städfirma för hem/kontor riktad mot privatpersoner i Uppsala, utan ett specialiserat B2B-bolag inom garage-/anläggningsstädning.",2013,,"1 (koncernen sysselsätter fler via dotterbolag/underleverantörer, uppskattningsvis 7 på entreprenörsnivå)",Aktiebolag (AB),Nej,,,"""Coreclean är ett företag som uppfyller alla de krav som vi ställer på en leverantör. Mycket väl utförda arbeten, hög servicenivå, samt ordning och reda med full överensstämmelse mellan offerter och fakturor."" - kund (coreclean.se) | ""Kungsleden har genomfört många garagestädningar med flera olika aktörer. Coreclean gör rent när de säger att det skall vara rent."" - Kungsleden (coreclean.se) | ""Vårt garage behövde en genomgång och uppfräschning. Vi valde Coreclean...Tack Coreclean för proffsigt bemötande och väl utfört arbete!"" - kund (coreclean.se)",,"Uttalad miljöpolicy (egen, ej tredjepartscertifierad ISO)",Kostnadsfri offert/konsultation via telefon eller mejl (kontaktformulär på coreclean.se),"Ingen prislista publicerad; offert baserad på anläggningens storlek/behov, både standardiserade och kundanpassade lösningar",Svenska,,https://maps.google.com/?cid=6868956342343715258,ChIJP8VxsPDLX0YRukkQa2ZvU18,"Medium - website (coreclean.se) and registry (Letabolag/Allabolag org.nr 559014-6972) both confirm Västra Ågatan 16, Uppsala and CEO Mikael Kihlander, so identity match is solid. However this business does NOT perform residential/general commercial cleaning (it's specialized garage/parking-structure cleaning for property companies) - flagged clearly in 'about' so directory users aren't misled. Founded_year conflict: brand narrative says 2013 (used here, matches Exa/LinkedIn entity data), registry (Letabolag) says the AB itself was incorporated 2015 - likely the operating business predates the current holding-company registration. No Google rating exists for this listing.",https://coreclean.se/|https://coreclean.se/vara-tjanster/|https://letabolag.se/foretag/coreclean-ab-559014-6972|https://maps.google.com/?cid=6868956342343715258,2026-07-03
"HomeMaid Uppsala- Hemstäd, flyttstäd & fönsterputs",HomeMaid AB (publ),556543-8883,Bergsbrunnagatan 28,753 30,Uppsala,Centrala Uppsala,018-15 35 50,uppsala@homemaid.se,https://homemaid.se/kontakta-oss/u-o/uppsala,https://www.google.com/s2/favicons?domain=homemaid.se&sz=128,https://places.googleapis.com/v1/places/ChIJU0bvci5QXkYRu11kBGRHI7M/photos/AaVGc3lgk7UOpRdV8iTlE0QiJ2uwo8Sgj6yAjqWQ47dTWOxOJ2nh1yG9KfvJVB4s8FyA_JA04JDEE91R3Z6jNKq5mX7o61f2a8yBkewdWIu-qJ-dgelKafsOfQExy8r97qfCWjtvl9EgH7PcyoAnR7whzvCd1eRw4g4drt2Oxx2Lc1PZeTiCGV-mZEnKVuAPKBvjAbzV3qhfBIC97pLoBhUS1rRjSZbpQHrYGxQgBhzPSv1KxGc5-sfcR7IcTOqI_K4LDBh-d4Uupx1_Nm6nsTUq_X23MquXKvYdeFqwL8DKFxp9M3Gh14SCqMMxdXr67zs5Zlea6Y7LNAwlHG3gIMxqZmcoehf2bbO1pVyeM7EaPCkRrDjl15FiqY7Jf7Jp1-QkcuDb5H1RZHyB8QJOB5Z-Gt1Q7J-AwREIsTAom_7-Gcimqipf/media?maxWidthPx=400&key=AIzaSyAgucJSAxcE0tpOe1l47Xy0Rw4QehRSg94|https://homemaid.se/media/hobjnof2/51-stinasvanberg.jpg|https://homemaid.se/media/qyofcybt/tjanstesida_hemstad.png,Hemstädning|Storsstädning|Fönsterputsning|Visningsstädning|Flyttstädning,"Regelbunden hemstädning för hushåll som vill ha mer tid över i vardagen. Storsstäd, fönsterputs, visningsstäd och flyttstäd erbjuds även som engångstjänster för privatpersoner och företag.",Uppsala och närliggande orter,"HomeMaid grundades 1997 av Birgitta Josefsson med idén att göra vardagen lättare för kunderna. Kontoret i Uppsala på Bergsbrunnagatan 28 utgår med lokala serviceassistenter till uppdrag i staden och närliggande orter. HomeMaid AB (publ) är noterat på Spotlight och ingår i en koncern med fem bolag, med HomeMaid AB som moderbolag.",1997,Birgitta Josefsson,"692 (nationellt, hela HomeMaid AB - ej specifikt Uppsala-kontoret)",Aktiebolag (publ),Ja,4.3,150,,4.3/5 (154 omdömen) på hitta.se,,"Onlinebokning via hemsidan, telefon eller e-post",Kampanjerbjudande: 50% rabatt på andra fakturan för nya hemstädningskunder (tidsbegränsat erbjudande),Svenska,https://www.facebook.com/homemaidsverige/|https://www.instagram.com/homemaidab/,https://maps.google.com/?cid=12908239451869961659,ChIJU0bvci5QXkYRu11kBGRHI7M,"High - website, registry (org.nr, VD, grundare) och Google-recensioner bekräftade. Notera: HomeMaid Uppsala är ett lokalkontor under det nationella bolaget HomeMaid AB (publ); org.nr, grundare och antal anställda avser hela koncernen, inte enbart Uppsala-kontoret.",https://homemaid.se/kontakta-oss/u-o/uppsala|https://homemaid.se/|https://www.hitta.se/homemaid+ab/uppsala/knvxapvz,2026-07-03
NOX,N-O-X AB,556851-1124,Salagatan 23,753 30,Uppsala,Centrala Uppsala,,,https://www.noxab.se/,https://www.noxab.se/wp-content/uploads/2018/12/logo.svg,https://places.googleapis.com/v1/places/ChIJ8Tds0fPLX0YRG79CGm7Vjc8/photos/AaVGc3mUJQnYuY4b4Bqy_jXUMgGW532Q43j97H8-2l_GxUWLWkBqihppT5UG6dDm-mO1RrbqzKirMQ-I90-ibQz4f6H0nImWWSIL7L3Av8hC2jGfNzhGpQjPzi517LDLVFlm4Q7gP7QGHR5J-iTD1nGTgjpJTNFF8dY88g4WUeLxH5q82YBr3HipRysis2ueKwQ_butlXAC1AOnu2pmG6PZy2n4IKop7vtkJhnsPLpGIh7qMhRYQ0ymNKf--65G24v-B6Kk80tKX_RXwtgeWUHFRmTCR5eqmzrwQai9EFtbu2MqB6a4mSeSma5F-k2HXM08qJXYpiXr_Uga-dPa0eoFJ3J7742cfyxfDVCUF7No6N1hGqtAqrbv9neQEplfyqHbVuuAAj9JNhf3qkQVH8IVb9DnDGHnSa6fLVe6i-g6ou6LdsCZs/media?maxWidthPx=400&key=AIzaSyAgucJSAxcE0tpOe1l47Xy0Rw4QehRSg94,Hemstädning|Flyttstädning|Flytthjälp|Företagsstädning|Kontorsstädning,"NOX erbjuder kvalitativ städhjälp till privatpersoner och företag, med fokus på hemstäd, flyttstäd, flytthjälp och företagsstädning. Fast pris och kvalitetsgaranti på tjänsterna.","Uppsala, Stockholm, Gävle och Västerås","NOX grundades i Uppsala av tre unga killar omkring 2010-2011 och har vuxit till ett städ- och flyttföretag verksamt i flera städer. Företaget marknadsför sig med kvalitetsgaranti, fast pris och goda kundrecensioner.",2011,,34,Aktiebolag,Ja,4.2,232,"""Mycket nöjd med städningen, professionellt bemötande"" - Sara Dahlin (kundrecension, noxab.se) | ""Enkelt att boka och bra resultat"" - Pär Franzén (kundrecension, noxab.se)",,,Onlinebokning via hemsidan eller kontaktformulär,Fast pris enligt uppgift på hemsidan; exakta prisnivåer ej specificerade utan offert,Svenska,https://www.facebook.com/noxabsverige/,https://maps.google.com/?cid=14955844606430986011,ChIJ8Tds0fPLX0YRG79CGm7Vjc8,"High - website, registry (org.nr, registreringsdatum) och recensioner bekräftade. Grundarenas namn anges inte publikt (beskrivs endast som ""tre 20-åriga killar""); anställda enligt registret (34) skiljer sig från företagets egen uppgift på hemsidan (ca 60).",https://www.noxab.se/|https://www.noxab.se/om-oss/,2026-07-03
Hemfrid i Uppsala AB,Hemfrid i Sverige AB,556529-8444,Sylveniusgatan 5,754 50,Uppsala,Uppsala,020-011 45 50,info@hemfrid.se,https://www.hemfrid.se/,https://www.google.com/s2/favicons?domain=hemfrid.se&sz=128,https://places.googleapis.com/v1/places/ChIJuQDalvnLX0YR_VfOtz5hLDE/photos/AaVGc3nesPqCwzLIem02tc7o7CnJQMzypsAQgwU5CoAK4Wr1Pf0HNhCducdd28lxRMRHfjk9L3nslk_j3z-0GrVcbaoE1sNHuJkB3WnI-63Xmijv7vR80ntDcQy6QIoVKXlRw1gE04_f7kt6p-jtdustEw5lSaNe92-S6Lr1wGoJ_TpmlrPAsFJf7wpGiWHfyi5VuS4cF8Cumu22MOci_VtFPb8zluCrwkUr8yc3-zzU6MMRAD-FJQGNY-3bfDsR-hlOLUh8TIrUyui7fnP7r58s-HIW93XkRZga3DJXAUKvnbuDNj_VgxsYZHZ1Juq8zS3QFMa3hrKP1z9NcvYxbOJegwSC-U_QaGv6cZgq4tHavqnKks4_ub6sQxuhmZrtBJCJnbVtBzmhCnikcYS3hzdh-ZOFOLLdCrCaFHI4tjT6R5CVpYs5pZAjr2RjOntxJZDu/media?maxWidthPx=400&key=AIzaSyAgucJSAxcE0tpOe1l47Xy0Rw4QehRSg94,Hemstädning|Storsstädning|Fönsterputsning|Flyttstädning|Trädgårdshjälp|Kontorsstädning|Trappstädning,"Regelbunden hemstädning samt engångstjänster som storsstädning, fönsterputs och flyttstädning. Erbjuder även trädgårdshjälp, kontorsstädning och tjänster riktade till bostadsrättsföreningar (bl.a. trappstädning).","Hela landet, från Gävle i norr till Malmö i söder (nationell verksamhet, inkl. Uppsala)","Hemfrid grundades 1996 med visionen att skapa en enklare och mer hållbar vardag. Är del av KEYTO Group och en av Sveriges ledande aktörer inom hushållsnära tjänster, med bokning och hantering av tjänster via egen app.",1996,,"1855 (nationellt, hela Hemfrid i Sverige AB - ej specifikt Uppsala-kontoret)",Aktiebolag,Ja,4.1,45,,4.2/5 (381 omdömen) på Reco.se (Hemfrid Uppsala),,Bokning via app eller hemsida,,Svenska,https://se.linkedin.com/company/hemfrid-ab,https://maps.google.com/?cid=3543313928833357821,ChIJuQDalvnLX0YR_VfOtz5hLDE,"Medium - website och registry bekräftade, men Hemfrid i Uppsala är ett lokalkontor under det nationella bolaget Hemfrid i Sverige AB (ingen egen org.nr för Uppsala). Grundarens namn (person) hittades ej i källorna; endast grundningsår 1996 är dokumenterat. Anställda avser hela koncernen.",https://www.hemfrid.se/|https://se.linkedin.com/company/hemfrid-ab,2026-07-03
Mälardalen Rent - Cleaning Company Uppsala,Mälardalen Rent AB,556848-9644,Verkstadsgatan 2B,753 23,Uppsala,Uppsala,018-241220,malardalenrent@gmail.com,https://www.malardalenrent.se/,https://www.malardalenrent.se/wp-content/uploads/2020/04/Malardalen-rent-logo_transparent-1-e1688929324415-100x100.png,https://places.googleapis.com/v1/places/ChIJ_8eZV1DJX0YRpt546R47CoI/photos/AaVGc3kpdQzN55A0lhLOOe-T6jxDBx4WQwrIqesFWQYcxU6HBgiHj3qc1-0-zaVa6zJ3ZRJ75B3YW9hTlsjM-XUkr70NIBi4IXWb7b-I1pfUUXdxtobeYK_bGl-MZg66HRCdlOIha4Q0nANsLoL65kAW4q8a_v6CTUdEBZ4sXGSiucgv0dMN3zzonFJgz-wAJGadSN8mEme8pst3xjm1ob1Jf1MQwWxTt23WfU2JsLnZG1IB_hYNwKPXEF9N1H2c__KM1nMXEsULv31P3GDSAHHLSeBPUjkt0alXavYbiRLQnHKqM_su9TfR7hzWyUq_pGuPEHHug785sD7nRGic3xU8P5ubeN1wAuRsmkaHr83_V17P3eGZIW8e2DpYLummSWlI0CWADE1EGmCT2FWAA6TJXfWD4TySSLZtAtzrop0ryUtpVkqw/media?maxWidthPx=400&key=AIzaSyAgucJSAxcE0tpOe1l47Xy0Rw4QehRSg94,Flyttstädning|Hemstädning|Storsstädning|Kontorsstädning|Flytthjälp,"Specialiserade på flyttstädning med kvalitetsgaranti och fast pris; utför även hemstädning, storsstädning, kontorsstädning och kan erbjuda flytthjälp (packning och transport) som helhetslösning.",Uppsala med omnejd,"Mälardalenrent är ett komplett städföretag som erbjuder städtjänster till privatpersoner och företag i Uppsala med omnejd. Genomför över 100 flyttstädningar per år och är auktoriserat av Städbranschen Sverige samt rekommenderat av RECO. Företaget marknadsför sig med ""20 års branschvana"", medan bolaget registrerades 2011.",2011,,33,Aktiebolag,Ja,4.1,52,,Rekommenderat av RECO,Auktoriserat städföretag av Städbranschen Sverige,Onlinebokning eller offertförfrågan via hemsidan; telefon 018-241220,"Fast pris för flyttstädning; RUT-avdrag ger 50% rabatt på arbetskostnaden, avdraget dras direkt på fakturan. Helgbokningar tillkommer med 500 kr i avgift.",Svenska,,https://maps.google.com/?cid=9370366978649808550,ChIJ_8eZV1DJX0YRpt546R47CoI,"High - website och registry bekräftade (adress, telefon matchar). Ingen grundares namn eller sociala medier hittades trots riktad sökning. Registreringsår (2011) skiljer sig från företagets marknadsföringsuppgift om ""20 års branschvana"".",https://www.malardalenrent.se/|https://www.hitta.se,2026-07-03
Ren Jämt i Uppsala AB,Ren Jämt i Uppsala AB,556274-5926,Grafikgatan 26,754 54,Uppsala,Uppsala,,,https://renjamt.se/,https://renjamt.se/themes/renjamt/images/renjamt-logo-white.svg,https://places.googleapis.com/v1/places/ChIJ711odX3MX0YR8AznUNvgkGQ/photos/AaVGc3mRUZvydI8gzGEAo5-SPtKaA-TfyWqKFEqvJk32TmOr2S-02V_PI_Lh5Z1geG1K_ja6DK4HlFyIxtQPhnQBECcTWIr5w3njsqHmrXCpvDukE8bWansPcYHq0JSZQUSwsiE1Xl8YQpMFxaEyvF8ts8lRL4nOLBPvyzMZWX_6wKqA1oMebM5xuhXAT7Aar86O-V8fJz7hny0Xa_dHjbo-bLlNYDgPJ-Ar5ZHu4QocOmehQFkl5dsxk0Rb74GrEO7MgIaWDhQVW1RfhPl8GFoHgmf6pyY-cQlbcBgNKpPG2lijj0_XwogEaybpBbggsefdZqfdG1iWvmKn3afNrYMCQoI67RXWgp41t0dTNfjB8_1Ym0Z0uEAVLtwx29F2BlPebl2QcGknFJtrnUTHctOTdQeusmqPMZE2dHhah44Qn2UJYQ/media?maxWidthPx=400&key=AIzaSyAgucJSAxcE0tpOe1l47Xy0Rw4QehRSg94|https://renjamt.se/image/1920x1280/renjamt-hemstad-5.jpg|https://renjamt.se/image/2560x1440/karriar-renjamt-16x9.jpg,Hemstädning|Kontorsstädning|Flyttstädning|Fönsterputsning|Storsstädning,"Kvalitetssäkrad städning av hem och kontor, samt flyttstädning och fönsterputsning. Familjeföretag med lång erfarenhet i Uppsala; utför inte flyttstäd av hyresrätter.",Uppsala med omnejd,"Ren Jämt grundades 1999 av Birgit Andréasson som ett familjeföretag och är idag en av de större städfirmorna i Uppsala (tredje störst efter omsättning). Drivs numera av tredje generationen i familjen; VD är Moa Larsson Andreasson, barnbarn till grundaren.",1999,Birgit Andréasson,83,Aktiebolag,Ja,3.8,26,,,,Kontaktformulär eller offertförfrågan via hemsidan,,Svenska,,https://maps.google.com/?cid=7246539032998907120,ChIJ711odX3MX0YR8AznUNvgkGQ,"High - website, registry och oberoende nyhetsartikel (hejauppsala.com) bekräftar grundningshistorien. Notera: bolagets formella registreringsdatum hos Bolagsverket anges till 1986, medan företagets egen historia och press konsekvent anger 1999 som startår under Birgit Andréasson - 1999 används här eftersom det är den etablerade grundningsberättelsen. Inga sociala medier hittades trots sökning.",https://renjamt.se/|https://www.allabolag.se|https://hejauppsala.com,2026-07-03
Städcentrum | Städfirma i Uppsala & Stockholm,Städcentrum i Uppland AB,559438-2946,Kungsängsvägen 29A,753 23,Uppsala,Uppsala,018 12 12 27,info@stadcentrum.se,https://stadcentrum.se/,https://www.google.com/s2/favicons?domain=stadcentrum.se&sz=128,https://places.googleapis.com/v1/places/ChIJ1Xfh-CrlPkcRkZkAfJtXJk4/photos/AaVGc3kP0zEemNqplW-uGdxhyntz7A5ntKvsvLYgyZLHgVnEApAlGFnbK15wkZJlFsCNBG__kdM3ZW8iBV1j2qkmLNCqOt364mDLR_FsZHclWUfKm8wRyXhAnSDvPzMOrpnz7ExtWt0cknG_jAr4_j7CtK2Pr2VnCmOoc04SVR28_k2Xdc9t7AnRVjjTNSL9xu6qiyyWRS_sK--wMh75nQQW3tkoR00IVA3Td6Tbm1p-8mUwqRgIMmPYO9Fqli-OcPR34KT7YbXxXEbRAWWExRfXYxbIMmQBrLVqi_rZR48lt_3qP5GK8GoG5Kc1Eos8OrUfQS0Brug-ghIlmbCXClodlKUWX2dcgfcpXrCvl6FBAcWGNfxZQAJIixuUlpsyEaH6J5qTMDbDLpdcUa83C09GydQEM6iGoIz_ttQRZmWTt_IKrBKp/media?maxWidthPx=400&key=AIzaSyAgucJSAxcE0tpOe1l47Xy0Rw4QehRSg94|https://stadcentrum.se/wp-content/uploads/2024/07/IMG_8309.jpg|https://stadcentrum.se/wp-content/uploads/2024/03/pexels-catherine-augustin-3049121-scaled.jpg,Hemstädning|Kontorsstädning|Flyttstädning|Fönsterputsning|Storsstädning|Trappstädning,"Heltäckande städtjänster för privatpersoner och företag: hemstädning på abonnemang eller engångstillfälle, kontorsstädning, flyttstädning, fönsterputs, storsstädning och trappstädning för bostadsrättsföreningar.",Uppsala och Stockholm med omnejd,Städcentrum är en lokal städfirma verksam i Uppsala och Stockholm som erbjuder ett brett utbud av städtjänster till privatpersoner och företag. Bolaget registrerades hos Bolagsverket i augusti 2023 under namnet Städcentrum i Uppland AB.,2023,Pooya Nasseri Mashadi,8,Aktiebolag,Ja,4.7,21,,,,"Offertförfrågan via hemsidan, telefon eller e-post",Städhjälp från 35 kr/kvm (enligt hemsidans marknadsföring),Svenska,,https://maps.google.com/?cid=5631284709385345425,ChIJ1Xfh-CrlPkcRkZkAfJtXJk4,"Medium - website och adress bekräftade, men bolagsstrukturen är oklar. Företagets hemsida anger org.nr 559438-2946, som enligt en registerkälla tillhör ett näraliggande bolag (Bostadsskötarna i Sverige AB) i en pågående sammanslagning (""Städcentrum och Bostadsskötarna blir ett""). En separat, oberoende nyhetsartikel (UNT) beskriver registreringen av ""Städcentrum i Uppland AB"" i augusti 2023 med Pooya Nasseri Mashadi som styrelseledamot. Uppgifter om anställda (8) och grundare bygger på dessa delvis motstridiga källor.",https://stadcentrum.se/|https://www.unt.se/naringsliv/nyetableringar/artikel/stadcentrum-i-uppland-ab-nytt-foretag-startar-i-uppsala/r3m2q18l,2026-07-03
Fejax AB - Cleaning Company Uppsala,FEJAX Aktiebolag,556443-1954,Bergsbrunnagatan 7,753 23,Uppsala,Uppsala,018 51 51 00,,https://www.fejax.se/,https://www.google.com/s2/favicons?domain=fejax.se&sz=128,,Hemstädning|Flyttstädning|Storsstädning|Trappstädning|Fönsterputsning,"Skräddarsydda städtjänster för hem och bostadsrättsföreningar: regelbunden städning, flyttstäd, storsstäd, trappstäd och fönsterputs, anpassade efter kundens specifika önskemål.",Uppsala,"Fejax grundades för mer än 30 år sedan (1992) och har byggt upp lång erfarenhet inom städbranschen i Uppsala. Företaget är känt för sin grundare Marléne Eriksson, en välkänd svensk städexpert som medverkat i TV (bl.a. ""Rent Hus"" och ""Sveriges städmästare"") och skrivit boken ""Städglädje"". Erbjuder nöjd-kund-garanti och är fullt försäkrade.",1992,Marléne Eriksson,1,Aktiebolag,Ja,3.8,13,,,,"Kontaktformulär, telefon eller e-post via hemsidan",,Svenska,,https://maps.google.com/?cid=1935635394628071797,ChIJJxKxjVXJX0YRdbF6zyLC3Bo,"Medium - website, adress och telefon bekräftade; registry bekräftar org.nr och grundningsår. Notera: bolagets registrerade namn hos Bolagsverket är ""FEJAX Aktiebolag"" medan hemsidan även använder varumärkesnamnet ""Fejax Allservice AB"" i vissa sammanhang. Registret anger endast 1 anställd trots företagets långa historia och kända grundare. Inga sociala medier kunde bekräftas tillhöra företaget (skiljs från grundarens personliga mediekanaler).",https://www.fejax.se/|https://www.bolagsfakta.se|https://www.hitta.se,2026-07-03
HomeMaid,Homemaid AB (publ),556543-8883,Östra Tullgatan 3,211 28,Malmö,Centrum,040-689 33 70,,https://www.homemaid.se/,https://www.google.com/s2/favicons?domain=homemaid.se&sz=128,https://places.googleapis.com/v1/places/ChIJwZ_6Zq-mU0YRz1-1GGQyc10/photos/AWCwydiXxHsoiAwQvkdUHgUEbmqBTQLogcZKE4yzvhRJOUocDVQz-al2G695RUc4Rx-CEMifiD7RWBQ3lOBq8YtzFBWCr9A89IxIV5l3Ul2YsgE71u8GY84mhgFiURer6_67Shj1e1rhNrrfv52XR6YnDW1nwqAx3z8oaZDfvJkkdrg89f3hUh6-leV14NaIpV9VzG1Cmjo7YXt_d1KF_ak5myBRFPSzzFfpDASAYROSoyBjiIALJXA-V-nl2cJu1jnlOSIk-PvUkMypVIlUBPDBexjbAZf588vj1zHR2Lan5MoMC2AyAbNwA7a_zP-oZysR0WwHvhknWWUtVIJAMKZs0qbTOtRI9r9xM9jURwv0Vsu8jepNVNhoSR_tG1hpT1N7Rl_73WO9_S0_1OljGF7wuo0-c0IlTu-L8GU5Hz0POYJuDnps/media?maxWidthPx=400&key=AIzaSyAgucJSAxcE0tpOe1l47Xy0Rw4QehRSg94,Hemstädning|Kontorsstädning|Fastighetsstädning|Personlig assistans,"Större börsnoterat städbolag med huvudkontor i Malmö; lokalvård för hem, kontor och fastigheter i hela Sverige (33 orter).",Malmö|Rikstäckande (33 orter),"HomeMaid AB (publ) är ett av Sveriges största städbolag, grundat 1997 med huvudkontor på Östra Tullgatan i Malmö. Börsnoterat aktiebolag med 692 anställda och 370,6 Mkr i omsättning (2024).",1997,,692,Aktiebolag (publ),Ja,4.2,88,,,,Webbplats/telefon,,,,https://maps.google.com/?cid=6733781273341681615&g_mp=Cidnb29nbGUubWFwcy5wbGFjZXMudjEuUGxhY2VzLlNlYXJjaFRleHQQAhgEIAA,ChIJwZ_6Zq-mU0YRz1-1GGQyc10,"High — stort börsnoterat bolag med fullständig och samstämmig registerdata, betyg och adress verifierade via flera källor",https://www.hitta.se/verksamhet/homemaid-ab-akgbzlmmn|https://karriar.homemaid.se/locations/malmo,2026-07-04
Kvalitetsputs,Kvalitetsputs i Sverige AB,559544-1857,Ronnebygatan 5,214 36,Malmö,Sofielund,072-258 05 23,info@kvalitetsputs.com,https://www.kvalitetsputs.com/,https://primary.jwwb.nl/public/m/g/r/temp-mkdvxnhachpptcaptjyh/touch-icon-iphone.png,https://places.googleapis.com/v1/places/ChIJl_oigWOhU0YR-u4bF3WD4A0/photos/AWCwydhHjiNe17ASNZor_F1pwW7nFYRBNCUhLf_PZa1lkGGt2KH-fasppQWQEgZPdhtYngSJCaKp5OioumnuCAT4nCfl2Y9VnpvKeXworkgMzDdrFlB_dHdqXD4iywCYAuZDjNJi-Mm194fdziHZ709pe5k7Ugd-4gnqEjlXXRb0IrlcUFbVktI1EqxL1gxc-UnbZl5eN2YIJ4Tzt2_DtBLQ_TtGBGNWPdqivK-qOdTft5_ZA-S9ow7vu33GuPsSE9FLgL6psUjckpapl3L_fO7is2NL8372DTheqB4T5Gl1c27gU5b-Zqlbf3tMR5wWGsEj16VTJ0VS193cyuxuveHYwvT_XigROGkQzJcLVCgg0HsMEtyibCna4mMA26XTzFoxrk9mudDsX-Klma187FkWsEmL7nsjeOJoZgFjuBT4kc8PmQ/media?maxWidthPx=400&key=AIzaSyAgucJSAxcE0tpOe1l47Xy0Rw4QehRSg94,Fönsterputsning|Fasadtvätt,"Familjeföretag som erbjuder professionell fönsterputsning för privatpersoner och företag i Malmö, Lund med omnejd, med fokus på personlig service.",Malmö|Lund,"Kvalitetsputs i Sverige AB är ett familjeföretag som satsar på personlig service, hög kvalitet och långsiktiga kundrelationer inom fönsterputsning.",,Freja Rebecca Ahlström Reinertz,1-4,Aktiebolag,Ja,,,,,F-skattebevis,Telefon/e-post,"Betala för resultat, ej löften (prestationsbaserad prissikring)",,,https://maps.google.com/?cid=999943656198369018&g_mp=Cidnb29nbGUubWFwcy5wbGFjZXMudjEuUGxhY2VzLlNlYXJjaFRleHQQAhgEIAA,ChIJl_oigWOhU0YR-u4bF3WD4A0,Medium — kontaktinfo och registerdata verifierad men två olika gatunummer (5 resp. 3) förekommer mellan källor; grundningsår saknas,https://www.kvalitetsputs.com/|https://www.hitta.se/f%C3%B6retagsinformation/kvalitetsputs+i%20sverige%20ab/5595441857,2026-07-04
God Service,God Service i Sverige AB,556784-6042,Sallerupsvägen 92,212 28,Malmö,Kirseberg,020-21 42 00,,,https://www.google.com/s2/favicons?domain=allabolag.se&sz=128,https://places.googleapis.com/v1/places/ChIJq6qq6tajU0YRCozPnUpjZg8/photos/AWCwydig7foxrcMgKZHjXPmVNwhXNMl5xgywr27DebYbp9Letp_AUe8xQUcrP_varajKkg0dx1wRajxIo6dVFPYIiX9ehvVFt6j-iSR-oUDV7nK7IH_UrDk6EILLmcGGRI8vckPfzz2CI97eycM5O_8rTfY0rwZKxPfF-ttS4KlqXn2H3UWFDDg_ja8sKA-6cWVqW3gxvMi0Oe_VIbBpF6n4n0hDyhhYzsAK1RVZW_9TkIT0G4qYR-sJb7wJ2Kd54CZh9948zUjZn_rjzcNf6w1sMxJKhOYmn2NLjUCeOqECAkOyOFUp38Am9fGjaBn7SgsDu_C01fwbdApf5--dxzlyjhqUD-hd8rRojsSpELx4geQ_0CJcKMsRgi7CMEo_jSjIfrP8uLP3GuKrGrmJ8IdZTvcGLbmSQlRhGx_pZ-LheY1cwVvF/media?maxWidthPx=400&key=AIzaSyAgucJSAxcE0tpOe1l47Xy0Rw4QehRSg94,Hemstädning|Kontorsstädning|Trädgårdstjänster|Matlagning|Seniorservice|Barnpassning|Dagligvarudistribution,"Bredare hushållsnära tjänstebolag med städning som en av flera tjänster (även trädgård, matlagning, seniorservice, barnpassning och dagligvarudistribution) till privatpersoner och företag.",Malmö,"God Service i Sverige AB är ett större hushållsnära tjänsteb olag i Kirseberg, Malmö, registrerat 2009 med 50-99 anställda på tre arbetsställen.",2009,,55,Aktiebolag,Ja,,,,,,Telefon,,,,https://maps.google.com/?cid=1109683530319760394&g_mp=Cidnb29nbGUubWFwcy5wbGFjZXMudjEuUGxhY2VzLlNlYXJjaFRleHQQAhgEIAA,ChIJq6qq6tajU0YRCozPnUpjZg8,"Medium — registerdata (org.nr, adress, anställdantal) väl verifierad via två källor, men ingen egen webbplats hittad för tjänstedetaljer/priser",https://www.allabolag.se/foretag/god-service-i-sverige-ab/malm%C3%B6/parkanl%C3%A4ggningar/2K2Y9I2I63IJW|https://www.ratsit.se/5567846042-God_Service_i_Sverige_AB,2026-07-04
Städmästarna Syd,Städmästarna Syd AB,559438-4926,Limhamnsvägen 107 B,216 48,Malmö,Limhamn,040-27 01 11,,,https://www.google.com/s2/favicons?domain=allabolag.se&sz=128,https://places.googleapis.com/v1/places/ChIJdw21JsgUHUQRClDJHUp5pJE/photos/AWCwydigGrWKzXNcXqOPpUToB9UE74DKSYWNrGL55B6-eLwI-ReQf-ZC9ExZDxNxY6KeyZrlnnMp5CPXsS5GbEPjR-CqkVz_ywkKFGfQjh3DdruNtW3U5bnGp_m5XnQEQoE5kxERuInMcQ-G9-syD7ej3sOcDA5pmN2vcvtvNLJe0O0u0sJZ3zH7qiQP3O-KbfwT1f2FC5l8RAo4yyI9TuotVoZT8Z3IuDX741MMq-2R0aYZQoyEd86D_Rcg2dON1ySjgt6s7l60HqYvLrrGqLnN8FfD_6_1NCi6YAU2cf5OsAWow4femNTxkcbhmBXmCQZwkcGuN5OzFGzmmGsAx6CGxHosM4BuVLiRmxZeugSxMTR92QQeWWRdEv4wyL6psS4eSc5MbydD7Cp91oi6p2KnrqT5BcORanqM3NPopdkgrXxj634WKn9vdYZ8A3vsMdUW/media?maxWidthPx=400&key=AIzaSyAgucJSAxcE0tpOe1l47Xy0Rw4QehRSg94,Städning,"Växande städbolag i Limhamn, Malmö, med stark omsättningstillväxt.",Malmö|Limhamn,"Städmästarna Syd AB är ett nystartat men snabbväxande städbolag i Limhamn, registrerat 2023, med 143% omsättningstillväxt 2024-2025.",2023,,3,Aktiebolag,Ja,,,,,F-skatt|Momsregistrerad,Telefon,,,,https://maps.google.com/?cid=10494646390914371594&g_mp=Cidnb29nbGUubWFwcy5wbGFjZXMudjEuUGxhY2VzLlNlYXJjaFRleHQQAhgEIAA,ChIJdw21JsgUHUQRClDJHUp5pJE,Medium — registerdata (SYNA/Allabolag) verifierad och samstämmig men ingen egen webbplats hittad för tjänsteutbud/priser,https://www.allabolag.se/foretag/st%C3%A4dm%C3%A4starna-syd-ab/limhamn/st%C3%A4dservice/2KIR31AI5YH6T|https://upplysningar.syna.se/foretag/5594384926/stadmastarna-syd-ab,2026-07-04
Call2Clean,Call2Clean i Skåne AB,559426-2262,,211 15,Malmö,Limhamn,076-882 24 64,,https://call2clean.se/,https://call2clean.se/wp-content/themes/cleanmate/logo/logo_1_white.png,https://places.googleapis.com/v1/places/ChIJDxxPbminU0YR3VBe_savi4Q/photos/AWCwydhZF5vP5s0kfDnWAnJl5NoT1jkyXTlGoDJVGm1f-WU1U0XHx4VLUt6fSOcBcWxvDTIvb1gnOJjCPwotvst9G-oIxeJ_Gi8ofoTzFAWsDUgWbRvjkE4feL2Lte79wpXk8jHVNqpjyOU6caRPn7LKA3DcsnQ2GrlsTYi2ccB_O3WVNkNK5rIdb_zA0MtV82yTrYvFKvLmkfRNVa75Vq0Het3EcMLMoCDz6-bhi2NduzgdzUpH1veckIkAeJEOPLOLBP7ABRWy_dfg1Gv6IQwN3CfTItj4eQEJq_SOaFdqMBqu33X60KM2N6wmeM3Jxo7gvgaEvduBNC8LQ_OpsNy7Lt_Kyful8Mo3dhhfd3GDO6liew9DdCZLDA6BO4H259Gw45FirulaA3bLdMyPK2CMy05vzef-qJcHhfpxR9bxrsx6wmWx/media?maxWidthPx=400&key=AIzaSyAgucJSAxcE0tpOe1l47Xy0Rw4QehRSg94,Hemstädning|Kontorsstädning|Fastighetsstädning|Trappstädning,"Professionell hemstädning, kontors- och fastighetsstädning i Malmö/Limhamn-området med 14 dagars garanti och kollektivavtal för all personal.","Malmö|Limhamn|Skåne (Trelleborg, Ystad, Eslöv, Helsingborg, Lund m.fl.)","Call2Clean i Skåne AB grundades för att tillhandahålla exceptionella städtjänster med fokus på kundtillfredsställelse och detaljer, med motiverade medarbetare under kollektivavtal.",,,,Aktiebolag,Ja,,,,Reco 4.7 (71 omdömen),F-skatt|Kollektivavtal,Telefon/webbplats (svar inom 24h),14 dagars garanti,,,https://maps.google.com/?cid=9550920703975248093&g_mp=Cidnb29nbGUubWFwcy5wbGFjZXMudjEuUGxhY2VzLlNlYXJjaFRleHQQAhgEIAA,ChIJDxxPbminU0YR3VBe_savi4Q,"High — org.nr, kontaktuppgifter och Reco-betyg korsverifierade mellan egen webbplats och tredjepartskällor (servicefinder)",https://call2clean.se/|https://servicefinder.se/foretag/7166425,2026-07-04
Grande Kraft,Grande Kraft AB,,Ahlmansgatan 20B,214 27,Malmö,Möllevången,,,https://grandekraft.se/,https://grandekraft.se/wp-content/uploads/2026/04/cropped-favicon-grande-150x150.png,https://places.googleapis.com/v1/places/ChIJgWZJ7BajU0YRphceTctDqq4/photos/AWCwydgRkGeSswnJ7tRHy6QiDsNwoh2UYg892wqEzf1MuU_QsJZAvufnuT_RHP1cmEGyDdmVEP5JIFD2518qVcZY2mxY-ihWl1Dx605jsNdZ66xUfF_IPuEwwVjEDiyp9-A_H7qctGxeWXhVKMEJ4CR70V3oZAYnQoTdX3vErpDHdtuUG7xcbG-JmtGtFpemr3bPWBt2LymhYX_g9dGnT6lm7a5T116vp3QvchIrpguuGcVnMzZL7vtOa2U2nOjG1_1Ykr8zKKMI0sks_VX6BcVzcN771QP_0UZBfkkjFyYm7uo2CSvxqhHBuUl4T9KLdjjKAKApubzCIZJ6_pPxt_9uEOzc9Lr_RSB-GQzfyirJzbZpS5QiEU_CV1YbS1UhDER9B9QbNkSFdMHbEfJRC0n1SdxWbshnC2MTlS8fQ98hOh-XnQ/media?maxWidthPx=400&key=AIzaSyAgucJSAxcE0tpOe1l47Xy0Rw4QehRSg94,Städtjänster|Trädgårdstjänster,"Professionella städ- och trädgårdstjänster för privatpersoner, företag och bostadsrättsföreningar (BRF) i Malmö/Skåne.",Malmö|Skåne,"Grande Kraft AB är en städfirma i Malmö/Skåne som kombinerar städtjänster med trädgårdsarbete, riktat mot privatpersoner, företag och BRF:er.",,,,,Okänd,,,,,,Webbformulär,,,,https://maps.google.com/?cid=12585946649091512230&g_mp=Cidnb29nbGUubWFwcy5wbGFjZXMudjEuUGxhY2VzLlNlYXJjaFRleHQQAhgEIAA,ChIJgWZJ7BajU0YRphceTctDqq4,"Low — telefonnummer, e-post och org.nr ej publikt synliga på webbplatsen (endast kontaktformulär); adress verifierad via egen kontaktsida",https://grandekraft.se/|https://grandekraft.se/kontakta-oss/,2026-07-04
Green Service,Green Service Sverige AB,559455-5939,Kungsörnsgatan 6,215 61,Malmö,Hyllie,,,https://greenservice.se/,https://greenservice.se/wp-content/uploads/2023/12/cropped-Namnlos-design-1-32x32.png,https://places.googleapis.com/v1/places/ChIJx4XTCHq774cRBjbqm3cFpbY/photos/AWCwydipQH2aXv50HX-IKR1TaI00q4FuA4Uw6-WdHZ-0ao8G-6PGK-q5LiZvbj66Y0GIKTfGwGlxyc-_JvBaBoJX4AYykywRdn9EaT2seufBjDVd-PWj9AXacKTu8zc8W0USfkCrVonf0h7iiMhlhPG1mHBHHWq3Klx7Vdj7TuH4wGdp-JVFyL5qSYPQhugl1d6WQRxLMmX5D_Ddsm6Bvrk-WRupCoauaJd2HJKQdeGrqQAeGyy7hqtemo9vZkIm5kn4PFV7j6SKqOpLoFvHq2OFWoHnrHWOypeLWKEv4qYf7QAFFXUEkBq4DQ5kWD0zZxemVVeOBYNbphM-yetaWSpPliHYSliT-jpDJLh0VSIpZdoQhXNHzRy-32UYv8eZb3aO8qZ0SFHenVE9_5VC5aJBUT4sC-YIsHVVvjGABwOqj5M/media?maxWidthPx=400&key=AIzaSyAgucJSAxcE0tpOe1l47Xy0Rw4QehRSg94,Städservice|Fastighetsförvaltning,Städfirma i Malmö (Hyllie) med tjänster inom städservice och fastighetsförvaltning.,Malmö|Hyllie,"Green Service Sverige AB är ett nyare städbolag registrerat 2023 i Hyllie, Malmö, verksamt inom städservice och fastighetsförvaltning.",2023,,0 (registrerat),Aktiebolag,Ja,,,,,,Webbformulär,,,,https://maps.google.com/?cid=13160931497335207430&g_mp=Cidnb29nbGUubWFwcy5wbGFjZXMudjEuUGxhY2VzLlNlYXJjaFRleHQQAhgEIAA,ChIJx4XTCHq774cRBjbqm3cFpbY,"Low — mycket nystartat bolag (0 registrerade anställda), ingen telefon/e-post publikt tillgänglig, endast kontaktformulär på webbplatsen",https://www.allabolag.se/foretag/green-service-sverige-ab/malm%C3%B6/st%C3%A4dservice/2KIUQZNI5YH6T|https://greenservice.se/kontakt/,2026-07-04
Städpoolen i Skåne,Städpoolen i Skåne AB,559536-7458,Fredsgatan 17,212 12,Malmö,Centrum,040-611 13 35,info@stadpoolen.com,https://www.stadpoolen.com/,https://www.google.com/s2/favicons?domain=stadpoolen.com&sz=128,,Städtjänster|Fönsterputs|Trädgårdsarbeten|Sanering|Företagsservice|Hemservice,"Medelstort städbolag i Malmö med brett utbud: alla typer av städtjänster, fönsterputs, trädgårdsarbeten, sanering samt företags- och hemservice.",Skåne,Städpoolen i Skåne har enligt egen marknadsföring funnits sedan 1991 och är ett medelstort företag med cirka 50 anställda som utför städtjänster åt företag och privatpersoner i hela Skåne.,1991,Eric Alvin Raoul Grön,20-49,Aktiebolag,Ja,,,,,F-skatt|Momsregistrerad,Telefon/offertbesök,,,,,,"Medium — bolagets marknadsföring anger verksamhet sedan 1991, men Allabolags registreringsdatum är 2025-07-01 (sannolikt en juridisk om-registrering av ett längre etablerat varumärke); grundningsår 1991 använt enligt bolagets egen historik med denna reservation noterad",https://www.stadpoolen.com/|https://www.allabolag.se/foretag/st%C3%A4dpoolen-i-sk%C3%A5ne-ab/malm%C3%B6/st%C3%A4dservice/2KJC55UI5YH6T,2026-07-04
Radiant Städ Malmö,Radiant Städ Handelsbolag,969802-2523,Sorgenfrivägen 37A,214 38,Malmö,Västra Sorgenfri,073-526 46 31,,https://www.radiantstad.com/,https://static.wixstatic.com/media/422a71_ba7969523b014023840f98bcf01c1045~mv2.png,,Flyttstädning|Trappstädning|Hemstädning|Kontorsstädning|Storstädning|Fönsterputs,"Lokal städfirma i Västra Sorgenfri, Malmö, med brett tjänsteutbud och grön/miljöprofil; öppet alla dagar 08:00-18:00.",Malmö,"Radiant Städ Malmö är en lokal, grön städfirma som sätter kunden i fokus och arbetar med precision och ansvar. Registrerad som handelsbolag i december 2024.",2024,,,Handelsbolag,Ja,5.0,,,,,Telefon/webbplats,Kostnadsfri offert,,Facebook|Instagram|TikTok,,,"High — org.nr, adress och kontaktinfo korsverifierade mellan egen webbplats och Ratsit; 5.0 betyg synligt på egen sajt men reviewantal ej specificerat",https://www.radiantstad.com/|https://www.ratsit.se/9698022523-Radiant_Stad_Handelsbolag,2026-07-04
365247 Effektiv Städ Skåne,365247 Effektiv Städ Skåne AAA AB,,,,Malmö,Malmö,,,,,https://places.googleapis.com/v1/places/ChIJkZIbxeKjU0YRvhXF01QSS5Y/photos/AWCwydgMgmwOd-KpCaSdiij31DREvlNkLQbUCtoFSCGRGDXf6rACh782eSMPIGD83Q7j9BSYgm_8-s-RyaVysSnPCkDxvAM4M_RQkFyekR6Zn0tpMZOZZqJ8S7udzHtg8HsCdEhUYLwdz_nWomR5Gt1gdcHIr8Gh9QSQevNtdZnPlFBDMJAsz5t2qp3GE725xebqPva9XGJd11v_cdL4axvOoKFHlH7q-2cZHHlHqieYqaggPwJzWLDOZoMTyY6BHg9ypt_jIoQTHxl7NO6SP5c1_3gEkZMPQDJQqmT10gYzPw1jT5c3fy6SinUHzdwbcbr1RD2Aye1-qbH-pwsh552zewEXekG2pM1DbS31yVvHyjeXFSvuNYpVCyb45oJELF-ZzNJW8fY7ip1QOIc3uMOi73VIkn8NkoKQ3vqzLk2u2oxjlsmV/media?maxWidthPx=400&key=AIzaSyAgucJSAxcE0tpOe1l47Xy0Rw4QehRSg94,Städning,,Malmö,"Städbolag som tidigare var aktivt i Malmö, men registerdata (SYNA) visar bolagsstatus 'Försatt i konkurs'. Google-listning kan vara ouppdaterad.",,,,Aktiebolag,Okänd,,,,,,,,,,https://maps.google.com/?cid=10829769884481951166&g_mp=Cidnb29nbGUubWFwcy5wbGFjZXMudjEuUGxhY2VzLlNlYXJjaFRleHQQAhgEIAA,ChIJkZIbxeKjU0YRvhXF01QSS5Y,"Low — KRITISK FLAGGA: bolagsregistret (SYNA) visar status 'Försatt i konkurs' (bankruptcy), vilket står i konflikt med en till synes aktiv Google Places-listning; inkluderad endast som varningsexempel — rekommenderas EJ för bokning/publicering utan färsk verifiering av aktuell status","SYNA registerdata (konkursstatus identifierad under enrichment, specifik URL ej sparad)",2026-07-04
Arisa Städ AB,Arisa Städ AB,556987-6450,Vasagatan 1 C,753 13,Uppsala,Centrum/Kungs gärdet,072-73 58 408,,https://arisastad.se/,https://www.google.com/s2/favicons?domain=arisastad.se&sz=128,https://places.googleapis.com/v1/places/ChIJC2ZKjGCdX0YR8r1e73ilI5M/photos/AaVGc3nVn6oriOI46HyeudkgYdcczZurp5gMkkY83m6zG1eZDK_6KwuR1RoyIYpJZug-S9XQiU_C4ft-ea7vEBjdOrv2kkRMRo8LAHSPPXBO3BAFco_lq_vwjhcz_Kpsm974DFewMBbH2vlfaq9lZicRma2aMi95FU2gtFkR4GuNyYpnIvuC3HXort3f5194yD78uF7sCbjLRdnZx9mIwxD6ioPI_qPXonfo9k8wjpyvDcEuezFKs0y8es4Pbg4cAUKE5l9a_zxMUN8RoKtOxDzUUFdLY5hMv9WlEWCv81jr54Ln2cDhQMk-OZU9F0Xv6_BxLwM3Ak3cSXLOI6wfqTmInYkPFfxpB7RbktSjuCqXIPY1Sm42CV4UG2pk0cZuSXlgz0HWhrjAhX7oI6pcZjHJb6rpAUGG9HWC4FiqC6y6UL7S-g/media?maxWidthPx=400&key=AIzaSyAgucJSAxcE0tpOe1l47Xy0Rw4QehRSg94,Flyttstädning|Hemstädning|Storsstädning|Städhjälp/veckostädning|Fönsterputsning|Utröjning/transport,"Flyttstädning: städning vid flytt. Hemstädning: regelbunden städhjälp i hemmet. Storsstädning: grundlig genomstädning. Städhjälp/veckostädning: återkommande städning. Fönsterputsning: puts av fönster. Utröjning/transport: utröjning av lägenheter/hus t.ex. vid flytt till vårdboende, bolaget har även tillgång till en mindre lastbil för transportuppdrag.",Uppsala,"Arisa Städ AB är ett litet, ny(are) etablerat städföretag i Uppsala som drivs av ägaren Arisa Khongraeng, som har ca 15 års branscherfarenhet inklusive specialstäd på Forsmarks kärnkraftverk. Bolaget registrerades 2014 och har etablerat sig i Uppsala sedan 2017, med 2 anställda. Företagets egna webbplats (arisastad.se) är för närvarande nedstängd (""account has been suspended""), men bolagets existens och verksamhet är väl styrkt via oberoende källor (bolagsregister, en samarbetspartnerlista från GMF Uppsala, samt en jobbannons).",2014,Arisa Khongraeng,2,Aktiebolag (AB),Ja,,,,,F-skatt registrerad|Ansvarsförsäkring,"Telefonkontakt för möte och kostnadsförslag (enligt tredjepartskälla GMF Uppsala, eftersom egna webbplatsen f.n. är nere)",Ingen publik prislista tillgänglig (webbplats nere); kostnadsförslag lämnas efter möte enligt tredjepartskälla,Svenska,,https://maps.google.com/?cid=10602499886590901746,ChIJC2ZKjGCdX0YR8r1e73ilI5M,"Low - website unconfirmed (arisastad.se currently returns a suspended-account/hosting error, no live content could be crawled). However, the underlying business IS confirmed genuinely real and active via multiple independent sources: company registry (Allabolag/Merinfo org.nr 556987-6450, active status, F-skatt, moms-registered, employer), Arbetsmiljöverket inspection records, and an independent third-party partner listing (GMF Uppsala) describing the same owner, phone number, and service list. This is NOT a fake/SEO-only listing - it is a small genuine owner-run firm whose website happens to be down at time of research.",https://www.merinfo.se/foretag/Arisa-St%C3%A4d-AB-5569876450/2k45s6a-1e8o4|https://www.allabolag.se/foretag/arisa-st%C3%A4d-ab/uppsala/byggm%C3%A4stare/2K45S6AI5YDDT|https://www.gmfuppsala.se/om-gmf/samarbetspartners|https://maps.google.com/?cid=10602499886590901746,2026-07-03
Svenska Hem och Städ AB,Svenska Hem och Städ AB,556952-8549,Verkstadsgatan 8,753 23,Uppsala,Boländerna,010-888 71 88,kundservice@svenskahemochstad.se,https://svenskahemochstad.se/,https://consumersiteimages.trustpilot.net/business-units/5f65c3b1f57ff70001011c54-198x149-1x.jpg,https://places.googleapis.com/v1/places/ChIJk9I4MOjJX0YRNGusZDtIWFg/photos/AaVGc3nTxXq2M3zrihCfdv_tNmMeJD_Pwr7vuyKpWm2Q_7qlp8GwlcJn7mF4QBYwWBT8_OP_XFDxgzTycvwD_wTvh3Cv-z25UbPJjOymxHUKm3tgn-19n0ComJ_DC7fX4YAV9spQbT02Rj0ERIzSy5pd_hmHVA8ilmNardoPNimTx8ZI81lEEiTBbOs5p-IqJ2RMdIe_f2csnF0AjJMiAeeUUaSfleZHr2gIdHGtvfwpRcasCm2BIJsk_1p4IJu9-_bXurp25RP7h45TmejXChBRqKtC6f18cGQ1OVEt_CcdxnrMkiw-9biVyv0sp8l8qK4y5aPPKX8zhZ1mvVjcG5mPZ5cmIL7xXsiFp6his83dOrjBgtQ71Q4iXgfyvJOWGg_6r2j_ivqXdbXB9jrYfUrodNAw0OEWUYwn3bVakZuruttXK5fj/media?maxWidthPx=400&key=AIzaSyAgucJSAxcE0tpOe1l47Xy0Rw4QehRSg94|https://www.svenskahemochstad.se/wp-content/uploads/2020/12/housekeeper.png,Hemstädning|Flyttstädning|Fönsterputs|Storsstädning|Kontorsstädning|Fastighetsstädning|Trädgårdstjänster|Visningsstädning,"Hemstädning: återkommande professionell städning för enklare vardag. Flyttstädning: avlastning och tidsbesparing vid flytt. Fönsterputs: fläckfria fönster utan smutsränder. Storsstädning: ordentlig genomstädning av hemmet. Kontorsstädning: rent och fräscht kontor för trivsel. Fastighetsstädning: städning av gemensamhetsytor åt fastighetsägare. Bokning sker online via ""Mina Sidor"", RUT-avdrag dras direkt på fakturan.","Västerås, Uppsala, Örebro, Eskilstuna och Stockholm","Svenska Hem och Städ AB är en rikstäckande städkedja verksam i fem svenska städer inklusive Uppsala, med onlinebokning, kvalitetsgaranti och automatiskt RUT-avdrag. Bolaget marknadsför sig på utbildad personal, miljöklassade rengoringsmedel och en ""leveranschef"" som kontaktperson. OBS: Bolagets Trustpilot-betyg är lågt (2,9/5, 34 recensioner) och innehåller flera allvarliga, namngivna klagomål om felaktig fakturering, uteblivna städtillfällen och dålig kundservice - detta står i kontrast till marknadsföringens kvalitetslöften och bör noteras för användare som överväger företaget.",,,,Aktiebolag (AB),Ja,,,"""Hade regelbunden hemstäd via detta företag. Det var krångel från dag 1...Vid ett tillfälle dök de inte upp alls. De tog dock fortfarande betalt för städtillfället och vägrade återbetala...avråder starkt."" - TE, Trustpilot (1/5, 10 juni 2025) | ""Varning för detta företag! Fuskar med allt, utnyttjar personal och följer inte lagar. Anlita inte!"" - Kristoffer L, Trustpilot (1/5, 5 nov 2024) | ""Varning. Anlita inte dessa. Har ingen koll på vad dom gör och respekterar inte lagar och regler"" - TIX Tix, Trustpilot (1/5, 7 sep 2023)","Trustpilot: 2,9/5 (34 recensioner) som av 2026-07-03",Ansvarsförsäkring (enligt egen webbplats),"Online-bokning via ""Mina Sidor"" på svenskahemochstad.se, prisräknare tillgänglig på webbplatsen","Interaktiv prisräknare på webbplatsen (städabonnemang, flyttstädning, storsstädning, fönsterputs, visningsstädning) - inga fasta priser publicerade som text",Svenska,,https://maps.google.com/?cid=6365917493217487668,ChIJk9I4MOjJX0YRNGusZDtIWFg,"Medium - website (svenskahemochstad.se) confirmed matching via org.nr 556952-8549 stated on the contact page and multi-city service area including Uppsala explicitly listed; identity match is solid. Gap: founded_year and founder could not be confirmed via available registry search in this session (org.nr confirmed but incorporation date not located). Important quality flag: independently verified Trustpilot rating (2.9/5, 34 reviews) is notably poor with multiple genuine, attributed complaints about billing and no-shows - included transparently as other_ratings/review_snippets since these are real, sourced, dated reviews, not fabricated.",https://svenskahemochstad.se/|https://svenskahemochstad.se/kontakt/|https://se.trustpilot.com/review/svenskahemochstad.se|https://maps.google.com/?cid=6365917493217487668,2026-07-03
Star Städ i Uppsala AB,Star Städ i Uppsala AB,556720-5090,Spikgatan 1,753 23,Uppsala,Boländerna,+46 18 24 83 31,,,,https://places.googleapis.com/v1/places/ChIJ6-5VLf3LX0YRClEzQqM1zr0/photos/AaVGc3kCFb6T55c-3Xpg_0Dek8vXE2ijHJlca_RNnqgZio83bdnLxO-YjofsDsnJ0UfjCtJOpBfyorqrthwFK3YB7nEWYngstCLHGeBOY1TmXcwgf1vfvGFneBHY084wDuNt72d5pP03-h5lEcX5Tw_AjroCzExSRvE9xys_yQzB2yyiWfl1pCLC-rLVFQ243o74BqxmMUdsbg0kqMNI5ASR8l14oRHdVtV6Zqqf3qqwsYwrdFmD1mv0N2Wyy4u2FndaVzmWsRHX-5C91Nr7xPn-VCOsRUQxw7vRd8jhqcSYRwRabJxYjrHNA_MEtNWt4fa46pBDNT48MTOYGIfoZbEYVMhfcFuEXE0Qmw2KBu4LukQt79cSWC_AoL0ROWmOHVTr9bfirpSicwlzJ26T9okiB2U-CobZl7BlJPGIfpGdOs-V-7q7/media?maxWidthPx=400&key=AIzaSyAgucJSAxcE0tpOe1l47Xy0Rw4QehRSg94,Hemstädning|Kontorsstädning|Storsstädning|Flyttstädning|Fönsterputs|Golvvård,"Hemstädning och kontorsstädning: grundlig städning av hem och arbetsplats. Storsstädning: djupgående genomstädning. Flyttstädning: städning vid utflytt. Fönsterputs: putsning av fönster. Golvvård: vård av golvytor. (Tjänstebeskrivningarna härrör från tredjepartskatalog stadningguiden.se, ej bekräftade via egen webbplats eftersom bolaget saknar en identifierad egen webbplats.)",Uppsala,"Star Städ i Uppsala AB är ett litet registrerat städbolag utan egen identifierad webbplats. Bolaget är registrerat sedan 2007 (SNI 81210 Lokalvård) och drivs av styrelsen Alex Saleh och Shameran Saleh. Företaget är mycket småskaligt (0 registrerade anställda enligt senaste årsredovisning, omsättning ca 131 tkr/år 2025), vilket tyder på begränsad löpande verksamhet snarare än en aktiv, växande städfirma. OBS: Oberoende bolagsregister (Allabolag, Hitta.se, rating.se) anger nuvarande registrerad adress som Stångjärnsgatan 3, 753 23 Uppsala, vilket skiljer sig från adressen Spikgatan 1 som anges i Google Maps-listningen (bestämd via direkt sidextraktion av Google Maps: ""Spikgatan 1, 753 23 Uppsala, Sweden"" - Google-listningen själv använder alltså Spikgatan 1, i linje med förifylld data, men detta är sannolikt en äldre/inaktuell adress jämfört med registrets nuvarande Stångjärnsgatan 3).",2007,,0,Aktiebolag (AB),Okänt,,,,,,Telefon (enligt Google Maps-listning); ingen onlinebokning identifierad,,Svenska,,https://maps.google.com/?cid=13676928093677375754,ChIJ6-5VLf3LX0YRClEzQqM1zr0,"Low - website unconfirmed (no official website could be identified for this company at all; service descriptions come only from a third-party directory, stadningguiden.se, not the company's own materials). Confirmed real and active via registry (Allabolag/rating.se/Hitta.se org.nr 556720-5090, filed accounts through 2025) and directly verified live on Google Maps (extracted page content shows ""Spikgatan 1, 753 23 Uppsala, Sweden"", phone +46 18 24 83 31, ""No reviews"", status ""Closed - Opens 7 AM Sat""). Address discrepancy between Google's own listing (Spikgatan 1, used here per instructions) and multiple independent registries (Stångjärnsgatan 3) is flagged but not resolved - possibly an outdated Google listing. Zero registered employees and minimal revenue suggest this may be a dormant or near-dormant holding shell rather than an actively marketing cleaning business, though the company is not a pure SEO landing page (it is a real registered, filing entity with no marketing site at all, if anything the opposite situation).",https://www.rating.se/info1/light/overview/5567205090|https://www.hitta.se/star+st%C3%A4d+i+uppsala+ab/uppsala/nsyfijjcm|https://stadningguiden.se/uppsala/uppsala/star-stad-uppsala-ab-uppsala/|https://maps.google.com/?cid=13676928093677375754 (live-verified via browser extraction),2026-07-03
Städhjälp24 Uppsala AB,Städhjälp24 Uppsala AB,,Fyrisgatan 12B,753 15,Uppsala,Centrum/Fjärdingen,,,https://stadhjalp24.se/,https://www.google.com/s2/favicons?domain=stadhjalp24.se&sz=128,https://places.googleapis.com/v1/places/ChIJT2TlchaC30gRD-GCurAfMb8/photos/AaVGc3m89ddmPk2aUv21zguCu9p5H9-CjPd0vUlj9M58XP21DZuF4g_zkSCSM_mFy2WEfLt9uD5u5g8CuIhJXUlykk90fuZ5wbaBSuPqcaNvYHs34tIdUC-We8iItzXDLZJ5CXl3C0d8IrM5NtlzVd2J9F2NEx1gJoAU_8Tfg689FUuHlYMZl90sWJPi4CRSPrshRpQhL2wX5X6V_I7EzQAZWTrndaGYetNT-7LZVENx8udceXtXCBaA_AMGtZ8XwoFTN4x1Q3ajhRLcGPYifOBRYPVnRYvc1jkfg98uWBEkZdp_DGyXQ69yF5mAx03onKB1ABRmm73Z94Hfv5s2gU4pmzyDbxdtVHIenzM4PGUhsptB4Hf6H4GPPt28370gR2C2mqTksaidO0Mr2iizGytiq3ee69p0A8RYT5X_f-5NpdkjXQ/media?maxWidthPx=400&key=AIzaSyAgucJSAxcE0tpOe1l47Xy0Rw4QehRSg94,Hemstädning|Fönsterputs|Anpassad städning efter schema,"Helhetsstädning till fast pris där transport, rengöringsmedel, trasor och administrativa avgifter ingår. Kostnadsfritt hembesök för att gå igenom förväntningar och fastställa ett schema anpassat efter kundens livsstil, samt presentera prislistor och paket. Egen fast hemstädare tilldelas kunden.",Uppsala,"Städhjälp24 Uppsala AB beskriver sig självt som ""ett litet familjestädföretag från Uppsala som bryr sig mycket om sina kunder"". Verksamheten drivs av Ewelina Michalak (namnet återkommer i flera kundrecensioner på den egna webbplatsen, vilket styrker att detta är en genuin liten ägardriven städfirma och inte enbart en SEO-landningssida). Erbjuder flexibel städning utan bindningstid, fria av-/ombokningar och miljövänliga produkter.",,Ewelina Michalak,,Aktiebolag (AB),Ja,,,"""Stort tack! Så himla rent och noggrant städat. Det var en fröjd att komma hem!"" - Gry, Uppsala | ""Jag kan verkligen rekommendera att anlita städservice. Ewelina är mycket pålitlig, svarar snabbt och informativt på mail och det blir alltid fint städat"" - Stina, Uppsala | ""Fick min första städ igår och jag är väldigt nöjd. Ewelina är så duktig och trevlig. Det blev så rent och fint"" - Lena, Uppsala",,,Kostnadsfritt hembesök bokas via kontaktformulär på stadhjalp24.se för schema och offert,"Fast pris som inkluderar transport, rengöringsmedel, trasor och administrativa avgifter; exakta belopp presenteras vid hembesök, ej publicerade på webbplatsen",Svenska,,https://maps.google.com/?cid=13776827579006902543,ChIJT2TlchaC30gRD-GCurAfMb8,"Medium - website (stadhjalp24.se) content strongly matches the business profile (small Uppsala family cleaning firm) and the customer testimonials naming ""Ewelina"" corroborate a real owner-operator. However, org_number could not be confirmed via registry search in this session (name variations between ""Städhjälp24"" and legal entity name may have hindered matching), so org_number is left empty rather than guessed. No phone/email found on the crawled pages (contact appears to be via a form only). This is a genuine small owner-run business, not a pure SEO landing page - the specific, consistent naming of the owner across multiple independent testimonials is strong corroborating evidence.",https://stadhjalp24.se/|https://stadhjalp24.se/om-oss/|https://stadhjalp24.se/kontakt/|https://maps.google.com/?cid=13776827579006902543,2026-07-03
Ultraputs AB,Ultraputs AB,556687-9093,Krusegatan 46,212 25,Malmö,Sofielund,040-799 80,info@ultraputs.se,https://ultraputs.se,https://www.google.com/s2/favicons?domain=ultraputs.se&sz=128,,Fönsterputsning|Abonnemang fönsterputs|Företagsstädning,"Fönsterputsning som engångstjänst eller återkommande abonnemang, fast pris och ingen bindningstid. Provkampanj 240 kr (efter RUT) för första putsningen, jobbet utförs inom 10 arbetsdagar.",Malmö|Skåne|Göteborg,"Ultraputs AB är ett väletablerat fönsterputsföretag aktivt sedan 2005, med kontor i både Malmö och Göteborg samt del av Enströms Holding AB. Bolaget har ca 30 anställda och omsatte drygt 24 miljoner kr 2025.",2005,Kristian Håkan Matthias Olsson (VD),ca 30,Aktiebolag,Ja,4.5,16,,,,Onlinebokning|Telefon|E-post,Provkampanj fönsterputs 240 kr efter RUT för första tillfället,Svenska,,https://maps.google.com/?cid=738187710765542321&g_mp=Cidnb29nbGUubWFwcy5wbGFjZXMudjEuUGxhY2VzLlNlYXJjaFRleHQQAhgEIAA,ChIJS8TxeW-hU0YRsSu91c-RPgo,"High — org.nr, adress, finansiell historik och kontaktuppgifter bekräftade via hitta.se/ultraputs.se, väletablerat bolag sedan 2005",https://ultraputs.se/kontakt|https://www.hitta.se/ultraputs+ab/malm%C3%B6/mnrrdemtu|Google Places,2026-07-04
Kölnan Städ & Flytt,Kölnan Städ & Flytt AB,559226-0946,Bjurögatan 48,211 24,Malmö,Rosengård,010-750 08 20,kundservice@kolnanstad.se,https://kolnanstad.se,https://kolnanstad.se/wp-content/uploads/2025/07/kolnan-logo-260x88.webp,https://places.googleapis.com/v1/places/ChIJ7cmHEQahU0YRcthbowehbS0/photos/AWCwydhtvYlqtenBqBWlXTZFKxN6nYiifca1HkLPmQMA5BgC2rexTUw5-oDjAwYdHnWYJnPgoSMzQB7UlrIHTPk9g4jNTf33iAvM193Bv4j1ixXrr7ZmZgwhGCyoGIe2P78dv7YTnrx1IC8rL02zGMA3NJkF_vEu1dPZzjIpVvDr9OngcKfxhlZ5G9_LDexywFL3mHpMZLAY_MuuKss4SS2vIJSL4hweKt4q81Wk3zoezqcsG-C306-aIYc8wVSVO6UPA3dm0ZuXSZjDoDfy_nvXczHCGe6KIAYKCKIZSWyXHkO4HyEKLbUa11T7CDRmtQShBLkMautIVMQJ_wMeXIlSBCNdiRqCXp59xG4xYtosQPGnLd_5u4iHhcjNzIpF3u0MQVGO2yuMPo-REeLwpVFw_2jihuzqdbbmlLfdHc84Q9iS-v8_685Bh0Lzpz_JAT-u/media?maxWidthPx=400&key=AIzaSyAgucJSAxcE0tpOe1l47Xy0Rw4QehRSg94,Hemstädning|Flyttstädning|Flytthjälp,"Kombinerat städ- och flyttföretag: hemstädabonnemang, flyttstädning och flytthjälp i Malmö, Halmstad och omkringliggande orter. Bokning online eller offertförfrågan via hemsidan; nyckelhantering/nyckelkvittens för städkunder.",Malmö|Halmstad|Skåne,"Kölnan Städ & Flytt AB är ett aktiebolag registrerat 2019 som bedriver lokalvård och flytt, med fokus på städ- och flyttjänster för privat- och företagskunder. 12 anställda, omsättning ca 10,9 Mkr (2025).",2019,Alexander Visekruna (styrelseledamot),12,Aktiebolag,Ja,4.8,265,,,,Onlinebokning|Kontaktformulär|Telefon,"Offert via hemsida, RUT-avdrag tillämpas",Svenska,,https://maps.google.com/?cid=3273449558345767026&g_mp=Cidnb29nbGUubWFwcy5wbGFjZXMudjEuUGxhY2VzLlNlYXJjaFRleHQQAhgEIAA,ChIJ7cmHEQahU0YRcthbowehbS0,"Medium — kombinerat städ/flytt-bolag (ej renodlad städfirma), men stark recensionshistorik (265 omdömen) och verifierat org.nr/adress",https://kolnanstad.se/kontakta-oss/|https://www.allabolag.se/foretag/k%C3%B6lnan-st%C3%A4d-flytt-ab/malm%C3%B6/st%C3%A4dservice/2KHHK5UI5YH6T|Google Places,2026-07-04
Kafönsterputs&städ,,,Delsjögatan 45,217 60,Malmö,Husie,070-034 99 04,,http://www.kafonsterputs.se,https://www.google.com/s2/favicons?domain=kafonsterputs.se&sz=128,https://places.googleapis.com/v1/places/ChIJj4AKLbehU0YRG4wlkfcMBZ0/photos/AWCwydgjiDkGU8Lv65rfByXnDXahd1z4S93VcKjj7TqH6b_6SvKGee0Jz2ScM5iS2LsWYJiOTuY6Jjwkkx7prAT-qWTAa7QzV4P2kIZkhKsrfgOL7EJ2b9q5YtFtyO6Gt6xy1cr8u6FO2GQyo1i5UvqDobrrPHmqdoAZeRfxMblCO7ggCgQ4yjyZxou6C4ciaDBKFg-ZaMqPDoPw8AFy_NmImRMbpgX0shVGwAerPTiRLVC4UFCernu8KHbFyCfmzq8eHyxK_Lz1sArbzHpkDpu6QiuQMOkHyz3qD45oPJw-CGfRHTTk0shoF7IoCPvzzm1XoYAXvHWEIwi58rsOpSFR7uoWvGNc2MDvpNRC0jSIY6hQfJb1ffUW_Dmvc477QJsMyYquU-b6npCGET-oYCgwCiSHDN5lox3UYNg02Eb7NUvFKA/media?maxWidthPx=400&key=AIzaSyAgucJSAxcE0tpOe1l47Xy0Rw4QehRSg94,Fönsterputsning|Flyttstädning|Hemstädning,"Fönsterputsning och städtjänster inklusive flyttstädning i Malmö, bokningsbart via hemsida.",Malmö,"Lokal fönsterputs- och städfirma i Malmö (Husie) med goda kundomdömen för snabb, professionell service.",,,,,Okänt,5,18,"""Allt jättebra, från att det var enkelt att boka tid på hemsidan till snabbt och proffsigt utförande med skinande fönster på rekordtid. Kan absolut rekommendera!"" — kund, Reco.se",Reco.se: 4.5/5 (6 omdömen),,Onlinebokning|Telefon,,Svenska,,https://maps.google.com/?cid=11314463896269851675&g_mp=Cidnb29nbGUubWFwcy5wbGFjZXMudjEuUGxhY2VzLlNlYXJjaFRleHQQAhgEIAA,ChIJj4AKLbehU0YRG4wlkfcMBZ0,"Low — org.nr och juridiskt namn ej återfunna (litet företag/enskild firma), endast telefon och adress bekräftade",https://foretagsproffs.advokater24.nu/kafonsterputsstad---130781|https://www.reco.se/ka-fonsterputs|Google Places,2026-07-04
Städera Service,Städera Service AB,559300-9284,Solbogatan 28,212 32,Malmö,Almhög,,,https://staderaservice.se,https://media1.staderaservice.se/2020/04/50x50.png,https://places.googleapis.com/v1/places/ChIJC6qU1IihU0YR7HJfTCnEvTE/photos/AWCwydhO7G_tgDz-kwBRzPUhbJC_SeAszoN51JfSWVuJC31yvkh95voIn4bkOTsRybtv1B4kuuXX_uptWz_dn3wQq8ba1cxiw2DplXz40Otydp4Dtd2usplh4kBLzK_1YhY_-hxK7lGOp9-kfNRb1kWMV3tUXzh6Ovd8DHZo-D9EU2dJ0Lzu1fnIlf1zLkuLupls_3ExYOjH_WPUTF2WHw8jtuuoIoFL12CnLAYpASZRbbhQoSmDCfxr0O-QMWdrHBvP1C2voT46gnKjldxYqF1tGcx4oWLv2ykLp1ydcAfxmZBazK7OghXFYR-hD5u0c7S8NN7utCI4eGKarEdY_fpbS8wvPQ29oM8B407M4xnwUv1_qVkBrXU76qiQ1UcGweybVirdTNo31nIhjpj0DOtK_0sKMTu6wA6TWlsPUmmOBi7AUEwm/media?maxWidthPx=400&key=AIzaSyAgucJSAxcE0tpOe1l47Xy0Rw4QehRSg94,Hemstädning|Flyttstädning|Kontorsstädning|Storstädning,"Helhetslösningar inom städ för privatpersoner och företag. Miljövänliga och KRAV-märkta produkter, Covid-19-anpassade rutiner. 15% rabatt på första hemstädningstillfället.",Malmö,"Städera Service AB är en städfirma i Malmö med över 15 års erfarenhet inom städ, facility service och hotellbranschen. Fokus på personlig, trygg service och kontinuerlig personalutbildning.",2021,Arzzo Behzadi,13,Aktiebolag,Ja,5,7,,,KRAV-märkta produkter,Onlinebokning,15% rabatt på första hemstädningstillfället,Svenska,,https://maps.google.com/?cid=3584236560110809836&g_mp=Cidnb29nbGUubWFwcy5wbGFjZXMudjEuUGxhY2VzLlNlYXJjaFRleHQQAhgEIAA,ChIJC6qU1IihU0YR7HJfTCnEvTE,"Medium — org.nr och adress bekräftade via Allabolag, men gäller '15 års erfarenhet' avser branschen ej bolagets registreringsår (2021); telefonnummer ej återfunnet",https://staderaservice.se/|https://www.allabolag.se/foretag/st%C3%A4dera-service-ab/malm%C3%B6/st%C3%A4dservice/2KHXLL0I5YH6T|Google Places,2026-07-04
Global Städ,Globalstäd Service AB,559213-6591,Lundavägen 36,212 19,Malmö,Kirseberg,076-586 06,,,,https://places.googleapis.com/v1/places/ChIJhe5WsdyjU0YRD94B2co6F8U/photos/AWCwydiaQswIi06iK3sSPrnVgDmXT1gsxSvrT07dYMcojfenG-HC4epdF5ct9VUZ6_Fvtze1N5zxHJFndaK2AD8Aq0OlLjsbcg4Luz6XZDWDdlaGIDubodIJsrAZB2vPaVsBHLadzwmM0Awt3dBZP0tomWNv5_-8xXec67KTJ-STUW4u1-FKqtZzNSWhJrf7fzOFzq8mgLT85K62TMJXO5N2NbxckGR3AWgCyoEF-SVe2Knox503gwH8NjxOUtU131kPZZJdNy4xqIhVz2AXgb11gsXPCKf1EXWoZxWYmpACw6fPedVdxda4s3XZkQYLjkUCJXKvh-qg1dmuIuvb5pwrmkInALyXFtDVfnvNyQm_kKKy6C5y03mlzccmxmzzfWK1C6j5d1Zp_moXoFG8DRQf1NKZjLLHvhpUD-x-8qdGKCDeyg/media?maxWidthPx=400&key=AIzaSyAgucJSAxcE0tpOe1l47Xy0Rw4QehRSg94,Flyttstädning|Hemstädning|Industriell rengöring|Städning av fastigheter,"Städtjänster inklusive flyttstädning, hemstädning, industriell rengöring och fastighetsstädning i Malmö.",Malmö,Globalstäd Service AB är ett städbolag i Malmö (Kirseberg) registrerat 2019 med 6 anställda.,2019,Evaristus Mbi Nyenti,6,Aktiebolag,Okänt,3.9,23,"""Vi är mycket nöjda med flyttstädningen. Absolut inget att anmärka på!"" — Camilla, hitta.se","hitta.se: 5.0/5 (1 omdöme, för närliggande enskild firma 'Globalstäd Skåne' på samma gata)",,Telefon,,Svenska,,https://maps.google.com/?cid=14201884592834731535&g_mp=Cidnb29nbGUubWFwcy5wbGFjZXMudjEuUGxhY2VzLlNlYXJjaFRleHQQAhgEIAA,ChIJhe5WsdyjU0YRD94B2co6F8U,Low — ingen egen hemsida återfunnen; observera att en snarlik enskild firma 'Globalstäd Skåne' (Lundavägen 44A) finns i samma område vilket kan orsaka sammanblandning,https://www.allabolag.se/foretag/globalst%C3%A4d-service-ab/malm%C3%B6/st%C3%A4dservice/2KHEW7JI5YH6T|https://www.hitta.se/verksamhet/globalstad-skane-ctxykkctu|Google Places,2026-07-04
Nils Flyttstäd AB,Nils Flyttstäd AB,,Gripgatan 7,582 27,Linköping,Centrum,,,https://www.nilsflyttstad.se/,https://www.google.com/s2/favicons?domain=nilsflyttstad.se&sz=128,,Flyttstädning|Hemstädning|Företagsstädning|Sanering och storstädning|Fönsterputs|Byggstädning,Flyttstädning: helhetstjänst med 30 dagars garanti och besiktning innan städ; Hemstädning: professionell hemstäd; Företagsstädning: skräddarsydd för mindre företag; Sanering och storstädning: nikotin/städsanering till lägre kostnad än specialiserade saneringsfirmor; Fönsterputs: professionell fönsterputsningstjänst; Byggstädning: slutstäd för byggprojekt,Linköping|Östergötland,"Nils Flyttstäd är en flyttstädfirma i Linköping som även erbjuder hemstädning, företagsstädning, sanering, storstädning, fönsterputs och byggstädning. Företaget är samarbetspartner med Stångåstaden i Linköping, innehar F-skattsedel och är försäkrat upp till 10 miljoner kronor. Kunder erbjuds 30 dagars full garanti på utförda uppdrag.",,,,Aktiebolag,Ja,4.9,58,,,F-skattsedel|Försäkrad upp till 10 miljoner SEK,Telefon|Kontaktformulär på hemsida,"425 kr/timme efter RUT-avdrag, eller pris efter överenskommelse",,,https://www.google.com/maps/place/?q=place_id:ChIJrTBn0mhrWUYRoGGQfvhZ6xY,ChIJrTBn0mhrWUYRoGGQfvhZ6xY,Medium - no phone/email/org number publicly confirmed; strong service and pricing detail from official site,Google Places|https://www.nilsflyttstad.se/,2026-07-04
Deluxia AB,Deluxia AB,,,,Linköping,,010-160 05 05,info@deluxia.se,https://www.deluxia.se/linkoping/,https://www.google.com/s2/favicons?domain=deluxia.se&sz=128,,Hemstädning|Kontorsstädning|Flyttstädning|Visningsstädning|Fönsterputs|Trappstädning|Storstädning|Städabonnemang,Hemstädning: regelbunden städ av hem för privatpersoner; Kontorsstädning: professionell och rutinerad städ av företagslokaler; Flyttstädning: städ vid flytt; Visningsstädning: städ inför bostadsvisning; Fönsterputs: fönsterputsning; Trappstädning: städ av trapphus; Städabonnemang: löpande städtjänst med korta uppsägningstider,Linköping|Östergötland,"Deluxia är en av Östergötlands största utförare inom hemstäd och erbjuder städtjänster för privatpersoner och företag i Linköping. Företaget arbetar enligt SRY:s städmetodik, har kollektivavtal, F-skattsedel, ansvarsförsäkring och använder miljöanpassade material och städmetoder. Erbjuder 100% nöjd kund-garanti.",,,,Aktiebolag,Ja,4.6,112,,,F-skattsedel|Kollektivavtal|Ansvarsförsäkring|SRY städmetodik,Telefon|E-post|Kontaktformulär på hemsida,Prisförslag via offertformulär på hemsidan; abonnemang med korta uppsägningstider,,,https://www.google.com/maps/place/?q=place_id:ChIJlXO4W89rWUYReO6Q6Yl9becc,ChIJlXO4W89rWUYReO6Q6Yl9becc,"Medium - national-style multi-city chain page, no local street address or org number found; phone/email confirmed",Google Places|https://www.deluxia.se/linkoping/,2026-07-04
finOren i Sverige AB,finOren i Sverige AB,556916-6340,Gillbergagatan 30,582 73,Linköping,Skäggetorp,,,https://finoren.se/,https://www.google.com/s2/favicons?domain=finoren.se&sz=128,,Hemstädning|Kontorsstädning|Specialrengöring,Hemstädning: städtjänster för privatbostäder; Företagsstädning: städtjänster för företagslokaler; Specialiserad rengöring: skräddarsydd rengöring efter kundens behov,Linköping,"finOren i Sverige AB är en städfirma i Linköping som erbjuder ett brett tjänsteutbud för privatpersoner och företag, med fokus på hemstädning och specialiserad rengöring. Företaget har två registrerade Google-platser (Gillbergagatan 30 och Runstensgatan 5) under samma organisationsnummer, tolkat som registrerad adress respektive kontors-/besöksadress för samma bolag.",,,,Aktiebolag,Okänt,4.8,66,,,,Kontaktformulär på hemsida,,,,https://www.google.com/maps/place/?q=place_id:ChIJq6o6VLVoWUYRQF0xkK3XB8k,ChIJq6o6VLVoWUYRQF0xkK3XB8k,"Medium - org number and high rating confirmed via registry cross-check, but no phone/email/founder/employee data found; company also has a secondary Places listing (Runstensgatan 5, 4.2/5 reviews) under the same org number, deduped here in favor of the higher-rated listing",Google Places|https://finoren.se/|bolagsfakta.se|hitta.se,2026-07-04
Carina Städservice Eko AB,Carina Städservice Eko AB,,Banérgatan 4A,582 32,Linköping,Vasastaden,,,https://carinastadservice.se/,https://www.google.com/s2/favicons?domain=carinastadservice.se&sz=128,,Hemstädning|Flyttstädning|Kontorsstädning|Fönsterputs|Storstädning,Städtjänster för privatpersoner och företag i Linköping enligt tjänstesidan på carinastadservice.se; specifika tjänstebeskrivningar återfinns på respektive undersida på hemsidan,Linköping,"Carina Städservice Eko AB är en ekologiskt inriktad städfirma i Linköping som registrerades 2022-06-07. Företagets egen hemsida anger erfarenhet sedan 2021, medan officiell registrering skedde 2022. Kundomdömen nämner professionellt bemötande och hög kvalitet.",2022,,,Aktiebolag,Ja,4.9,44,,,,Kontaktformulär på hemsida,,,,https://www.google.com/maps/place/?q=place_id:ChIJC1FblqZoWUYRT7pXAoWDwHY,ChIJC1FblqZoWUYRT7pXAoWDwHY,"Medium - registered founding date confirmed via allabolag.se, but website claims earlier operating start (2021); org number, phone, email not confirmed; strong review signal",Google Places|https://carinastadservice.se/|allabolag.se|hitta.se,2026-07-04
Cyklande Städarna AB,Cyklande Städarna AB,,Skogsgatan 93,587 23,Linköping,Johannelund,,,https://cyklandestadarna.se/,https://www.google.com/s2/favicons?domain=cyklandestadarna.se&sz=128,,Hemstädning|Flyttstädning|Storstädning|Engångsstädning|Visningsstädning|Fönsterputs|Kontorsstädning|Trappstädning|Lokalvård|Företagsstädning,"Cykelbaserad, klimatsmart städfirma som utför hem- och företagsstädning med miljövänliga produkter; erbjuder skräddarsydda scheman och samma medarbetare vid varje tillfälle",Linköping och närliggande områden,"Cyklande Städarna AB är en klimatsmart städfirma i Linköping som utför städuppdrag med cykel och miljövänliga produkter. Företaget erbjuder både engångs- och löpande städning för privatpersoner och företag, med fokus på hållbarhet och noggrant utvald, utbildad personal under schyssta villkor.",,,,Aktiebolag,Ja,4.9,39,"Jan, kund städhjälp Linköping: ""Det kändes så rätt och det var lätt att anlita detta bolag som både hade bra pris och fint tänk för miljön, fin idé och likaså genomförande.""",,,Onlineformulär för offert,Offert via onlineformulär per tjänst; 50% RUT-avdrag på arbetskostnaden dras direkt på fakturan,,,https://www.google.com/maps/place/?q=place_id:ChIJhZq0RN9rWUYRq3s7bLLmZQE,ChIJhZq0RN9rWUYRq3s7bLLmZQE,Medium - address confirmed by Places and own site (warehouse at Heimdalsgatan 4A also mentioned but not used as street address); org number/phone/email not confirmed,Google Places|https://cyklandestadarna.se/tjanster|allabolag.se,2026-07-04
Vasaglansen AB,Vasaglansen AB,559125-3637,Sigtunagatan 9,113 22,Stockholm,Vasastan,073-508 52 56,info@vasaglansen.se,https://www.vasaglansen.se/,https://www.google.com/s2/favicons?domain=vasaglansen.se&sz=128,https://places.googleapis.com/v1/places/ChIJu1J9TiydX0YRKmKnAfwoHeE/photos/AaVGc3lul8iTnNTiktoE27rZSI8qhxh4YPNY45Q3_XThzNiL0U0Q24SWjZvTwN43bAsjol2-o84mND0WpK-DgtKEtzSgBur4yykCX97TgZzL-L7mktphLJHDHLdvXOV17GKM629RGS4UGkxJX7sWXN7UiW3GTNUAmypbrmo9c3h5_Lfn3q5ZJcWaJYZcOg3OXSZzq35FqT7wpARRGi0VY_XpDNyzOWFN1rc_xcGiHNzJqXgu-mKFh4bBn9oVjf-ChNrLyBnzizpVN7onpbnhIfwiLDqEvyMht1IhOErVX_wVrUAci3S3ek1E-ZNIfTdooqXxwggfUNGytcFhkKsTqmS8xrJInuVaYLV6_fD0HsTPs3nzJ2wHFBYrIO1aGr-FA1052s6OgQMHss06bZPwjcFe35ToXyD3Zf8mgbzGlHucK2E5YAA/media?maxWidthPx=400&key=AIzaSyAgucJSAxcE0tpOe1l47Xy0Rw4QehRSg94,Hemstädning|Flyttstädning|Storstädning|Kontorsstädning|Trappstädning|Fönsterputsning|Lokalvård,"Hemstädning: regelbunden städning av kök, badrum, vardagsrum och sovrum efter kundens schema. Flyttstädning: grundlig städning inför avflytt som uppfyller hyresvärdens krav. Storstädning: djupgående genomgång av skåp, garderober, kök och badrum. Kontorsstädning: skräddarsydd städning efter företagets schema. Trappstädning: städning av trapphus för BRF och företag. Fönsterputsning: putsning för fläckfria fönster. Lokalvård: städning för kommersiella och offentliga lokaler.",Hela Stockholm inklusive innerstad och ytterförorter,Vasaglansen är en snabbväxande och modern städfirma i Stockholm med huvudkontor i Vasastan. Företaget riktar sig till både privatpersoner och företag och erbjuder ett brett utbud av städtjänster. Vasaglansen arbetar hållbart med miljömärkta produkter och prioriterar att tilldela samma städare för återkommande uppdrag för att skapa trygghet och personlig relation med kunden. Bolaget ingår i EK Group Holding AB.,2017,,15-18,Aktiebolag,Ja,5.0,200,,,,"Intresseanmälan via hemsidan, bekräftelse inom 24h",Från 265 kr/h efter RUT-avdrag,,,https://maps.google.com/?cid=16221166495683011114&g_mp=Cidnb29nbGUubWFwcy5wbGFjZXMudjEuUGxhY2VzLlNlYXJjaFRleHQQAhgEIAA,ChIJu1J9TiydX0YRKmKnAfwoHeE,High,Google Places|vasaglansen.se|allabolag.se|hitta.se,2026-07-04
Hemfrid i Sverige AB,Hemfrid i Sverige AB,556529-8444,Birger Jarlsgatan 61,113 56,Stockholm,Norrmalm,08-555 915 00,,https://www.hemfrid.se/,https://www.google.com/s2/favicons?domain=hemfrid.se&sz=128,https://places.googleapis.com/v1/places/ChIJB1tInuh3X0YRGJrJIjZqNRM/photos/AaVGc3lP00YZHjcQD-rUmhHT8XXKe7OKR6vDjNHPWIOpHVnLfAsqSfAVOZakqtvAvtwaD3P_mOaZMRUj08h4qceWTQ_Z5fJLPfNC-ncdN_zwi09ASVkCj6IusoGQEUbdGfrXK65qILXN94hopQElskN4cPhw-fGXpUJqDeEV3r40KCIHhzfH1mLXCM59T-skggfjwXJ2Kty_ogArjwVbXWvtO40ULfQZh80o5wbCvcs7dQT-yYlTkY7i1c2XWVJ6tWx92X6rzmucPKBxqrc31SyTMBvdLO6u6QzYjNdQFSf_QG29080ARCO4DU9O2thggMs1airgyEelRsrIDgq269RtbmWmDDK62FHIEbJcmReilD7c8UT-CfaWxVzvx2T7jKOMuXuF0niZ55YDEUd4-b1R3fK2jNy8njVYDiIVjmlkj94wVuuxChb3cfqIn21cLwk_/media?maxWidthPx=400&key=AIzaSyAgucJSAxcE0tpOe1l47Xy0Rw4QehRSg94,Hemstädning|Storstädning|Fönsterputsning|Flyttstädning|Trädgårdshjälp|Kontorsstädning|BRF-tjänster,"Hemstädning: regelbunden städning bokningsbar online via app, städmaterial och miljömärkta medel ingår. Storstädning: grundlig nystart av hemmet. Fönsterputsning: abonnemang eller engångstjänst. Flyttstädning: professionell städning som klarar besiktning. Trädgårdshjälp: skötsel av utomhusmiljö. Kontorsstädning: håller kontor rent och representativt. BRF-tjänster: trappstädning och gemensamma ytor för bostadsrättsföreningar.",Hela Stockholm samt rikstäckande från Gävle i norr till Malmö i söder,"Hemfrid grundades 1996 av Monica Lindstedt med visionen att skapa en enklare och mer hållbar vardag. Idag är Hemfrid Sveriges största företag inom hemservice med över 1800 anställda och verksamhet i Stockholm, Göteborg, Malmö, Linköping, Uppsala och Västerås. Bolaget ingår i KEYTO Group AB (publ) och har utsetts till en av Sveriges mest attraktiva arbetsgivare flera år i rad.",1996,Monica Lindstedt,1855,Aktiebolag,Ja,3.8,554,"""Alltid professionellt bemötande av alla på Hemfrid. Städresultatet är superbra."" — Sara, Stockholm (från hemfrid.se)",,,"Onlinebokning via hemsida eller app, ange postnummer för pris","Pris baseras på postnummer och vald tjänst, visas vid bokning online",,,https://maps.google.com/?cid=1384129241230711320&g_mp=Cidnb29nbGUubWFwcy5wbGFjZXMudjEuUGxhY2VzLlNlYXJjaFRleHQQAhgEIAA,ChIJB1tInuh3X0YRGJrJIjZqNRM,High,Google Places|hemfrid.se|allabolag.se|hitta.se,2026-07-04
Hembry AB,Hembry AB,559172-5709,Vikingagatan 19,113 42,Stockholm,Vasastan,010-350 00 60,info@hembry.se,https://hembry.se/,https://hembry.se/lovable-uploads/01d6e223-b050-4109-af34-af3d500055af.png,https://places.googleapis.com/v1/places/ChIJpcA87zF3X0YRsIy2AN5QlW4/photos/AaVGc3lDGgqoDEFwpxHBMl_FihkbNOJd5YkPjJPNE9x__y2woV7X-ZeGi_MIgsciP1p9EaJtmKyNwBJEV1D3S3jypmm_Qa7Nw4QfUDrpbZtTUUbfZDFTR2E_89qo3RPXY6ESqX6fK5JfqMEvDQLqoqbqL9lbRV1wgme8ncY3TEdv3PcIoyhc4plBZM6zoKRywdghDSDpkb8NKu6FQTEz8bGmZ2xgEmWkh3lhtKKB6TQBDx_TqSYAhnq4UyKFitP6r8b5rIdGPAL3keTUkZfTnFqlsseZYNwPa_U741__LPyiLW4RQLHgt0Uq4yDFgq4_X6wNwXbnnt8L04U8kyLXkLWaGN7M7BKkBsXKWTtZUNrmb2_V50AyUbhdWcGC96FtLjUpoI_ROGso0MNgovW6m5rcIfVoR6vDsWtj6Fl4eqih5tToiOo/media?maxWidthPx=400&key=AIzaSyAgucJSAxcE0tpOe1l47Xy0Rw4QehRSg94,Hemstädning|Flyttstädning|Fönsterputs|Storstädning|Lokalvård|Företagsstädning|Restaurangstädning|Kontorsstädning|Trappstädning|Industristädning,Hemstädning: professionell hemstädning i Stockholm inkl. Vasastan och Östermalm. Flyttstäd: städning inför avflytt. Fönsterputs: putsning av fönster. Storstäd: grundlig helgenomgång av bostaden. Lokalvård/Företagsstädning/Restaurangstädning/Kontorsstädning/Trappstädning/Industristädning: kommersiella städtjänster för olika branscher.,"Stockholm (inkl. Vasastan, Östermalm, Lidingö), Göteborg, Malmö, Lund, Gotland, Karlstad","Hembry är en modern, ambitiös och hållbar städfirma grundad 2018 med målet att ha branschens nöjdaste kunder och bästa arbetsvillkor. Bolaget är certifierat enligt ISO 9001:2015 (kvalitet) och ISO 14001:2015 (miljö), har kollektivavtal och ansvarsförsäkring. Hembry verkar i Stockholm, Göteborg, Malmö, Lund, Gotland och Karlstad.",2018,,56,Aktiebolag,Ja,4.6,215,,,ISO 9001:2015|ISO 14001:2015|Kollektivavtal,Bokning via hemsida (BOKA-knapp) eller telefon/mejl,,,,https://maps.google.com/?cid=7968364030126886064&g_mp=Cidnb29nbGUubWFwcy5wbGFjZXMudjEuUGxhY2VzLlNlYXJjaFRleHQQAhgEIAA,ChIJpcA87zF3X0YRsIy2AN5QlW4,High,Google Places|hembry.se|allabolag.se,2026-07-04
Städfen AB,Städfen AB,556838-7855,Karlbergsvägen 37,113 62,Stockholm,Vasastan,076 313 41 31,,https://stadfen.se/,https://stadfen.se/static/img/StadfenLogo_Color.3214b0f05432.svg,https://places.googleapis.com/v1/places/ChIJ722mIuJ3X0YR3qHeq-YaaQo/photos/AaVGc3k2F5kQWz4pmL9CWlzUxDuMZuCQBYwxb3gJUd450sHW_z_AUTz4TVhHtbarfftSuOH3aILD2UozDizBvRNt40E1okzFQRCGyTJm0mnmltz9hVddiCce1BT5ziF27teeZQD6cMG27ckh5dpaZpiDtrrwwL9QJe9wc7gSWYoePhMnMJf1jX2bLLhOoLcSqUQz3u7l7fIVTG9bldXQsqYJI_6TaoW0l0YAxyDfrlVCMwHGKqQ8CF99zb3E2CEMu3jyDLzEPwAuo6t-jTI5Ihhw_-XuwETsysOA41IqnUevH9aUB_bcnZiIv_M9NwUUBMZ4BaNE_d0pxVGHkxxF4iVpVtXjkuu9TljP3yudj0U5bzQbLBtVVbQnjaZbjBy60ir08j9PfNSkXIDh32Kd6Dvi5_yVlTTL4p-CD_wUdL2jbVWH1Co-q8XyAdfO1E1q5VkG/media?maxWidthPx=400&key=AIzaSyAgucJSAxcE0tpOe1l47Xy0Rw4QehRSg94,Hemstädning|Kontorsstädning|Storstädning|Visningsstädning|Flyttstädning|Fönsterputsning,Hemstädning: regelbunden städning från 360 kr/h utan bindningstid eller abonnemangskrav. Kontorsstädning: städning av arbetsplatser. Storstädning: grundlig helstädning. Visningsstädning: städning inför bostadsvisning. Flyttstädning och fönsterputsning erbjuds enligt allabolag.se verksamhetsbeskrivning.,Storstockholm,"Städfen grundades som ett enmansföretag av Elena och har vuxit till ett team på cirka 40 medarbetare (företagets egen uppgift; allabolag anger 23 anställda). Företaget har funnits i Stockholms städbransch sedan 2009 enligt egen hemsida, med organisationsregistrering 2011-01-18. Städfen har kollektivavtal, personalförsäkring och ansvarsförsäkring hos Trygg-Hansa, samt erbjuder full flexibilitet utan bindningstid.",2009,Elena,23-40,Aktiebolag,Ja,4.9,143,,,Kollektivavtal|Ansvarsförsäkring (Trygg-Hansa),"Telefon eller kontaktformulär, kundtjänst mån-fre 8-16",Hemstädning från 360 kr/h,,,https://maps.google.com/?cid=750160390962192862&g_mp=Cidnb29nbGUubWFwcy5wbGFjZXMudjEuUGxhY2VzLlNlYXJjaFRleHQQAhgEIAA,ChIJ722mIuJ3X0YR3qHeq-YaaQo,Medium,Google Places|stadfen.se|allabolag.se,2026-07-04
Städade Hem,Städade Hem Sverige AB,559046-1975,Forumvägen 14,131 53,Stockholm,Nacka,08-571 444 55,kontakt@stadadehem.se,https://stadadehem.se/,https://www.google.com/s2/favicons?domain=stadadehem.se&sz=128,https://places.googleapis.com/v1/places/ChIJJZeInfiB9UYRdAOjrva4T80/photos/AaVGc3kAhrZga79EyIEa9_EeUWMfylbp4V8AVMiPUE-pNxQhxxes6QQvzVwkMXvrNsl9uO-Bd2c4S1XTn3DcsGRTUuRFQNw-YKLfGkDDeWoKmMoT_Rm_htoq9PO6jahhiui-HJy8CYwhwTxgcsX6UfDi1qejllP7wOSZ7XlQ6Q20D6z0b_OqVYd7lUrOZnWNPbvH4Ua8vB6AUJyzMEV-qyCZO10ZFwJIAMiYqys-riY02g79Sf7NE4dNwSgwQEC_67f1Ka4z69ztkHrLtiCkUA8aqsYIY9hNByqZNUUB240YrQ4soR6KzeXgMyZLtvYPxg9c7oSyOxs5iiVB6i7-ZGG6YakAE5nqZHEYbpyUUBMB1uZnycjNpDgdeSjPxGOmOxzilbZazRNeThIZwYOhEaOHQMO66jOjUA-oYZsA_uNUCCXTRZU2keFzWqIxr5g0CCT9/media?maxWidthPx=400&key=AIzaSyAgucJSAxcE0tpOe1l47Xy0Rw4QehRSg94,Hemstädning|Storstädning|Ugnsrengöring|Fogrengöring|Renbäddning|Tvätthantering|Strykning,"Hemstädning: regelbunden städning varje, varannan eller var fjärde vecka med samma städare. Storstädning: fast pris, grundlig städning av varje vrå. Tilläggstjänster: ugnsrengöring, fogrengöring, renbäddning, tvätthantering och strykning.",Nacka|Värmdö|Stockholm,"Städade Hem grundades 2016 då barndomsvännerna Oscar och Patrik lånade en dammsugare för att flyttstäda en villa på Ingarö. Idag har företaget växt till cirka 74-85 medarbetare. Sedan 2024 fokuserar man enbart på privatkunder med regelbunden hemstädning och storstädning, inget företagsstäd. Miljövänliga produkter, kollektivavtal, ansvarsförsäkring och säker nyckelhantering.",2016,Oscar och Patrik,74,Aktiebolag,Ja,4.8,53,,,Kollektivavtal|Ansvarsförsäkring,"Gratis hembesök via kontaktformulär, telefon eller e-post; provstädning innan avtal signeras","329 kr/timme efter RUT, städmaterial ingår",Svenska|Engelska,,https://maps.google.com/?cid=14794246670566753140&g_mp=Cidnb29nbGUubWFwcy5wbGFjZXMudjEuUGxhY2VzLlNlYXJjaFRleHQQAhgEIAA,ChIJJZeInfiB9UYRdAOjrva4T80,High,"Google Places|stadadehem.se (start, hemstädning, om-oss)|allabolag.se",2026-07-04
RenyX AB,RenyX AB,559569-8514,Tollareslingan 7,132 49,Stockholm,Nacka (Saltsjö-boo),,,,,https://places.googleapis.com/v1/places/ChIJm0sIwZt5X0YRYdleRRhQUi4/photos/AaVGc3nxyj30jx-M-EbyNWlNPXpTfGnBRKXyNta3yQlm5-iD1GkoO-jTjX-Ap7Newc0M8P2exLIrA_Yiyraq9lksdajktnU2fySSPtfakBRI_2rWmKZ4223nijVarutYi7SxWcYOq1zeZ1FgwDRjGZcJsJXdK1xV7eQ6Qf5ryI3qGgu90m39AmOHyZb6ksG-d8h-GcqU91SRCdzU36JThRdKF9zioRQwYc0-HleTe2MSOxP8Oq0nNgRb-QPXNK8UBinW0PWUXujzzgU8Z1egEN32TpARU3Dw2LhWGcDsgXrW7qpx5lOcm0NimeHtZLitShZuuCZ-GuSgHDpi6f-qbskcHVvVDzdL2LvQiZ4Nu2SBBM0sDUx8B5NNT3lICqzHv0-Igz8kq2VXmYu0ZpSbKUk-4uvDjA4_EcYVBXv4LxZbqc-olZPke0Nh6ey8QEjnKQ/media?maxWidthPx=400&key=AIzaSyAgucJSAxcE0tpOe1l47Xy0Rw4QehRSg94,Hemstädning|Flyttstädning|Service- och fastighetsnära tjänster,"Bolaget bedriver städ- och rengöringsverksamhet för privatpersoner och företag, inklusive hemstädning, flyttstädning och andra närliggande tjänster samt service- och fastighetsnära tjänster.",Nacka|Saltsjö-boo,"RenyX AB är ett städföretag baserat i Saltsjö-boo, Nacka kommun, registrerat för städ- och rengöringsverksamhet riktad till både privatpersoner och företag.",,,,Aktiebolag,Okänt,5,9,,,,,,,,https://maps.google.com/?cid=3337818339008239969&g_mp=Cidnb29nbGUubWFwcy5wbGFjZXMudjEuUGxhY2VzLlNlYXJjaFRleHQQAhgEIAA,ChIJm0sIwZt5X0YRYdleRRhQUi4,Low,Google Places|merinfo.se,2026-07-04
HomeMaid,Homemaid AB (publ),556543-8883,Anderstorpsvägen 10,171 54,Stockholm,Solna,08-556 954 44,stockholm@homemaid.se,https://homemaid.se/,https://www.google.com/s2/favicons?domain=homemaid.se&sz=128,https://places.googleapis.com/v1/places/ChIJTaTL-eh3X0YRQAcJG66l_os/photos/AaVGc3lry0IkjfBO34VVWqNfpQj_iQC-3Jsap883Z-psO34QAe6bCFY8EGlmFVG4TA-BVlhy1nsXbdPr7s2xU6bxblZpUNOqWlQbysuzGj3QkhjT-DgTCdPbiBGSHWQsrrPA9Cj0iHRcDssYXpyq5VwIHee2a7L9uaswb-zKvmHB5Hd87Nb94MJH_TfLRw_P959FxnOIxPjqEuXuHWW6doFOjUD9otXQuyxaRjVbAmYkfReIg1lJw1w6t5RuUA0q6OLllmjUw3mFPllYo9aweZNfXKyp73uN7nj12R4vm4hAHVWFibFjD-9VCLyBqPnlTaRJlLFeU_SfRMxlOh0AGubvoN53P08_KgvAsFRlrMk0Bk9E8j_DSb0duc-XIrTSu2xKj6_qxoWQYrpnY1ib6cZY9_Al3iMdqJUDQ1KXF8iF0w7Q1w/media?maxWidthPx=400&key=AIzaSyAgucJSAxcE0tpOe1l47Xy0Rw4QehRSg94,Hemstädning|Storstädning|Fönsterputsning|Visningsstädning|Flyttstädning|Kontorsstädning|Trappstädning,"Hemstädning: regelbunden städning med samma serviceassistent. Storstädning: grundlig rengöring av varje vrå. Flyttstädning: garanterad nöjd kund, fönsterputs ingår, gemensam slutbesiktning med köpare. Visningsstädning inför bostadsförsäljning. Fönsterputsning och trappstädning för företag.",Solna|Nacka|Täby|hela Stockholmsregionen inklusive förorter,"HomeMaid grundades 1997 av Birgitta Josefsson och är ett av Sveriges största städföretag med schyssta kollektivavtal. Kundnöjdhet cirka 4,7/5. Från kontoret på Anderstorpsvägen 10 i Solna utgår team till uppdrag i hela Stockholmsregionen, inklusive innerstan, Solna, Nacka, Täby och förorter.",1997,Birgitta Josefsson,692,Aktiebolag (publ),Ja,4.5,349,,,Kollektivavtal|F-skatt,Telefon 08-556 954 44 eller e-post stockholm@homemaid.se,,Svenska,,https://maps.google.com/?cid=10087682382552958784&g_mp=Cidnb29nbGUubWFwcy5wbGFjZXMudjEuUGxhY2VzLlNlYXJjaFRleHQQAhgEIAA,ChIJTaTL-eh3X0YRQAcJG66l_os,High,"Google Places|homemaid.se (kontakta-oss, hemstädning, flyttstädning)|hitta.se",2026-07-04
Cleanflat Sverige AB,Cleanflat Sverige AB,559045-1083,Björnstigen 40,170 72,Stockholm,Solna,010-129 59 64,kontor@cleanflat.se,https://cleanflat.se/,https://cleanflat.se/wp-content/uploads/2025/12/Cleanflat-Favicon.png,https://places.googleapis.com/v1/places/ChIJnfI4LbmRX0YRUGcBdO4O__Y/photos/AaVGc3kYq5tt2uDL5_YM4AZTPSj_9vftkjUJjlLnSTSPNTL6XmjfCxiRZTcyTEQArJXcM747Hh2J4bv0JXdO-9l9PoLMLdcwnUkxY5VJXKh3eYNI-UM4wFe6cnFH5ibq4pX64pQ-SWyWy-P9HxWZsbPzeHCYVYqp5oTP--jVYmoVDyq4T9VpINdC7tfRbjsgSyPMJXgK3DzJeRtFNxQaSMpIu-yR_B6-TdltAniIB3ftx5oqtxi7SPW4urUFAOz6_R9hU28lTuebPDO7Ie0Z9K7IEIK06X_RrIgd9qMj4bq84INEHMAKswWbQ9Rq-ge5m0L3Q-QLRb2dyq9vmnLJC2SxiNxMJSVVCJ23FPwYSPltd7i3iTqkOHfYorGIzDFE9SpUjn5psKgbPoIvWrH1MkqzvJWnMUt6l2XoaR7XtPa3CXeGEg/media?maxWidthPx=400&key=AIzaSyAgucJSAxcE0tpOe1l47Xy0Rw4QehRSg94,Hemstädning|Helgstädning|Storstädning|Fönsterputs|Flyttstädning|Grovstädning|Akutstädning|Kontorsstädning|Butiksstädning|Hotellstädning|Gymstädning|Visningsstädning|Airbnb-städning|Golvvård|Skolstädning|Byggstädning|Trappstädning,"Hemstädning på flexibla villkor utan bindningstid. Företagsstäd inkl. kontor, butik, hotell, gym, visningar, Airbnb och golvvård. Lokalvård med fasta rutiner för skolor och byggarbetsplatser.",Solna|Stockholm,"Cleanflat Sverige AB grundades 2010 med filosofin att harmoni börjar hemma, inspirerad av japanska spa-koncept om lugn, balans och detaljfokus. Genomför cirka 2000 städuppdrag per månad med ett professionellt team på 32 anställda. Erbjuder miljövänliga produkter och kvalitetsgaranti.",2010,,32,Aktiebolag,Ja,4.5,91,,Reco 4.6/5 (300 omdömen),,"Kontaktformulär eller telefon, offert inom 24 timmar",,Svenska,,https://maps.google.com/?cid=17797960669702743888&g_mp=Cidnb29nbGUubWFwcy5wbGFjZXMudjEuUGxhY2VzLlNlYXJjaFRleHQQAhgEIAA,ChIJnfI4LbmRX0YRUGcBdO4O__Y,High,"Google Places|cleanflat.se (start, kontakta-oss)|allabolag.se|reco.se",2026-07-04
Carolas Hem- & Företagsservice AB,Carolas Hem- & Företagsservice AB,559127-9798,Gustav III:s Boulevard 112,169 74,Stockholm,Solna,073-975 00 93,kontakt@carolashemservice.se,https://www.carolashemservice.se/,https://www.carolashemservice.se/wp-content/uploads/2023/03/carolas-hem-och-foretagsservice@2x.png,,Hemstädning|Företagsstädning|Kontorsstädning|Butiksstädning|Trapphusstädning,"Städservice för privatpersoner i Stockholm, Solna och Sundbyberg med fokus på långsiktiga kundrelationer. Företagstjänster för små och medelstora kontor, butiker och trapphus från 398 kr, med samma noggrannhet som hemstädning.",Solna|Sundbyberg|Stockholm,"Carolas Hem- & Företagsservice AB grundades i februari 2012 av Carola Fundell. Ett av Stockholms mest rekommenderade städföretag i 12 år, med fokus på nära, omsorgsfulla och långsiktiga kundrelationer. Kollektivavtal med Kommunal via Almega samt Fora-försäkring för anställda vid sjukdom och föräldraledighet.",2012,Carola Fundell,15,Aktiebolag,Ja,,,,Reco 4.9/5 (220 omdömen),Kollektivavtal (Almega/Kommunal)|Fora-försäkring,"Kontaktformulär, e-post eller telefon 073-975 00 93",Företagsstädning från 398 kr,Svenska,,,,Medium,"carolashemservice.se (start, om-oss, kontakta-oss)|allabolag.se|reco.se",2026-07-04
Flytt & Städ Västmanland AB,Flytt & Städ Västmanland AB,559351-9647,Hejargränd 6 A,721 33,Västerås,Bäckby,,,https://www.flyttfirmav.se/,https://www.google.com/s2/favicons?domain=flyttfirmav.se&sz=128,https://places.googleapis.com/v1/places/ChIJfVhTBShjXkYRQCrszAbPo4g/photos/AaVGc3kaCZoct0x3FqVThJrHIH4rFbZF0E5nRVOq71_93AXUQgqdj416NieOXt2GD-i811L380OA1npqfWDk1sd_vamj4EfR7az6OCAhOE_pmELtU6hiQIUVlASJmWS1PBhcooHSfXRjTI7Inny0Z5DIc3719OImQziaFWd-5EegrqCGTvbuFYGj1DbUTGo-c2OLiF9yAe9-zZrjfETcadWeNWAtLlUc-tw9pqWX0eCvFDPP6gFiqvnDTllI1ZL-eVhS5HzOTx4aA5b0wakQcNX9MAEPf_Xg79R9o-jemb6A92MwNIxrwnK4Bioj2LMfTQuWM5cqvVnkjwaQML1rDq4pF-fES4etQJfGYc6HZUd5QrgBZ7HtbZn3bu9ZT6229RP13zQzzHDrQdheZR4f8H-Kf2s8pqgoqzUFZbqhrpvHLIdue98a52gMYf42O_PDqRjN/media?maxWidthPx=400&key=AIzaSyAgucJSAxcE0tpOe1l47Xy0Rw4QehRSg94,Flyttstädning|Hemstädning|Kontorsstädning|Butiksstädning|Flytthjälp|Bärhjälp|Pianoflytt|Trädgårdshjälp,"Flyttstädning: noggrann flyttstädning i samband med flytt, en av företagets specialiteter|Flytthjälp: hjälp med stor eller liten flytt efter kundens önskemål, inklusive utlandsflyttar inom Europa|Övriga tjänster: bärhjälp, pianoflytt, trädgårdshjälp och bortforsling av skräp",Västerås|Eskilstuna|Uppsala|Örebro|Gävle,"Flytt & Städ Västmanland AB är en professionell flytt- och städfirma med bas i Västerås som hjälper privatpersoner, företag och kommuner med flytthjälp, städtjänster och transport i hela Sverige och vid behov även utomlands. Företaget har trafiktillstånd och nödvändiga försäkringar, använder miljömärkta produkter och prioriterar kvalitet, säkerhet och kundnöjdhet.",2021,,10,Aktiebolag,Ja,4.7,431,"""Flyttade snabbt och effektivt, jag är super nöjd med allt... nogrann med alla våra grejer jag kommer välja denna firma igen."" - Ahmad Qadri (Google-recension)|""Mycket noggranna, arbetsamma, starka, snabba och varsamma med flyttgodset som kom fram i perfekt skick."" - Google-recension",,Trafiktillstånd (Transportstyrelsen)|Fullständigt försäkrade,Kontaktformulär på hemsidan för gratis prisförslag,Gratis prisförslag/offert. RUT-avdrag 50% på arbetskostnaden för städtjänster.,,,https://maps.google.com/?cid=9845940838476819008&g_mp=Cidnb29nbGUubWFwcy5wbGFjZXMudjEuUGxhY2VzLlNlYXJjaFRleHQQAhgEIAA,ChIJfVhTBShjXkYRQCrszAbPo4g,Medium,Google Places|https://www.flyttfirmav.se/|https://www.flyttfirmav.se/om-oss/|https://www.allabolag.se/foretag/flytt-st%C3%A4d-v%C3%A4stmanland-ab/v%C3%A4ster%C3%A5s/%C3%A5kerier/2KI8JDRI5YIR3|https://www.ratsit.se/5593519647-Flytt_%26_Stad_Vastmanland_AB,2026-07-04
B&A Städ i Västerås AB,B&A Städ i Västerås AB,559439-4297,Fallhammargatan 2,721 33,Västerås,Bäckby,,,https://ba-stad.se/,https://www.google.com/s2/favicons?domain=ba-stad.se&sz=128,,Städservice|Storstädning|Fönsterputsning|Kontorsstädning|Hemstädning,"Professionell städservice för både privatpersoner och företag i Västerås, med fokus på pålitlighet och kvalitet",Västerås|Hallstahammar,"B&A Städ i Västerås AB erbjuder professionell städservice i Västerås för både privat- och företagskunder, med lokal förankring och fokus på pålitlighet och kvalitet.",,,2,Aktiebolag,Okänt,,,,,,,,,,https://www.google.com/maps/place/?q=place_id:ChIJG-UsM9hjXkYR-ZtXIi1whnw,ChIJG-UsM9hjXkYR-ZtXIi1whnw,Medium,Google Places|https://ba-stad.se/|https://ba-stad.se/about-us|https://www.allabolag.se/foretag/ba-st%C3%A4d-i-v%C3%A4ster%C3%A5s-ab/v%C3%A4ster%C3%A5s/byggm%C3%A4stare/2KIRA9LI5YDDT|https://upplysningar.syna.se/foretag/5594394297/ba-stad-i-vasteras-ab,2026-07-04
Städkraften i Mälardalen AB,Städkraften i Mälardalen AB,559506-7504,Fallhammargatan 1c,721 33,Västerås,Bäckby,073-642 11 01,,https://www.stadkraften.se/,https://www.google.com/s2/favicons?domain=stadkraften.se&sz=128,https://places.googleapis.com/v1/places/ChIJ2WYq-wJdmKcRVtEnIlxOFfM/photos/AaVGc3nyv0K4OiFojBlUz3QNMd8e05CDsFsjOJgd5wsqkDGjoEf9nM9nhwR53ZF68w0PMyrtvbIuZmapacactBKufj2RXz7S2QePy8RRmxPU9wBdDWGAkgEww6nkdzS25TxWtpya8GYpOgyYRYGQnWw0QDm9vud-pJPNW_8sxt5_RPsZgOJbFe7loHG1ziXm7wijWWeSpyfmI4jXBjcX_6-ouby5CS5aa2sqG2mXgKTLHXvGzA1O7hsJhTT1VDViXCVMT4rHq9Z5s0xHHtveaV4xxhaqt8AdTjMFt3fRYQKHY7D6ZU2KfhcEvZjvoP19VJkO-7SxS9zQWsraye3TDDSEO9PQAm-IMTaLPMGJWIC1SYnNrZHnhv5fvVIqzaKIy-uMES_ldsTe0V-KBvuaZo-UfcUejCgRIQ7FML452EqegpQcIM0Qy7Ol9Ks9FkeTvYfz/media?maxWidthPx=400&key=AIzaSyAgucJSAxcE0tpOe1l47Xy0Rw4QehRSg94,Hemstädning|Flyttstädning|Storstädning|Fönsterputs|Kontorsstädning|Trappstädning|Byggstädning|Golvvård|Snöskottning|Gräsklippning|Lövstädning|Halkbekämpning,"Privat: hemstädning, flyttstädning, storstädning och fönsterputs för privatpersoner|Företag: kontorsstädning, trappstädning, byggstädning och golvvård för företag|Säsong: snöskottning, gräsklippning, lövstädning och halkbekämpning",Västerås,"Städkraften i Mälardalen levererar noggrann och pålitlig städservice för privatpersoner och företag i Västerås. Med över 10 års erfarenhet och tusentals nöjda kunder erbjuder de nöjd-kund-garanti, utbildad och bakgrundskontrollerad personal samt miljömärkta produkter.",2024,,0,Aktiebolag,Ja,4.5,77,"""Sitter och njuter mitt nystädade hem, och det utan att lyft ett finger. Trevligt bemötande och noggrann städning. 100% nöjd!"" - Turid Sandén (Hemstädning)|""Fantastisk service! Vårt kontor har aldrig varit så rent. Mycket professionella och punktliga."" - Maria Lindqvist (Kontorsstädning)",hitta.se: 4.6/5 (66 omdömen),,"Kontaktformulär/telefon för kostnadsfri offert, svar inom 24 timmar",Kostnadsfri offert. RUT-avdrag upp till 50% på arbetskostnaden.,,,https://maps.google.com/?cid=17515992483344404822&g_mp=Cidnb29nbGUubWFwcy5wbGFjZXMudjEuUGxhY2VzLlNlYXJjaFRleHQQAhgEIAA,ChIJ2WYq-wJdmKcRVtEnIlxOFfM,Medium,Google Places|https://www.stadkraften.se/|https://www.hitta.se/f%C3%B6retagsinformation/st%C3%A4dkraften+i%20m%C3%A4lardalen%20ab/5595067504|https://hitta.se/verksamhet/stadkraften-i-malardalen-ab-cgttvioq|https://www.ratsit.se/5595067504-Stadkraften_i_Malardalen_AB,2026-07-04
Klara Städ AB,Klara Städ AB,559237-6981,Fallhammargatan 8,721 33,Västerås,Bäckby,,,https://klarastad.se/,https://www.google.com/s2/favicons?domain=klarastad.se&sz=128,https://places.googleapis.com/v1/places/ChIJUfbaP6NjXkYRH-m0z9rQzE4/photos/AaVGc3mKo7qhQj3nvh4z1VW8_04lTag7-F1E4FojAi7Izu8iMREWh7i1c6xmn68uAjwiJDzvj_KNusDjgtG9SVIYQ1Qvb7JrkAX2hoS0Isjj18C0xKTxOlrJliAEgd7ny2rnsfIIbG0_vnbzitsV94nMBRRj0YJUbTk7XlEmmAJPMyLyXk5DhuT1_xnhZ-NxW34S0DO9ayyaKYy8ByM-sNQCJs8cmKJMGkXJj8Unnx5FVQihilq1MzqZfZk6v_6Nc4RhK80vldnwmpk5FSgVBOTG8IHcUcxIvAV1KAC_8zRTJpdGZj6rJ1sZD-yd6RTXOQpzCr1J5764S_DSfaf1C5x67KgAN3AlaK0AkA0_cQELkjwL3MdmQ-1D2tSUfDfVIfsOdIu2glryCfK7KjMTQjDTyZ8FkX1P1jhKFXaJqGCfQ8CRGvzmRvfoXQKB2MYkNEm_/media?maxWidthPx=400&key=AIzaSyAgucJSAxcE0tpOe1l47Xy0Rw4QehRSg94,Hemstädning|Flyttstädning|Kontorsstädning|Storstädning|Fönsterputs,Städtjänster för privatpersoner och företag i Västerås-området,Västerås,Klara Städ AB är del av Klara Städ Holding AB och erbjuder städtjänster till privatpersoner och företag i Västerås.,2020,,140,Aktiebolag,Ja,3.9,81,"""Klara Städ gjorde ett fantastiskt jobb med vår flyttstädning."" - Wäinö Kaarto (kundrecension, sekundärkälla, ej Google)",,,,RUT-avdrag tillämpas på arbetskostnaden.,,,https://maps.google.com/?cid=5678142868413540639&g_mp=Cidnb29nbGUubWFwcy5wbGFjZXMudjEuUGxhY2VzLlNlYXJjaFRleHQQAhgEIAA,ChIJUfbaP6NjXkYRH-m0z9rQzE4,Medium,Google Places|https://www.allabolag.se/foretag/klara-st%C3%A4d-ab/v%C3%A4ster%C3%A5s/st%C3%A4dservice/2KHK1P1I5YH6T|https://www.allabolag.se/5592376981/bokslut|https://klarastad.se/ (website content not independently verified via ExaContents),2026-07-04
Proffas,Proffas i Mälardalen AB,559021-5702,Fallhammargatan 1D,721 33,Västerås,Bäckby,021-13 10 00,info@proffas.se,https://proffas.se/,https://proffas.se/app/uploads/2026/01/Proffas-stadservice-logga-vit_orange-svg.svg,,Flyttstädning|Hemstädning|Fönsterputs|Byggstädning|Trappstädning|Företagsstäd|Golvvård|Flytthjälp|Rivning,"Flyttstädning: flyttstädning så kunden slipper oro gentemot bostadsvärd eller köpare|Hemstädning: regelbunden städning hemma efter kundens schema (vecka eller månad)|Fönsterputs: fönsterputs åt privatpersoner och företag|Företagsstäd: kontor, butik och verkstad|Byggstädning: lång erfarenhet av byggstäd åt små och stora företag|Trappstädning: åt företag och bostadsrättsföreningar",Västerås|Eskilstuna,"Proffas är ett städföretag med bas i Västerås och Eskilstuna som erbjuder skräddarsydda städtjänster till företag och privatpersoner, från hemstädning och flyttstädning till kontorsstädning och fönsterputs. Personalen har städutbildning, kollektivavtal och ansvarsförsäkring, och företaget arbetar enligt kvalitetsledningssystem för ständig förbättring.",2015,,26,Aktiebolag,Ja,,,,,Kollektivavtal|Städgaranti|Ansvarsförsäkring|All personal har städutbildning,Kontaktformulär på hemsidan för kostnadsfri offert,Kostnadsfri offert.,,,https://www.google.com/maps/place/?q=place_id:ChIJLYXFMqZjXkYRa8FjCQZo0Fg,ChIJLYXFMqZjXkYRa8FjCQZo0Fg,Medium,Google Places|https://proffas.se/|https://www.allabolag.se/foretag/proffas-i-m%C3%A4lardalen-ab/v%C3%A4ster%C3%A5s/st%C3%A4dservice/2KG9Q1II5YH6T|https://www.hitta.se/verksamhet/proffas-i-malardalen-ab-fmoorbfi|https://rating.se/info1/detail/overview/5590215702,2026-07-04
Klara Städ Örebro,Klara Städ AB,559237-6981,Verkstadsgatan 8,702 27,Örebro,Sörbyängen,019-123300,orebro@klarastad.se,https://klarastad.se/orebro/,https://www.google.com/s2/favicons?domain=klarastad.se&sz=128,https://places.googleapis.com/v1/places/ChIJaTuwi28VXEYR0Bsqf3jV7SY/photos/AWCwydhjFAMLA8QMCAhjv12M_-EyG7Mh8Tayg8NLnKGRb3KZ6aohqvtPMtde11Gh7TBqCow5O0ebWfj8LR11plNyogTenysuG63ozR6L9wTVx9PisHoonDNYz7M4PK6CdBeVaR-VDSy-vNZ6EvX6Hx7_c33QeWYfWhdw_8y_34vc450A_onACXiZe1egYf8yKV43JjjeMWQBRKdyb00HjiCzwnuyYUmdVzpQ-2djgvnA0fY4jT702zlnpQt5C1wJfO2BpoQUhGRFDHzJ1G2p7DG0cMlJrIZ84iPnzoqUtEJR2iEJHb_0EWWBX-Rvsk02rCiEoZvRE0KNhc5MNNCxGRjl40dz2Jprnis5h-kUEZq-HqkIUMV_Su5nGGhebWlg6lm2X0abHUf9K7_gASjODhFD1UGpTfK3eaTcn-y2VExVP5alBrzeL0YKnBbvri3xUeHN/media?maxWidthPx=400&key=AIzaSyAgucJSAxcE0tpOe1l47Xy0Rw4QehRSg94,Hemstädning|Flyttstädning|Storstädning|Byggstädning|Kontorsstädning|Trappstädning|Fönsterputs,"Hemstädning: professionell hemstädning anpassad efter behov till fast pris|Flyttstädning: fullständig städning inför flytt|Storstädning: djupgående städning|Byggstädning: städning efter byggprojekt, riktad till byggföretag|Kontorsstädning: städning av kontor och kommersiella ytor|Trappstädning: för BRF och fastighetsägare|Fönsterputs: för privatpersoner och företag",Örebro med omnejd,"Klara Städ är en av Sveriges snabbast växande städfirmor med lång erfarenhet och stort fokus på kvalitet, fast pris och nöjd-kund-garanti. Örebrokontoret ingår i en rikstäckande kedja som även finns i bland annat Västerås, Uppsala, Enköping, Linköping och Norrköping.",2020,,"140 (koncernen, ej specifikt Örebrokontoret)",Aktiebolag,Ja,4.9,34,,,Kollektivavtal|Certifierad personal (enligt egen hemsida),"Onlineformulär, telefon (019-123300) eller e-post (orebro@klarastad.se)","Fast pris, RUT-avdrag tillämpas",,https://www.linkedin.com/company/klara-stad,https://maps.google.com/?cid=2805132856427944912&g_mp=Cidnb29nbGUubWFwcy5wbGFjZXMudjEuUGxhY2VzLlNlYXJjaFRleHQQAhgEIAA,ChIJaTuwi28VXEYR0Bsqf3jV7SY,"Medium - Nationell kedja: anställningssiffra (140) och grundarnamn avser koncernen (Klara Städ Holding AB), inte specifikt Örebrofilialen. Adress bekräftad via hitta.se registry (Verkstadsgatan 8) men egna hemsidan anger på en sida 'Verkstadsgatan 2' - använder registrerad adress. Momsregistrering enligt hitta.se anges felaktigt som 'Nej' trots bolagets storlek - troligen registerfel, ej inkluderat som fakta.",Google Places|klarastad.se/orebro|hitta.se (org.nr 559237-6981)|servicefinder.se,2026-07-04
Virent,Virent Sverige AB,559446-1047,Nastagatan 15,702 27,Örebro,Sörbyängen,010-650 00 55,,https://virent.se/,https://www.google.com/s2/favicons?domain=virent.se&sz=128,https://places.googleapis.com/v1/places/ChIJtQNIvWkfsmMRTeAHWlYZCqo/photos/AWCwydgz2ITMo_m1ZvZkg_cn1p9__KTU8Uo7l4QPmhTkyiE0WIBE7CgMIgIZx0ha4_OZHuTbykwRDs4IhmXfmd7f9ejgQKf2MqZPkXG8awmF4ppgb6gojD_eFJlWFBpAfkuMIdUjwYwXx2_06LWmyVH4UorFdVtjd5u5TdZC9s1U3ErCraWxC-wZNwybU2ND5DuvoZBEGQUNcOdoRtpDFEaSVHlQoincI1ZF2tFOqfVSRO_d2a_7RewANDjXLwHqrpdKPguZ6Hf16WnQBL14Vrbf1DPB1u9oXqJ9zlGL7HxtsogzGVvW54rcNb-RPhztrZUXYobpK9AXocGUIJmy8SLuFY5PswJcmrvitpsqUtcbBNfXW4ZMkhKcEfa_uSd6jg1W3WNTUwVQX-03M0oT2sM23SfDVkUK4YwDeRTHF9ZVyOAg1WPDcSdsiEWG-1s1ep0o/media?maxWidthPx=400&key=AIzaSyAgucJSAxcE0tpOe1l47Xy0Rw4QehRSg94,Hemstädning|Kontorsstädning|Storstädning|Engångsstädning|Fönsterputs|Flyttstädning,"Hemstädning: återkommande städning med samma fasta städare varje gång, kickstart-städning vid första tillfället|Kontorsstädning: städning av arbetsplatser|Storstädning: djupgående uppfräschning av hela hemmet|Engångsstädning: enstaka städtillfälle inför event eller behov|Fönsterputs: tilläggstjänst|Flyttstädning: städning av hela bostaden vid flytt",Örebro,"Virent är en modern städfirma i Örebro som erbjuder hemstädning och kontorsstädning med fokus på kontinuitet - kunden får samma städare varje gång, fast dag och tid samt tillgång till en kundportal. Företaget betonar låg personalomsättning och stark medarbetarkultur för att skapa trygghet för kunden.",2023,,2-3,Aktiebolag,Okänd,5,27,,,,Onlineformulär för prisberäkning på hemsidan,Pris beräknas utifrån kvadratmeter via formulär; tidsbegränsat erbjudande om 75% rabatt på första hemstädningen nämnt på hemsidan,,,https://maps.google.com/?cid=12252633594883203149&g_mp=Cidnb29nbGUubWFwcy5wbGFjZXMudjEuUGxhY2VzLlNlYXJjaFRleHQQAhgEIAA,ChIJtQNIvWkfsmMRTeAHWlYZCqo,Medium - Org.nr och adress bekräftade via allabolag.se/ratsit.se. E-postadress kunde inte verifieras (visades maskerad/otillgänglig i sökresultat) - lämnad tom. RUT-avdrag ej uttryckligen bekräftat på hemsidan trots att det är standard i branschen.,Google Places|virent.se|allabolag.se (org.nr 559446-1047)|ratsit.se,2026-07-04
Pennybridge Fönsterputs,Pennybridge Fönsterputs AB,559518-6577,Västra Vintergatan 212,703 44,Örebro,Västhaga,,,https://pennybridgefp.se/,https://pennybridgefp.se/wp-content/uploads/2025/09/cropped-cropped-Penny-logo-text-32x32.jpg,https://places.googleapis.com/v1/places/ChIJh6nXNWTPRGYRpg0Iwfbc0IA/photos/AWCwydjhTDmu_ee3vZIm4odJ5qM7z3QwzcZtDuVYbnFpA_HMvnXbX6M6z8F0lIZMNZjZqMTBSudBtMNS6B0AFfUGi48bLx5fbBRNYgPwMRQ2HBIn92-UYqrkhxzHjfq-ZODWx2-2ewf9l_tpxEhaOeYUUcjTU0C43e6NIbQwlL2To7lgCiAmONhGVbOG7W6FVpgTL8Fz6tgZVWOz1n5PkpFSUl7t2MCnIPb1pWSB4JSs7iibhsAWn__lqqMLXdLBW91rNNwcIsamcGkojp_NUbfaYGRkY0S02hGObHhmyMM3y9C8KfwRUZIGt3EuEcaUuM5k0AOoMjB19Ib1UL2YJ_AbUq-bNHps1R3mMtJqZQ67BsIw7QA9JUtifNNWroaFjff-QDsZKB0DdCpu9XkPRe0VCCu3Jjuh5cROsCVNPxu891I/media?maxWidthPx=400&key=AIzaSyAgucJSAxcE0tpOe1l47Xy0Rw4QehRSg94,Fönsterputsning privat|Fönsterputsning företag|Fönsterbleckstädning|Vattenmatad pålrengöring,"Fönsterputsning privat: prisvärd fönsterputsning anpassad efter antal och typ av fönster, med RUT-avdrag|Fönsterputsning företag: kontor, restauranger, snabb- och djuprengöring|Fönsterbleckstädning: rengöring av fönsterblock|Vattenmatad pålrengöring: för svåråtkomliga fönster med saxlyft-licensierad personal","Örebro och cirka 4 mil däromkring, längre resor möjliga på begäran","Pennybridge Fönsterputs grundades av britten Christian 'Chris' Hammond tillsammans med sambo Veronika Ikenasio. Företaget erbjuder professionell fönsterputsning till privatpersoner och företag i Örebro med fokus på smidig onlinebokning, transparenta fasta priser och miljövänliga rengöringsmedel.",2025,Christian Hammond,2,Aktiebolag,Ja,5,23,"""Han var hos oss och putsade våra fönster med utmärkt resultat så jag rekommenderar honom varmt."" - Lena|""Är super nöjd med Christian och hans jobb! Jag kommer definitivt rekommendera han"" - Kellie|""Har anlitat Chris och hans partner/kollega Veronika många gånger under de senaste åren. Har alltid blivit trevligt bemött och fått fina och rena fönster!"" - Prema Lindqvist",,Kollektivavtal (enligt egen hemsida),"Online via hemsida, e-post eller Facebook; skicka bilder på fönster för prisberäkning","Fast och transparent pris, RUT-avdrag halverar priset, veckovis/månadsvis/årligen-alternativ, rekommendationsrabatt vid nya kunder",Svenska|Engelska (grundaren är brittisk),https://www.facebook.com/pennybridgefonsterputs,https://maps.google.com/?cid=9282161784369188262&g_mp=Cidnb29nbGUubWFwcy5wbGFjZXMudjEuUGxhY2VzLlNlYXJjaFRleHQQAhgEIAA,ChIJh6nXNWTPRGYRpg0Iwfbc0IA,"Medium - Org.nr, adress (Västra Vintergatan 212, avviker nagot fran ursprunglig Places-uppgift) och omsättning bekräftade via SYNA-registret. Telefonnummer och e-post kunde inte säkert verifieras och lämnas tomma. Grundandeår 2025 enligt SYNA registreringsdatum.",Google Places|pennybridgefp.se|upplysningar.syna.se (org.nr 559518-6577),2026-07-04
Flyttteam Örebro,Flytt Team Sverige AB,559409-0648,Tunnbindargränd 4,702 23,Örebro,Centrum,072-265 30 09,ostrogsflytt_team@hotmail.com,https://flyttteam.se/,https://flyttteam.se/wp-content/uploads/2021/04/Logoan_Carry_F-150x150.png,https://places.googleapis.com/v1/places/ChIJx_tz2AgVXEYRfALMEcrqtAg/photos/AWCwydjABb5sIVaGQ0ssUeydVJazCM5w03uF8357AQJMAXyTZUUGll_g0cwTH40YJ3wowC8RrSFjNSVpl03YBb60j4139LPUpnwpULJcOAoefnmy2V6nnCTeRXfFk7ONiPNcVz_AhNlYdEyfHJMrdSl4KrjIqSPTXE-U_IPbcbXJhNc1EHglAI9RTbnHbJt6w_h0xnCDVXyK1hWslycWbYAFU7fKfl2yL7jx5GgzjzJmrGeh6DOlb6VFoK-UA3Tkmyn7O2HvavyZuli778VkcvEqLyoDufYkQhAp91-q8jfblfYZc8g8RVfZXF65R9eoVFJBtbBQ93Y9ukAZtmv_selC4Hj4HK6u9EmlJTPG-XymQKhO1qI2eHOPVPgPYptx0G-PjX-ABnaDTixBHL0DuXR5AIfOLXHLZlTokfoE31P0_WIid2U/media?maxWidthPx=400&key=AIzaSyAgucJSAxcE0tpOe1l47Xy0Rw4QehRSg94,Flyttstädning|Flytthjälp|Packhjälp,Flyttstädning: städning av bostad i samband med flytt|Flytthjälp: hjälp att transportera bohag vid flytt|Packhjälp: hjälp med packning inför flytt,Örebro med omnejd,"Flyttteam Örebro hjälper privatpersoner och företag med flytt på ett snabbt, enkelt och prisvärt sätt, och erbjuder även flyttstädning som del av sitt tjänsteutbud.",2022,,"0 (enligt registerdata, sannolikt underrapporterat/enmansfirma-liknande drift)",Aktiebolag,Okänd,4.8,184,,,,Telefon eller kontaktformulär på hemsidan,Offert på begäran,,,https://maps.google.com/?cid=627384401714217596&g_mp=Cidnb29nbGUubWFwcy5wbGFjZXMudjEuUGxhY2VzLlNlYXJjaFRleHQQAhgEIAA,ChIJx_tz2AgVXEYRfALMEcrqtAg,"Low - Företagets huvudsakliga verksamhet enligt egen hemsida är flytthjälp (flyttjänster), med flyttstädning som tilläggstjänst - gränsfall mot exkluderingsregeln för renodlade flyttfirmor, men behålls pga stort antal Örebro-specifika omdömen (184) och uttrycklig flyttstädningstjänst. Adressdiskrepans: registret (hitta.se) anger Tunnbindargränd 4, 702 23 Örebro, medan en integritetspolicy-sida anger Lövstagatan 14A, 703 56 Örebro - registeradressen används. Omsättning mycket låg (199 tkr) och 0 anställda enligt registret, vilket tyder på småskalig verksamhet.","Google Places|flyttteam.se|hitta.se (org.nr 559409-0648)|flyttfamily.se (integritetspolicy, alternativ adress)",2026-07-04
Bernhardson Städ,Bernhardsson Städ i Örebro AB,556425-5858,Idrottsvägen 29 A,702 32,Örebro,Adolfsberg,070-216 27 88,bernhardsonstad.stefan@live.se,https://bernhardsonstad.com/,https://bernhardsonstad.com/wp-content/uploads/2023/05/cropped-Bernardsson-Stad-logo-scaled-1-32x32.jpg,https://places.googleapis.com/v1/places/ChIJMSlUstwUXEYRaUdy3iknPik/photos/AWCwydiqipeO2MkyXvzzTF2fYhgZR2uyOWQJtFGCAYDDTGk2yjVx8mPwQAFypMkHOpT9u0iMRVHa6wMChCdjX9K-o7O7YQKGoo7JbmJKH2wYzyYOKLqP92uJBjp0tPAFrjXmbFgJYYvb6ZqNzw6A3pi5kN_r3BDI3G6WKxJIaMzI0T4yOEAW-OaoMuJNslVBTJUJYWaLklLNzldI4WzLPS49nU3SvinJ_0Yh-HmjvOBshIRPbKS6vExFK5MhHfZaPZVi84ru6AzBoh0VPwK-q6wOxetY4G9rshD9Lxa1f_03LGsGY6WCcATqlUYda6ScAziue-KSUnI9bbn1p4f2cSVBFDxg003GiA__zf2jEa4SJVsUVC0fiJ1jy3nuIzTOBnkkIEK_H_T8EpSGLE69fFmvyt9ak85PY2UujMRSGGE5YPhSqTk/media?maxWidthPx=400&key=AIzaSyAgucJSAxcE0tpOe1l47Xy0Rw4QehRSg94,Trappstädning|Hemstädning|Byggstädning|Kontorsstädning,Trappstädning: städning av trapphus åt BRF och fastighetsägare|Hemstädning: regelbunden städning av privatbostäder|Byggstädning: städning efter byggprojekt|Kontorsstädning: städning av kontor och kommersiella lokaler,Örebro län,"Bernhardson Städ AB är en etablerad lokalvårdsleverantör i Örebro som betjänar både företag och privatpersoner. Företaget leds av VD Stefan Muller och betonar klimatsmarta, miljövänliga städmetoder samt hög kvalitet i alla uppdrag.",1991,,24,Aktiebolag,Ja,4.7,18,,,,Telefon (019-12 74 40) eller kontaktformulär på hemsidan,,,,https://maps.google.com/?cid=2971855864890279785&g_mp=Cidnb29nbGUubWFwcy5wbGFjZXMudjEuUGxhY2VzLlNlYXJjaFRleHQQAhgEIAA,ChIJMSlUstwUXEYRaUdy3iknPik,"Medium - Org.nr, adress, omsättning (15 030 tkr) och anställdantal bekräftade via SYNA-registret, men bolagets registreringsdatum (1991) gäller sannolikt ett tidigare namnbyte/omregistrering av bolaget snarare än faktiskt grundandeår för verksamheten under nuvarande namn - används ändå som bästa tillgängliga datapunkt. Pris- och RUT-uppgifter ej explicit bekräftade på hemsidan (RUT antaget standard för hemstädning i branschen).",Google Places|bernhardsonstad.com|upplysningar.syna.se (org.nr 556425-5858)|allabolag.se,2026-07-04
Charlotte's Städ Örebro,,,Drottninggatan 40,702 22,Örebro,Centrum,,,https://nojeorebro.wixsite.com/charlottesstad,https://www.google.com/s2/favicons?domain=nojeorebro.wixsite.com&sz=128,https://places.googleapis.com/v1/places/ChIJVRZOBeQUXEYRdcrU1xEDCog/photos/AWCwydho1LzkvsomEn6l_HirZ2oE1H7fCjc_VBwA-R12JdINIKyBnctB0fXfYDnKmevJh1PTfFc5yC4IdUl85lSPuK9xSJaNK80lyA3aH_uR45b5vvG3dsRg0eLe2XleipTJPooTAc8dXT7pSv6jnwujN99PBCjgXNBtYiEda8igsaIPD4IOubto9a1ARoHM8Z-HySYBZ-Yb8T3SR3o8hg_Z2s2tUGbF0htSXXBawV4UTVQaXAVLLq3i8ZIcRP4TZ5d1Kr7E5HAsRcwPa2ekEM2DKWkOaW0kgOznJPY2DrpJF6m7I8Cv4F_StLqLld2FymueE9wPgySgujrODJZDP5FDuzOkGnq83woUKtQ1o4ojAJIWafRfrbdHijpg1UnSZbHMPkmSCxPnBzK0T_BDGc-NNDTlHCeWLk_9uykF7uf_zJ6-Dpw/media?maxWidthPx=400&key=AIzaSyAgucJSAxcE0tpOe1l47Xy0Rw4QehRSg94,Flyttstädning|Hemstädning,"Flyttstädning: städning enligt fastställda checklistor till fast pris baserat på kvadratmeter, med minimibelopp för kök/badrum|Hemstädning: regelbunden städning av privatbostäder",Örebro,"Charlotte's Städ grundades 2019 av Charlotte Andersson, som tidigare drivit eget företag i över tio år. Företaget är medvetet litet och lokalt förankrat med fokus på kvalitet framför kvantitet, noggrannhet och fasta månadspriser istället för snabb tillväxt.",2019,Charlotte Andersson,,,Okänd,5,12,,,,Kontaktformulär på hemsidan,"Fast månadspris avtalas i förväg, tydlighet kring eventuella tilläggskostnader",,,https://maps.google.com/?cid=9802650914095680117&g_mp=Cidnb29nbGUubWFwcy5wbGFjZXMudjEuUGxhY2VzLlNlYXJjaFRleHQQAhgEIAA,ChIJVRZOBeQUXEYRdcrU1xEDCog,"Low - Mycket litet enmansföretag (sannolikt enskild firma snarare än AB, org.nr ej återfunnet i registren) med enkel Wix-hemsida. Legal_name, org_number, employees och legal_form kunde inte verifieras och lämnas tomma.",Google Places|nojeorebro.wixsite.com/charlottesstad|stadningguiden.se,2026-07-04
Service Styrkan Örebro,Service Styrkan i Sverige AB,556566-6947,Stångjärnsgatan 2,703 83,Örebro,Skäbbäck,,,https://www.servicestyrkan.se/,https://www.servicestyrkan.se/wp-content/uploads/2025/03/service-styrkan-logo-with-yellow-50.webp,,Hemstädning|Störstädning|Fönsterputsning|Flyttstädning|Flytthjälp|Trädgårdshjälp|Hantverksservice|Kontorsstädning|Byggstädning,"Hemstädning: regelbunden städning av privatbostäder|Storstädning: djuprengöring av hela bostaden|Fönsterputsning: in- och utvändig fönsterputsning|Flyttstädning: noggrann städning inför flytt med garanti|Flytthjälp: flytthjälp med RUT-avdrag (50% avdrag på arbetskostnad)|Trädgårdshjälp: gräsklippning, häckklippning, lövkrattning|Hantverksservice: möbelmontering, hylluppsättning, enklare reparationer|Kontorsstädning: städning för företag|Byggstädning: städning efter byggprojekt, ID06 och Safe Construction Training-certifierad personal",Örebro med omnejd,"Service Styrkan grundades den 23 februari 1999 i Örebro av Mats Gråberg och Lars-Eric Falkhufvud. Företaget är ett fullserviceföretag med cirka 35 medarbetare som erbjuder städ-, trädgårds-, flytt- och byggtjänster till både privatpersoner och företag i Örebro med omnejd. Ingår i Anshammar Holding AB-koncernen.",1999,Mats Gråberg och Lars-Eric Falkhufvud,22-35,Aktiebolag,Ja,4.5,15,"""Fantastisk service och bra städat varje gång! Det är en fröjd att komma hem efter att Service Styrkan varit här."" - Britt, Kumla|""Bokade fönsterputs och resultatet blev över förväntan. Snabbt, smidigt och fina fönster!"" - Johan, Örebro|""Pålitliga och professionella - alltid punktliga och lämnar hemmet skinande rent."" - Lisa, Örebro",,Kollektivavtal genom Fastighetsanställdas förbund|Medlem i Svenskt Näringsliv Almega|ID06|Safe Construction Training,"Onlineformulär på hemsidan, telefon eller kontaktformulär",Erbjuder betalning via Swish för städprodukter; RUT-avdrag tillämpas på hemstädning och 50% på flytthjälp,,https://www.facebook.com/servicestyrkan|https://www.instagram.com/servicestyrkan|https://www.linkedin.com/company/servicestyrkan,https://maps.google.com/?cid=7067519855321930245&g_mp=Cidnb29nbGUubWFwcy5wbGFjZXMudjEuUGxhY2VzLlNlYXJjaFRleHQQAhgEIAA,ChIJcUFeZT0VXEYRBdp789zfFGI,"High - Grundandeår, grundare, org.nr, adress och koncerntillhörighet bekräftade via flera oberoende källor (letabolag.se, allabolag.se, egen hemsida). Anställdantal varierar ngt mellan källor (22 enligt allabolag, 35 enligt egen hemsida) - båda angivna som intervall.",Google Places|servicestyrkan.se|letabolag.se (org.nr 556566-6947)|allabolag.se,2026-07-04
WALI Clean Team,Wali Clean Team AB,559539-7158,Mellringevägen 88,703 53,Örebro,Mellringe,079-308 60 93,info@wali.nu,https://wali.nu/,https://cdn-ilejpkh.nitrocdn.com/pNnsRDvwzEwzRYulombrucGzEezNDXfV/assets/images/optimized/rev-140393f/wali.nu/wp-content/uploads/2026/04/cropped-1000071053-1-32x32.png,https://places.googleapis.com/v1/places/ChIJHyOLa75rXEYR_hPg4VbjrjQ/photos/AWCwydh3FJu099SVMjzcyDbPc0ClreuqK8IDUTHwu8lRHALzvR9lc0nEQwujUvMysVgLBIUVl7VGNiZX901AakdKhjM8syedT1RSJ1bzu2u4YBiJ9S0kJY1ogEqQ2sq4N9XMCjFbk3gK4WqWYCQS_COiqqgt20h3ae1uzridRqRYmobZBSyLmy9WYmB5n-78c6YYvkTnYbN48cz_HKSL4aqHT3yowfnWyTlmXxpX35Fu7bi_PcrEEJtQXcVjuuUE0QaD22O6KjZn2-iZS6yauqlpaB6OfSaV6jgMWALEA8gGD6wP7IcKwJf_FI1SP-Q7H0an-pCmlfp95hb4mSF0wH8v36siNX6FNn0lxA4GWHsDJhqSFqqU46ane4KQPaiJG1dNC6mY2Ts3oUiBwWSiWR1eE_VHYrttY1Ckgr3TvMX_62fkoofmlvnSYv6Aq0DdjQ/media?maxWidthPx=400&key=AIzaSyAgucJSAxcE0tpOe1l47Xy0Rw4QehRSg94,Hemstädning|Flyttstädning|Kontorsstädning|Fönsterputsning|Städlyft,"Hemstädning: regelbunden städning med samma städare varje gång, RUT-avdrag direkt på fakturan|Flyttstädning: flyttstädning från 29 kr/kvm inklusive garanti och fönsterputs, fast pris|Kontorsstädning: städning av kontor|Fönsterputsning: tilläggstjänst|Städlyft: extra grundlig städinsats",Örebro,"WALI Clean Team är en Örebrobaserad städfirma som erbjuder hemstädning, flyttstädning, kontorsstädning och fönsterputsning. Företaget marknadsför sig med '10 års erfarenhet' och en 100% nöjd-kund-garanti, med fast pris och RUT-avdrag direkt på fakturan.",2025,,0-2 (nystartat enligt registret),Aktiebolag,Ja,5,11,,,,"Telefon (079-308 60 93), e-post eller onlinebokning via boka-se/wali",Flyttstädning från 29 kr/kvm inkl. garanti och fönsterputs; RUT-avdrag direkt på fakturan,,,https://maps.google.com/?cid=3796221498216158206&g_mp=Cidnb29nbGUubWFwcy5wbGFjZXMudjEuUGxhY2VzLlNlYXJjaFRleHQQAhgEIAA,ChIJHyOLa75rXEYR_hPg4VbjrjQ,"Medium - Org.nr och adress bekräftade via SYNA/hitta.se, men bolaget registrerades 2025-07-30 medan hemsidan påstår '10 års erfarenhet' - sannolikt syftar detta på personlig branscherfarenhet hos grundaren/personalen snarare än bolagets ålder, ej verifierat. Anställningssiffra 0 enligt registret speglar sannolikt eftersläpning i rapportering för nystartat bolag.",Google Places|wali.nu|hitta.se (org.nr 559539-7158)|upplysningar.syna.se,2026-07-04
Rut Putsarna och Städarna i Sverige AB,Rut Putsarna och Städarna i Sverige AB,559007-2459,Ekhagsvägen 4,114 18,Stockholm,Östermalm,08-656 20 88,kundtjanst@cleanfs.se,https://rutputsarna.se/,https://www.google.com/s2/favicons?domain=rutputsarna.se&sz=128,https://places.googleapis.com/v1/places/ChIJAQAAADRxX0YRWX8ptcoxtSE/photos/AaVGc3mWl912moEAJFuHJUiZS8Y_kK7Mss8OB9lHkrWuLpo0uEZdylxpN1N7qDqI1xkgZXR1G1Rv8e-Tef1SDlkX8dv0bR6nu_jwtDfxeM0TpO3egvmZN8DAc_W3V6kdoRHQrvrdX_SOzVWsJksuS9t_A50So_AFSB5IEooGfNylSh3_WeGjPpvnE_Gbe3wp-uYX2PGTLPMH9ZO4waVLnXI-osuaMWA8eSw0TrT4ayLfHZWsx0Ph1hrvshbl96RLJaA2Bm4lU222MDBZiNVAKcS342BRKhgGJDXQ4WnvZJt-KpwMk1DHc8TW8aRhvQLGDOT-jXHNhiKMxBDgZmahQX4Nbc08qwJwpAwvVshahiHzl5RFHL5EXf84uoE1viHMF_KFS2tXTrwPDlRHT6i2rpZpTRWGB2UixhSQ0OJ4piB9ENIwaGc/media?maxWidthPx=400&key=AIzaSyAgucJSAxcE0tpOe1l47Xy0Rw4QehRSg94,Fönsterputsning|Hemstädning|Kontorsstädning|Visningsstädning|Flyttstädning|Handymantjänster,"Fönsterputsning: kärntjänst med spetskompetens, för privatbostäder och företagslokaler i Stockholm och Stockholms län. Hemstädning: regelbunden städning av hemmet. Kontorsstädning: prisvärd kontorsstädning med fast månadspris, anpassad efter varje företags behov och lokalstorlek. Visningsstädning: akut städning inför bostadsvisning. Flyttstädning och handymantjänster: tillkom efter sammanslagning med BVTLER 2024.",Stockholm och större delen av Stockholms län,"Rut Putsarna och Städarna i Sverige AB grundades 2013 och är specialiserade på fönsterputsning i Stockholm. Sedan 1 november 2024 ingår bolaget i varumärket BVTLER efter en sammanslagning, vilket har breddat tjänsteutbudet till att även omfatta flytt och handymantjänster. James Rees fortsätter som driftledare medan Martin Rath tillträtt som ny VD. Företaget har flera kontaktadresser registrerade (bl.a. Messeniusgatan 4 och Ekhagsvägen 4).",2013,,3,Aktiebolag,Ja,4.9,185,"""Bra jobb, otroligt bra bemötande och en fantastisk känsla för integritet."" — Samuel (fönsterputs, rutputsarna.se). ""Vi behövde akut hjälp. Rut Städarna gjorde oss verkligen en stor tjänst och resultatet vart strålande!"" — Tina (visningsstäd, rutputsarna.se). ""Fantastiskt jobb! Rekommenderas verkligen!"" — Linnea (hemstädning, rutputsarna.se)",,F-skattsedel,"Kostnadsfritt hembesök bokas via formulär, svar inom 24h",,,,https://maps.google.com/?cid=2428902320728801113&g_mp=Cidnb29nbGUubWFwcy5wbGFjZXMudjEuUGxhY2VzLlNlYXJjaFRleHQQAhgEIAA,ChIJAQAAADRxX0YRWX8ptcoxtSE,Medium,Google Places|rutputsarna.se,2026-07-04
Städfabriken AB,Städfabriken AB,,Frejgatan 12,113 49,Stockholm,Vasastan,08-630 07 09,,https://www.xn--flyttstdningistockholm-64b.nu/,https://www.google.com/s2/favicons?domain=xn--flyttstdningistockholm-64b.nu&sz=128,https://places.googleapis.com/v1/places/ChIJKSATiRedX0YRUx1GDzRSbXI/photos/AaVGc3kakBUiNPGY1hkyPQ34Kw7m9sLfKCZccouUa20dlX1opCw2yQj5ZksFpOPmKWEQ4il33oATOjeHS33cWe1cHomU-AQId4cnSbrofiH4laXloDprvaQGx31q4sKx6nw2Wdv-iEs163kEBa5AQdeyoSCBiALUmFQFjR-ugZQFBxn77lBCPNug8VoBzaeAljNStjgAK2uEuTSQzuBkHSYUfKH2FzMID-O2X3TuEsR0nApEVgiBI8o9bTi7ZXPBTUwAACeIe1n6YHo-0HrikmrgnCQu-IFggYKwdGRXqAMMG3Yk830WuqGlCoG5yPLF-EN3pVQQQR1DxrL_WGBmS1I_L0BRqiWuVVo511K3ji84nLy19WEzPcnI0n9PhtgnwkVxf4HGpNBGO_RsSqR2uwYGtDp5qArA0tX7JhbLWmoIgkjonw/media?maxWidthPx=400&key=AIzaSyAgucJSAxcE0tpOe1l47Xy0Rw4QehRSg94,Flyttstädning|Hemstädning|Kontorsstädning|Företagsstädning|Fönsterputsning,"Flyttstädning: kärntjänst, fast pris från 1650 kr, följer Mäklarsamfundets rekommendationer med 15 dagars kvalitetsgaranti. Hemstädning: regelbunden städning av hemmet. Kontorsstädning/Företagsstädning: professionell lokalstädning. Fönsterputsning: tilläggstjänst, bl.a. på inglasad balkong vid flyttstäd.",Stockholm,"Städfabriken AB är en städfirma i Stockholm som är speciellt inriktad på flyttstädning men även erbjuder hemstädning, kontorsstädning och företagsstädning. Företaget har öppet även på helger (lör-sön 8-14) och ger 15 dagars kvalitetsgaranti på utfört arbete. RUT-avdrag dras direkt på fakturan.",,,,Aktiebolag,Ja,4.3,164,,,,"Formulär på hemsidan, bekräftelse via e-post, telefon 08-630 07 09",Flyttstädning från 1650 kr fast pris baserat på kvadratmeter,,,https://maps.google.com/?cid=8245336876333276499&g_mp=Cidnb29nbGUubWFwcy5wbGFjZXMudjEuUGxhY2VzLlNlYXJjaFRleHQQAhgEIAA,ChIJKSATiRedX0YRUx1GDzRSbXI,Medium,Google Places|xn--flyttstdningistockholm-64b.nu (Stadfabriken.se)|easeaid.se,2026-07-04
Hello Clean Hemstädning,,,Hornsgatan 172,117 28,Stockholm,Södermalm,08-400 650 70,,https://helloclean.se/,https://helloclean.se/wp-content/uploads/2023/12/HelloClean-logo_1.svg,https://places.googleapis.com/v1/places/ChIJWYmaOwp3X0YRyi6yyC7Hkyc/photos/AaVGc3nc9RZUW9_jdOxEYZVW6g2A6kF9RLvAFVHOu5Q4Eo9j0PLXh4ndQCvzedSvWTMpwXLFkjo6Oo16--oDKp_2dhYhxMVdLD95EesGAdkXEOtY0ucxmz2zomZhIFhJhC4Ic9ZLw1HRMjyfCKHCy81PdiWIh9UZvJIUYtQQlBJkLVOYr6WeGmzuoRoHja5IGbS9gZf9XwbIfkiG0TuQYc5dn36EnLXrADpxmVWxgJb8zItgFv9XAK2uKKk4g19Qv8U09uCQ8DSVrSlG_DkTCLcexggrgmudXiKIUkgroz83AT8U-ZZAajbDAc5OwzPO1Db1ok8obSyojKnbdrbNr2ntG1IW2Cy5loQKpCZ_hES5InfLxDM2hnkl2TobcQ1xU6P2k-taDyclfLLEWB_hNbJqVI6Hs1qJLne4n_R14dDb4bNFZmNqz7I_8o1ystsFYKMQ/media?maxWidthPx=400&key=AIzaSyAgucJSAxcE0tpOe1l47Xy0Rw4QehRSg94,Hemstädning|Storstädning|Visningsstädning,"Hemstädning: veckostäd eller varannan vecka från 239 kr/h, samma städare varje gång och egen kontaktperson på kundtjänst. Storstädning och visningsstädning: engångstjänster från 369 kr/h.","Stockholm (inkl. innerstad och ytterförorter), samt Bålsta, Västerås, Uppsala","Hello Clean grundades på Kungsholmen och har huvudkontor på Hornsgatan 172 i Södermalm, Stockholm. Bolaget ingår i Familjo Group tillsammans med systerbolagen Studybuddy (läxhjälp) och Hey Kiddo (barnpassning). Familjo har sedan 2004 hjälpt hundratusentals familjer med hushållsnära tjänster. Hello Clean har goda omdömen på Google, Reco och Trustpilot.",2021,,5,,Ja,4.7,188,,Omnämnda på Reco och Trustpilot enligt företagets egen hemsida (specifika betyg ej verifierade),,Priskalkylator på hemsidan eller telefon 08-400 650 70,"Hemstädning från 239 kr/h (veckovis), 279 kr/h (varannan vecka), engångsstäd från 369 kr/h",,,https://maps.google.com/?cid=2851841992805199562&g_mp=Cidnb29nbGUubWFwcy5wbGFjZXMudjEuUGxhY2VzLlNlYXJjaFRleHQQAhgEIAA,ChIJWYmaOwp3X0YRyi6yyC7Hkyc,Medium,Google Places|helloclean.se,2026-07-04
Excellent Cleaning,,,Hornsgatan 79,118 49,Stockholm,Södermalm,,,,,https://places.googleapis.com/v1/places/ChIJX070p513X0YRTD5eK1rPTFY/photos/AaVGc3kxYIsdHY5kfT8FMmVNNbQNWfpKIYR6kuC2Mka08BsbSxMKuo8fXKTSPf3qzpVWqBc2VDwFI-yMLuCgf5IWeHRxqqL7T4ZzxIA-BGFRpnEVsgrYUh4Tl16-5HNqQlXspyEiKN8p0bnTwOFhgGgaQ1Eq7zMq0y5Wb-hSA-6pnnBhA7SbI7PKIUbfSF2nxKgSk8I5YluwccAmX1mcxIsyNqOFv2dPUwkEnaCBxfhb87nkB509mLULPU1vYn9D2lOLeQSlhuJUfLakvo4H9KZQfqU4Zz7RXJ2ttwD4oiyBE2NrGYztsf0oWUKOVVnJQEAOQk4EKIUtqPCp6e1EoexOiWAaM67VB9TSWCt5ejZD5FjqkBZkteKsau8Dmq_4HgSzSWpSkUGCDRuejMYy1jCFJKIpdAUfCh-25asdPNgBY6w/media?maxWidthPx=400&key=AIzaSyAgucJSAxcE0tpOe1l47Xy0Rw4QehRSg94,Städning,"Städfirma verksam på Hornsgatan i Södermalm, exakt tjänsteutbud kunde inte bekräftas – ingen fungerande webbplats hittades vid research.","Södermalm, Stockholm","Excellent Cleaning är en städfirma listad på Hornsgatan 79 i Södermalm, Stockholm, enligt Google Places (namnet inkluderar ""städfirma i Stockholm""). Ingen egen webbplats eller register-träff kunde bekräftas vid research, så uppgifter om grundande, ägare och exakt tjänsteutbud saknas.",,,,,Okänd,3.6,128,,,,,,,,https://maps.google.com/?cid=6218573171673415244&g_mp=Cidnb29nbGUubWFwcy5wbGFjZXMudjEuUGxhY2VzLlNlYXJjaFRleHQQAhgEIAA,ChIJX070p513X0YRTD5eK1rPTFY,Low,Google Places,2026-07-04
Karolf Städservice AB,Karolf Städservice AB,556359-0685,Ånghammargatan 3E,721 33,Västerås,Bäckby,070-335 70 98,paula@karolf.se,https://karolf.se/,https://www.google.com/s2/favicons?domain=karolf.se&sz=128,,Hemstädning|Flyttstädning|Fönsterputs|Kontorsstädning|Byggstädning|Trappstädning|Industristädning|Golvvård,Familjeföretag som erbjuder ett brett utbud städtjänster till både privatpersoner och företag i Västerås med omnejd sedan 1989,Västerås|Eskilstuna|Sala|Hallstahammar|Köping,"Karolf Städservice AB är ett familjeföretag i Västerås som sedan 1989 levererat städtjänster med kvalitet till kunder i Västerås, Köping, Sala och Hallstahammar. Företaget har idag cirka 25 medarbetare och är fackligt anslutet med kollektivavtal genom Fastighetsanställdas Förbund samt hängavtal med Svenska Byggnadsförbundet.",1989,,21,Aktiebolag,Ja,4.7,40,,,Kollektivavtal (Fastighetsanställdas Förbund)|Hängavtal (Svenska Byggnadsförbundet),"Kontaktformulär, telefon eller e-post",,,,https://maps.google.com/?cid=8343678322459149585&g_mp=Cidnb29nbGUubWFwcy5wbGFjZXMudjEuUGxhY2VzLlNlYXJjaFRleHQQAhgEIAA,ChIJcVvviNdjXkYREQVOQjqzynM,High,Google Places|https://karolf.se/|https://karolf.se/kontakta-oss/|https://karolf.se/tjanster/|https://www.allabolag.se/foretag/karolf-st%C3%A4dservice-ab/v%C3%A4ster%C3%A5s/st%C3%A4dservice/2K0F21PI5YH6T,2026-07-04
Stilrent I Västerås AB,Stilrent i Västerås AB,556844-0662,Norra Floragatan 23 A,724 61,Västerås,Centrum,070-273 16 60,info@stilrentab.se,https://stilrentab.se/,https://www.google.com/s2/favicons?domain=stilrentab.se&sz=128,https://places.googleapis.com/v1/places/ChIJ6VWrJUBhXkYR4R8ugiLxEvA/photos/AaVGc3kGNpaiVbp1wAmj1SaIVx6PRdpT6U8L5fk5Go6uYldnaR17Q4mG2Bz1dna9M879z4mTDpBy_I99NbnDubf9eI_Nn7c3R7KoQk7a0ungvqnCivxQ8XgBZkaiCQ1W6R9EWgSyLHql4TSmhYSQL_t1J7wvNZv0eBNCJ_tm-NGWPApNaEe92SvBb0JDvzZbm2T6trygt2_tOzC0Je7lMOgxYp0DX6kk-SRMIFjgpTv_R12WqR5kU0ia6vfyoGW5RMHtWqb2ix7opirVC4uBxIljcd55Dcny-bl7_d3qpqx-WxJVPuCLO1D2Wc3lOJ2n9ZufbKNoFMkN37GLINDq8MiX4RhPyej5X76m4qFE99NME3txBCamMyQYj-LLq4HTsNMEz4L8-tBn6aZqCec7R5tff17abaqZgLdqwkyFJlDdyPoxg0kt3zJuB8aaVGvsyA4i/media?maxWidthPx=400&key=AIzaSyAgucJSAxcE0tpOe1l47Xy0Rw4QehRSg94,Mattvätt|Fastighetsstädning|Kontorsstädning|Trapphusstädning,"Mattvätt: borttagning av svåra fläckar som kaffe och vin med noggrann mattvätt|Fastighet: noggrann städning av trapphus, källare, soprum och gemensamma ytor|Kontorsstädning: professionell städning av kontor, konferensrum och kök",Västerås|Mälardalen,"Stilrent AB är ett familjeföretag i Västerås med över 10 års erfarenhet av företagsstädning. Företaget skräddarsyr lösningar efter kundens behov, använder miljövänliga produkter och arbetar enligt ISO-certifierade metoder.",2011,,5,Aktiebolag,Okänt,4.9,28,,,ISO-certifierade arbetsmetoder,Kontaktformulär på hemsidan för personlig offert,Personlig offert baserad på kundens behov.,,,https://maps.google.com/?cid=17299154249198739425&g_mp=Cidnb29nbGUubWFwcy5wbGFjZXMudjEuUGxhY2VzLlNlYXJjaFRleHQQAhgEIAA,ChIJ6VWrJUBhXkYR4R8ugiLxEvA,Medium,Google Places|https://stilrentab.se/|https://www.allabolag.se/foretag/stilrent-i-v%C3%A4ster%C3%A5s-ab/v%C3%A4ster%C3%A5s/st%C3%A4dservice/2K3B0BAI5YH6T|https://www.hitta.se/stilrent+i+v%C3%A4ster%C3%A5s+ab/v%C3%A4ster%C3%A5s/inuzlmmg,2026-07-04
Master Städ A&M AB,Master Städ A&M AB,559282-3917,Jonas Wenströms Gata 13,724 66,Västerås,Hammarby,076-925 68 15,,https://masterstad.se/,https://www.google.com/s2/favicons?domain=masterstad.se&sz=128,https://places.googleapis.com/v1/places/ChIJZxnOLaNhXkYR7IPQhffODdw/photos/AaVGc3mJWNNiarJBdhgMXvLLaFTeBxU0PWAnP-6KQoOtd_T05BkleehR--eAh0nBszxmAucsdZI6KBNqA1FYnqShlwROfPUT0b4pA33JSdWCsoBmz1j1JPNktPx-SausXkL5HT9ZLPU53S4TxmgXiDmhsf2PMsE4m0G1JjCMdlOfLSR6qNmsj2ShCS3KXEkXDRZpRagn9vKfmcMNCs4aMlrXWvSSqQaD8N3CjlpG8qrmDxQGInHn-nz4VeCuASVU-cGPjWPF0swrpwdvDVC_wtZKzM73xj7OgCaVbvOoCABGn2wrd8aAryMzuV00WjZN-wIoYjyehGruzVWzArL6tgQXV1ij0YkGP6xFVaiNTMHOoh5P-zwvAvYWpVt2qCImMuLsAc3NOtyBd-ftCanmtUsNSI_fZvJ4b5KKhAaSU58iKng/media?maxWidthPx=400&key=AIzaSyAgucJSAxcE0tpOe1l47Xy0Rw4QehRSg94,Flyttstädning|Hemstädning|Fönsterputs,Erbjuder städtjänster till hem och företag i hela Västmanland med lång erfarenhet inom branschen,Västerås|Västmanland,Master Städ har mångårig erfarenhet inom städbranschen med utbildad personal och effektiva städmetoder. Företaget erbjuder en bekymmersfri städservice av hög kvalitet till rimliga priser i Västerås och övriga Västmanland.,2020,,13,Aktiebolag,Ja,5,48,,,,Telefon: 076-925 68 15 eller 076-216 16 55,Provstädning med 50% rabatt för nya kunder. RUT-avdrag 50% på arbetskostnaden upp till 75 000 kr per år.,,,https://maps.google.com/?cid=15856557425538663404&g_mp=Cidnb29nbGUubWFwcy5wbGFjZXMudjEuUGxhY2VzLlNlYXJjaFRleHQQAhgEIAA,ChIJZxnOLaNhXkYR7IPQhffODdw,High,Google Places|https://masterstad.se/|https://krafman.se/master-stad-am-ab/5592823917/sammanfattning|https://letabolag.se/foretag/master-stad-a-m-ab-559282-3917,2026-07-04
HomeMaid Västerås,HomeMaid AB (publ),556543-8883,Klockartorpsgatan 14,723 44,Västerås,Skiljebo,021-80 12 50,vasteras@homemaid.se,https://homemaid.se/kontakta-oss/u-o/vasteras,https://www.google.com/s2/favicons?domain=homemaid.se&sz=128,https://places.googleapis.com/v1/places/ChIJPQ-Mmk5hXkYRMT4V1tpfLkU/photos/AaVGc3ktBuKWKgoiXh9hlhHwD-rfYMCcjOO9o-D3Bn41MWdkFAhVzlzfCE9OEHEWdln8BRnb3zhU3dd44-dMgdno14KQ0DcXXEa3JNvugVplxVAbLokYPVtYsvxrYDuaPvBkZ8dy_dcdW4teS2k1AfJiQobZ7F8ZgjqmDSaCbYb8m0PDkmGYAl1e9kRuqJvsj16DfP0g6Zoev0KgINS0UuyBj9eeuElslC64nU64x8CqX-PdxVqJm3ctDAd5wnGtLlIM0zw1b-tZN3wS2fZqYiajPV0cXdy9l4YXlS4qLRGi1TLB4s8xZnJa84eIx1L7scjJslxyt-cjmwW_c8d6qv43YKhgcgHweY2bsGneW1_lQFF4JApNy32it-yIEeRIBzdo1pFEJUVBK9sOcmIbJU0mHC1P1e6KFNzZOdHJz9J_4iwUXQ/media?maxWidthPx=400&key=AIzaSyAgucJSAxcE0tpOe1l47Xy0Rw4QehRSg94,Hemstädning|Storstäd|Fönsterputs|Visningsstäd|Flyttstäd|Strykning|Trädgårdsskötsel,"Lokalt team från kontoret på Klockartorpsgatan 14 som utför hemstädning, fönsterputsning, flyttstäd, strykning och trädgårdsskötsel med uppdrag som sträcker sig från Sala i norr till Eskilstuna i söder och Kolbäck i väster",Västerås|Sala|Eskilstuna|Kolbäck,HomeMaid i Västerås är en del av rikstäckande HomeMaid AB (publ) och hjälper hushåll och företag i Västerås med omnejd. Serviceassistenterna arbetar enligt tydliga rutiner med personligt bemötande och erbjuder allt från hemstädning och fönsterputsning till strykning och trädgårdsskötsel.,1997,,692,Aktiebolag (publ),Ja,4.1,55,,"hitta.se: 3.6/5 (69 omdömen, avser HomeMaid AB nationellt)",,Telefon 021-80 12 50 eller e-post vasteras@homemaid.se,,,,https://maps.google.com/?cid=4985027231044943409&g_mp=Cidnb29nbGUubWFwcy5wbGFjZXMudjEuUGxhY2VzLlNlYXJjaFRleHQQAhgEIAA,ChIJPQ-Mmk5hXkYRMT4V1tpfLkU,High,Google Places|https://homemaid.se/kontakta-oss/u-o/vasteras|https://homemaid.se/kontakta-oss/u-o/vasteras/hemstadning-i-vasteras|https://www.hitta.se/verksamhet/homemaid-ab-llmrtvh,2026-07-04
Hemfrid i Västerås,Hemfrid i Sverige AB,556529-8444,Ringborregatan 1A,721 34,Västerås,Öster,010-555 85 00,info@hemfrid.se,https://www.hemfrid.se/vasteras,https://www.google.com/s2/favicons?domain=hemfrid.se&sz=128,https://places.googleapis.com/v1/places/ChIJ720ny3ZhXkYRpyzk3dwjrYg/photos/AaVGc3mZ_Kdd96J3HmsTpcZbuejLpfwSYz4Z71v4RXg5mKOyJefsitFqqYJz4zl7-omDOXhaoqK5pIsRr1zR5xcS8XWkUSxFjUgsAxvy5FPb00ueSzxLNMZs1-DV295HAbhSgmDH-89KOnC7uJ_llrOavw3S7sA4CkBoa9CpSn0fllHOhNMtMYon9chxjPoeLYQZFQLlToY79KkoAyMFida_5P89OYoT6-qXXbAqXQv8K5P1XSVdYimQ3HRhqy2lOiAuK8yF9T09ceb8uqdK_RaLzLbSWd2NlH16Lk7YvyOI9JOF0Yv_AAQx56XkzfocMZRMyG-IoMOSBNRX-JVQksH3IZeuCA4KWLSItZqVPedubBoVn--X6DLAVNaKnH3WPPlljxM1isiN-MY4Cs-Ct63sVR9T_GrRCCuf77DVvZo6E-k3TaZHS-9vwpdihco2-fqN/media?maxWidthPx=400&key=AIzaSyAgucJSAxcE0tpOe1l47Xy0Rw4QehRSg94,Hemstädning|Fönsterputs|Storstädning|Flyttstädning,"Regelbunden hemstädning för lägenhet, villa eller hus av erfarna städare, samt engångstjänster som fönsterputs, storstädning och flyttstädning",Västerås|Sala,"Hemfrid i Västerås är en lokal enhet inom rikstäckande Hemfrid i Sverige AB som hjälper kunder i lägenhet, villa eller hus med regelbunden hemstädning i Västerås och Sala.",1996,,1855,Aktiebolag,Ja,4.1,71,,,,"Telefon 010-555 85 00 eller e-post info@hemfrid.se, bokning online",,,,https://maps.google.com/?cid=9848567391651638439&g_mp=Cidnb29nbGUubWFwcy5wbGFjZXMudjEuUGxhY2VzLlNlYXJjaFRleHQQAhgEIAA,ChIJ720ny3ZhXkYRpyzk3dwjrYg,High,Google Places|https://www.hemfrid.se/vasteras|https://www.hitta.se/verksamhet/hemfrid-i-sverige-ab-hnntvfkc|https://www.allabolag.se/foretag/hemfrid-i-sverige-ab/stockholm/st%C3%A4dservice/2K1FNRGI5YH6T,2026-07-04
TS Lokalvård,TS Lokalvård AB,556537-2355,Hedvigsgatan 10,702 25,Örebro,Norr,019-16 10 20,info@tslokalvard.se,https://tslokalvard.se/,https://tslokalvard.se/wp-content/uploads/2017/01/cropped-iconTS-32x32.png,https://places.googleapis.com/v1/places/ChIJ7YLCk-QUXEYRjRre7iusDn0/photos/AWCwydgEDvGEgqIukI-OWWOLMfJTFE9zcy8VrZ8HOY5KG2H4Sv0pMK-zeJvsIoVDc7H5Knbhw-L_URDoaSU9NUW1re_hz9wFj4bNjOEiYYau7KhN6wQRiJPT6lV5fNLoq0cedmI9Z_v499nMSltinh5P2XcpfI3mV-oMZXeI_Y6L1jIfXV11Vs8LV7eFXg_NzyZp5Bi5t6MOdNHrSklqVGib9X39daA8yejc6Wwg_o8mkqf6fNjWjoUi4k3ABufCDSA8FuWd1TLK9fM0JWqblWBNA6C6rsF7K-hfBl5kDkur2Y3_GV-XQUjNBUUQNhQS4ZXZE6W90QjaCIzsWZY1Ufd_lhM6ZKonxunzIj0-ps7c5ATfMbCOGgwpoaoDyQJoCHYGESNkgQO2PIgL9zZBBX2gOlnsssMkVoP8MnvCARWC11KNig/media?maxWidthPx=400&key=AIzaSyAgucJSAxcE0tpOe1l47Xy0Rw4QehRSg94,Kontorsstädning|Skolstädning|Butiksstädning|Trappstädning|Hemstädning,Kontorsstädning: professionell städning av kontor|Skolstädning: städning av skolor|Butiksstädning: städning av butikslokaler|Trappstädning: städning av trapphus|Hemstädning: städning av privata hem,Örebro med omnejd,"TS Lokalvård är Sveriges största medarbetarägda städföretag och har funnits i mer än 40 år i Örebro där huvudkontoret ligger. Företaget ägs av 170 av sina 230 medarbetare, vilket enligt företaget självt skapar extra engagemang och ansvarskänsla gentemot kunderna. TS står för 'Tillsammans'.",1996,,100,Aktiebolag,Ja,4.2,14,,,Kollektivavtal|Medarbeterägt företag (170 av 230 anställda är delfägare),Telefon (019-16 10 20) eller e-post (info@tslokalvard.se),,,,https://maps.google.com/?cid=9011329209106045581&g_mp=Cidnb29nbGUubWFwcy5wbGFjZXMudjEuUGxhY2VzLlNlYXJjaFRleHQQAhgEIAA,ChIJ7YLCk-QUXEYRjRre7iusDn0,"High - Org.nr, adress, grundandeår, anställdantal och omsättning (63 196 tkr) bekräftade via flera oberoende källor (hitta.se, allabolag.se, largestcompanies.se, egen hemsida).",Google Places|tslokalvard.se|hitta.se (org.nr 556537-2355)|largestcompanies.se|allabolag.se,2026-07-04
ADK Tjänst,ADK Tjänst AB,556969-6361,Radiatorvägen 11,702 27,Örebro,Sörbyängen,072-730 77 77,adktjanst@gmail.com,https://www.adktjanst.se/,https://www.google.com/s2/favicons?domain=adktjanst.se&sz=128,https://places.googleapis.com/v1/places/ChIJP2_xWAYVXEYRiKme8QBFKbs/photos/AWCwydiRz4fTub9j3QCnizrOa_jU8WTNitKOu04sx11r2YUsRBnhCcl41sOSM8F48DK97cNJmXq2SZ31MRp5H6R6A2OZjVInn-9-1nYfojaojWRl-VVWsBA3KbwOOMamxXWICklzKiG2CVmTAr_DS1L3TKp0wPSzxxGmzmj3mOBHzTMYxIsCmco2mjY4skK4J-dIJKh3UCjuPYC_rS0cxVosatIzzCRYFGsxEFEPU72NrqZDAjMVdpDSKB4T8iNsMLKiKiTibmjkcXkZ1BhIofSHsFOatCGAAq2Qj8j06S_RvETa3yjPgi4-Txao7ohNiS197rJTktyCBeMfL6-RO54MmN5rTo1ccYuTEuG_s6P4mbGaQ7KE8WR_-mRopkIRK_gaY_dxH7urXw83bpR3nB-TpHfLF61AzMZokiz6jixPZuZDvg/media?maxWidthPx=400&key=AIzaSyAgucJSAxcE0tpOe1l47Xy0Rw4QehRSg94,Hemstädning|Kontorsstädning|Flyttstädning|Fönsterputsning|Visningsstädning,"Hemstädning: huvudsaklig tjänst, regelbunden städning av privatbostäder|Kontorsstädning: för små och stora företag|Flyttstädning: städning inför flytt|Fönsterputsning: tilläggstjänst|Visningsstädning: städning inför visning eller fotografering",Örebro län,ADK Tjänst har erbjudit städhjälp sedan 2008 och övergått till aktiebolag 2014. Företaget arbetar huvudsakligen med hemstädning men hjälper även företag med lokalstädning. Systerföretag inom byggbranschen (ADK Bygg) delar samma ägarskap.,2008,,13,Aktiebolag,Ja,4.6,21,"""Väldigt nöjd med deras städning, vi har provat andra städfirmor förut i närheten och tycker att städarna från ADK gör det bäst :)"" - Anna L.",,,"Telefon (0727307777), e-post eller kontaktformulär på hemsidan","100% nöjd-kund-garanti, marknadsförs som prisvärt alternativ",,,https://maps.google.com/?cid=13486386429493684616&g_mp=Cidnb29nbGUubWFwcy5wbGFjZXMudjEuUGxhY2VzLlNlYXJjaFRleHQQAhgEIAA,ChIJP2_xWAYVXEYRiKme8QBFKbs,"High - Org.nr, adress, grundandeår (2008, även om AB-ombildning skedde 2014), anställdantal och omsättning bekräftade via flera källor (allabolag.se, hitta.se, egen hemsida). Bolagets SNI-kod inkluderar även byggnadssnickeriarbeten - man driver tydligen både städ- och byggverksamhet under samma bolag.",Google Places|adktjanst.se|hitta.se (org.nr 556969-6361)|allabolag.se,2026-07-04
Rent Hus i Örebro,Rent Hus i Örebro AB,556659-4700,Bergslagsgatan 6,703 67,Örebro,Markbacken,019-26 97 67,,https://www.renthus.com/,https://www.renthus.com/wp-content/uploads/2024/10/Rent-Hus-logga-PNG-1.png,,Kontorsstädning|Lokalvård|Hemstädning|Fastighetsstädning,Kontorsstädning: professionell städning av företagslokaler|Lokalvård: bred lokalvårdstjänst enligt Svensk Miljöbas kriterier|Hemstädning: städning av privatbostäder|Fastighetsstädning: städning åt fastighetsägare,Örebro,"Rent Hus i Örebro AB är ett etablerat städbolag som arbetar efter Svensk Miljöbas högt ställda kriterier och har kollektivavtal. Företaget har företagsförsäkring, och samtliga medarbetare är utrustade med Rent Hus ID-kort, arbetskläder och företagsbilar. Utdrag från polisregistret krävs vid nyanställning.",2004,,37,Aktiebolag,Ja,4.4,19,,,Svensk Miljöbas|Kollektivavtal|Företagsförsäkring|Polisregisterutdrag vid nyanställning,Telefon (019-26 97 67) eller kontaktformulär på hemsidan,,,,https://maps.google.com/?cid=3223416197237613616&g_mp=Cidnb29nbGUubWFwcy5wbGFjZXMudjEuUGxhY2VzLlNlYXJjaFRleHQQAhgEIAA,ChIJEflZhBoVXEYRMKSW9_Pfuyw,"High - Org.nr, adress, grundandeår, anställdantal (37) och omsättning (16 620 tkr) bekräftade via flera oberoende källor (SYNA, allabolag.se, byggkatalogen.byggtjanst.se). E-post kunde inte säkert verifieras och lämnas tom.",Google Places|renthus.com|upplysningar.syna.se (org.nr 556659-4700)|allabolag.se|byggkatalogen.byggtjanst.se,2026-07-04
Wärna Mellansverige,Wärna Mellansverige AB,556946-8076,Bettorpsgatan 24B,703 84,Örebro,Bettorp,010-130 14 90,,,https://www.google.com/s2/favicons?domain=warna.se&sz=128,https://places.googleapis.com/v1/places/ChIJAQAAAE1rXEYRdUlWUPixVGc/photos/AWCwydjQSUvMk7T9d-9IH8lkoS-hraMyjISxpp6uzSEpVAQ4Coyn0DZnZuvjUIfhJW58Byx584sNwoGhEP_TlUP-7_pKIeLAjd7m-xFGndWk4m0RkQ2Phnu1oIAOdFoSGE3-4iJ4Z9vD74c47t2A32uV3OU1yosWhLj-9mpB__XTWdRsq_NdwxvAc3G6qtUYs7qHYf8FE4E1D3w1bpc8gqOqiW20nRImK0CWsacN8WeINTH1eDsdM8iynqfIxkOOHug2nA4A4s6wVWOMTSLatIhsFDfwPbfxYCeCAGBWMFK9icBkUUbufKdm_ZLItPEGmvMY9ChCjX8MBbqySEkNjBSX2OnjOK7LYka4ZrGOVpSBSgzByq54ehIoOxNc-3A9hDfPxgP7298dITrAofkbtYw8BelLfBGY99ea6fiKTOjW5wqarw/media?maxWidthPx=400&key=AIzaSyAgucJSAxcE0tpOe1l47Xy0Rw4QehRSg94,Lokalvård|Fastighetsstädning|Kontorsstädning,Lokalvård: bred städtjänst för företag och fastigheter|Fastighetsstädning: städning åt fastighetsägare och BRF|Kontorsstädning: städning av kommersiella lokaler,Örebro,"Wärna Mellansverige AB är ett städbolag verksamt inom lokalvård och fastighetsstädning i Örebro, med miljövänlig fordonspark (bland annat elbilar). Bolaget ingår i koncernen J.Eklund Invest AB.",2013,,19,Aktiebolag,Okänd,4.3,44,,,,Telefon (010-130 14 90),,,,https://maps.google.com/?cid=7445771764008110453&g_mp=Cidnb29nbGUubWFwcy5wbGFjZXMudjEuUGxhY2VzLlNlYXJjaFRleHQQAhgEIAA,ChIJAQAAAE1rXEYRdUlWUPixVGc,"Medium - Org.nr, adress, VD (Matilda Eklund), anställdantal (19) och omsättning (13 483 tkr) bekräftade via flera oberoende källor (hitta.se, allabolag.se, letabolag.se). Webbplats-URL och e-post kunde inte säkert identifieras/verifieras och lämnas tomma. Fokuserar troligen mest på företags-/fastighetsstädning snarare än privat hemstädning.",Google Places|hitta.se (org.nr 556946-8076)|allabolag.se|letabolag.se,2026-07-04
Städbolag Ett i Täby AB,Städbolagett i Täby AB,556595-5613,Kanalvägen 15,183 38,Stockholm,Täby,08-792 63 00,info@stadbolagett.se,https://www.stadbolagett.se/,https://www.stadbolagett.se/wp-content/uploads/2023/11/stadbolaget-logga-vit-150x150.png,https://places.googleapis.com/v1/places/ChIJxbFGa42bX0YRWtP_FBvI9-g/photos/AaVGc3njZjyWOvaO1i1U54chiSA_5_rmcpIxkNErIJN6xGn_YWXhW_MR2om7Scjp1o6HVSTVbcIDdpZ_tSgplCiuR4PYy51oNQdYxuchy-bGEg9rfcgzGJTZMx_13Ko-Jq3jPUPkgsdKrrLOqfj46YlGzCQOyI7jNnLzGTyEvnqllEY6T_--SNbmg7OCOp0KjMUl9Htpk1O6DOZ_zvQLQ-r9N7KnPr-IKwPsc_BpJEDwzJkz24M-zY9eOMcFEYQXjXs8adg6XXNfQKXEf9_2kZpfcat-4LF9qKf5ZhNhwrRPkvC6SLPN-MkNohKgZ1FOVP-zCJV0fC-CWtt0ZSYTYjLHKu8q0tX4TRPT1xTe5pukJkXA7NnRj31D13dtqGva-x5UbGbPkbicnOnRcvVd5_HeXaOX9QNh8mjbedWuHTKKOOg2OYV1f6D_jxawGLJXW9F4/media?maxWidthPx=400&key=AIzaSyAgucJSAxcE0tpOe1l47Xy0Rw4QehRSg94,Hemstädning|Fönsterputsning|Kontorsstädning|Visningsstädning|Flyttstädning|Storstädning|Trappstädning|Byggstädning|Möbeltvätt|Golvvård,Hemstädning: regelbunden städning av hem för privatpersoner|Kontorsstädning: städning av allt från mindre kontor till stora kontorskomplex|Flyttstädning: slutstädning vid flytt|Storstädning: grundlig städning golv till tak,Täby|Stockholm,"Städbolag Ett i Täby AB grundades för cirka 25 år sedan (omkring år 2000) och är ett städbolag för både privat- och företagskunder i Täby och hela Stockholm. Företaget har över 100 anställda, arbetar enligt ISO-standard för kvalitet och miljö med månatliga kvalitetskontroller, och mottog utmärkelsen Årets Företagare i Täby 2006 till sin grundare.",2000,Magnus Elfstrand,42,Aktiebolag,Ja,4.6,117,,,Kollektivavtal|ISO-standard (kvalitet och miljö)|Ansvarsförsäkring hos Dina Försäkringar (10 MSEK),Kontaktformulär på hemsidan eller telefon 08-792 63 00,,,,https://maps.google.com/?cid=16787106154688795482&g_mp=Cidnb29nbGUubWFwcy5wbGFjZXMudjEuUGxhY2VzLlNlYXJjaFRleHQQAhgEIAA,ChIJxbFGa42bX0YRWtP_FBvI9-g,High,"Google Places|stadbolagett.se (start, om-oss, kontakta-oss)|allabolag.se",2026-07-04
Scandinavian Cleaning,,,Näsbydalsvägen 14,183 37,Stockholm,Täby,08-502 351 06,info@scandinaviancleaning.se,https://scandinaviancleaning.se/,https://scandinaviancleaning.se/favicon.png,https://places.googleapis.com/v1/places/ChIJv8CYUo_TBa0RrXno1XLSu-s/photos/AaVGc3kM21Q6yVY4d77d2yTi22JQUsRTpxS-47FgCErzOsvV9-x_wYwfaw_QF7vf7sfQ9Cir3CP_a0WXPeGUGBbOjSMAMCgk_BIgiTG8fnMHC9eckzi_fof9XMiJ9HG8CCduoW48nr-KsYttqn55udXcOUY5ACB4sHL_5mAZB6nQ8f5WKlgyatWOuCaM3xqD9Iz2jn3kyhHZfg-Gps4iNwmMtuFe2_SrPjz_jf2Lz7POl4Nvcyves06Q0AXOuUJqsGuJnhU8vnEJviBouinXWe3-2h6epaszXGitEngf5oHlwBURqZ2YLMiADtK-yLHg9L2DL1zQgJgCxtOg-3UxFWf_czbKp1OK5WjRaZjr9MAXfG75P44-8t5aIYSTHtn0saGyhbQfXVH29gBPIFm6X6VxumAQNQkMcO2UibkVVvo0BRvLmnIMw1or_CvrgITv6YtS/media?maxWidthPx=400&key=AIzaSyAgucJSAxcE0tpOe1l47Xy0Rw4QehRSg94,Hemstäd|Storstäd|Flyttstäd|Kontorsstäd,"Hemstäd: regelbunden underhållsstädning av golv, ytor, kök och badrum|Flyttstäd: noggrann slutstädning av bostaden|Kontorsstäd: städning för företag",Stockholm|Täby|Sollentuna|Solna|Nacka|Bromma|Kungsholmen|Lidingö,"Scandinavian Cleaning erbjuder professionell städning med fokus på kvalitet, trygghet och kundnöjdhet, verksamma i Täby och stora delar av Storstockholm inklusive Sollentuna, Solna, Nacka, Bromma och Lidingö.",,,,,Ja,5,45,,,,Onlinebokning via boka-nu-sida på hemsidan,,,,https://maps.google.com/?cid=16986401810214844845&g_mp=Cidnb29nbGUubWFwcy5wbGFjZXMudjEuUGxhY2VzLlNlYXJjaFRleHQQAhgEIAA,ChIJv8CYUo_TBa0RrXno1XLSu-s,Medium,"Google Places|scandinaviancleaning.se (start, boka-nu)",2026-07-04
Skinande Hem i Stockholm AB,Skinande Hem i Stockholm AB,556903-7269,Dora Lamms gata 17,183 72,Stockholm,Täby,08-612 90 13,info@skinandehem.se,https://www.skinandehem.se/,https://www.skinandehem.se/wp-content/uploads/2021/02/skinande-hem-logo-1.png,https://places.googleapis.com/v1/places/ChIJ____P6WbX0YRo5TGMRT-_Bw/photos/AaVGc3koMGby_rwMoBwsEJmU8xHSUniT0oFYRkggpLFMpUT7usIxBRNl4UUkMzQ2DGN-kj5OXRAzw7LIShRu-h8ablu0CZfetK9GeCw221glP7y_hNsEqjtWArEzR_C1wkt6sGYtse1EMGBj8wcvN4DeXZpU1zxyinNeVbeiWhize6EPOEZSR0-0qGaDSeXKVMwVH9CbEbD9Sn09CLEe1YmRFke_SQt3niHfwzRrc8mTV_I1M40PuMSXXWnbNQ2H5rGvI-BxcpIZjqxFUAOjtquyFxkJq1o1NY6ZPvBVsZONSsqn7cqYvoBOV8GzbvOJF_7kt9DNQFlpu9PpYO2IrSfwl5Hr1CQYcjfxZvKXjQuVntp9HwLCllgaG_D14k6Yc0_lczPK1LjVGGAUFG2Tw582u7TAh2sLRLvphj2pB-LfRGr18g/media?maxWidthPx=400&key=AIzaSyAgucJSAxcE0tpOe1l47Xy0Rw4QehRSg94,Hemstädning|Storstädning|Kontorsstädning|Fönsterputs|Flyttstädning|Trappstädning,Hemstädning: återkommande städhjälp i hemmet|Storstädning: rejäl genomgång av hela hemmet golv till tak|Fönsterputs: inklusive fönster på högre höjder|Flyttstädning: städning vid flytt,Täby|Danderyd|Lidingö|Nacka|Sollentuna|Vaxholm|Åkersberga|Vallentuna|Stockholm Innerstad|Upplands Väsby|Solna,Skinande Hem startades i januari 2011 i Vaxholm norr om Stockholm och har sitt kontor i Täby sedan flera år tillbaka. Företaget erbjuder hem- och företagsstädning i stora delar av norra Storstockholm med fokus på återkommande kvalitetskontroller och en dedikerad kontaktperson per kund. Erbjuder gratis provstädning för nya kunder.,2011,,9,Aktiebolag,Ja,4.9,28,,,,"Kontaktformulär, hembesök och provstädning innan avtal",,,,https://maps.google.com/?cid=2088823689880966307&g_mp=Cidnb29nbGUubWFwcy5wbGFjZXMudjEuUGxhY2VzLlNlYXJjaFRleHQQAhgEIAA,ChIJ____P6WbX0YRo5TGMRT-_Bw,High,"Google Places|skinandehem.se (start, om-skinande-hem, kontakta-oss)|allabolag.se",2026-07-04
Clean Choice,,,Propellervägen 4b,183 62,Stockholm,Täby,08-120 595 50,,https://www.cleanchoice.se/,https://usercontent.one/wp/www.cleanchoice.se/wp-content/uploads/2024/01/cropped-Namnlos-design-2024-01-29T154102.989-32x32.png?media=1779205870,https://places.googleapis.com/v1/places/ChIJj8iAErqQX0YRxr6jGIKPmiA/photos/AaVGc3kAmToQOcLspeIxZJMUfPORrW0Nc4g6kDvLFrQCh3Ndm0P7scmSo5jRyF5JpAiUo6gniZkC_WJvJzNZo2Bivt00w5NyjE9extJi0jKQNlRKV0FqIXsHsYYvR2VHAHfG4myh8gff056KKPnKUuVPP7YvxZu5Q5RU45lLsVHV5kfaPhUwqthlrayZtJ3qnF6aMHihjMDke9FiSigCBWEDdrRtHSq4h3Ok6QGNJMKjXk4KAPRI3mliOlSK0gSITE1TORI2k2Gu9Gu41zMZPGo6XHi3jc4K9lGGGly--EMzsxWPWRI0jw9a2FNGlRNuRZDBfb_uuQnekFtaMNHtUmhXgQoInqwZSTjvd8-ogs-ME2vmFGUJ04PY6oG3TfWuacIndwJre9k7LBz0goJTk3We-6t8MqjUcClOLDgEc6nDYtc/media?maxWidthPx=400&key=AIzaSyAgucJSAxcE0tpOe1l47Xy0Rw4QehRSg94,Hemstädning|Kontorsstädning|Fönsterputsning|Storstädning|Flyttstädning|Byggstädning|Trappstädning,"Hemstädning: städning för de som vill slippa städa på helgen, med provstädning innan avtal|Flyttstädning: prissatt per kvm|Storstädning: prissatt per kvm",Täby|Storstockholm|Sollentuna|Vallentuna,"Clean Choice (tidigare Ania's Städ Roslagen) grundades i maj 2012 i Vallentuna kommun och har idag sitt säte i Täby. Företaget erbjuder städtjänster för privatpersoner och företag över hela Storstockholm, med fokus på hög kvalitet och punktlig leverans.",2012,,3,Aktiebolag,Ja,4.4,68,,Reco 4.6/5 (455 omdömen),,Offertförfrågan via hemsidan eller telefon 08-120 595 50,"Provstädning 185 kr/h|Flyttstädning cirka 40-43,75 kr/kvm|Storstädning cirka 50 kr/kvm",,LinkedIn: linkedin.com/company/clean-choice-perfektion,https://maps.google.com/?cid=2349347944549039814&g_mp=Cidnb29nbGUubWFwcy5wbGFjZXMudjEuUGxhY2VzLlNlYXJjaFRleHQQAhgEIAA,ChIJj8iAErqQX0YRxr6jGIKPmiA,High,"Google Places|cleanchoice.se (start, stadfirma-taby, hemstadning-sollentuna)|reco.se|LinkedIn",2026-07-04
Nytta AB,Nytta AB,,Polygonvägen 1,187 66,Stockholm,Täby,,,https://nytta.se/,https://www.google.com/s2/favicons?domain=nytta.se&sz=128,https://places.googleapis.com/v1/places/ChIJ06XsUvmaX0YR2e920eddEp0/photos/AaVGc3nUy9AE2iTh24rJ1Y8Sc-ojLvFDKFmtWedSuNkk7HOLbquOX8Tyn95jZAEqiCThEZ_1iL8xmCwRTLLNMJceqa3_smUqDMgOgRXpU5Q1yMIRd3Hstw-C10-oOjE8erbKgzy82BId0XIuvu8s_zPIFgj4HHYhLGjpgZ6wBC5oqd3YB17wLGK7yIzu1DH8QdR5UBOd0Wqs-NFBa-uII7upAZzFh2icJPgQ1l03KCQeEauiSuyOFmbAI8G6YGm8jlFWGdKDlgNHHpr1ylir9KdrsB6S3ErF0sZdYKeqc-3sYOH674nXPc48xRQxtmnEB3uR_V8OsTVDaSU7qQRa4kHwLnCFNQU1bTwFSm4V-h2DsAQXIz3sXT7tbmmdfaiyjH2nshAsu0Vv_Ql66atbeTGtHKbAW0lJ5W84GdzxJx7YW8GURA/media?maxWidthPx=400&key=AIzaSyAgucJSAxcE0tpOe1l47Xy0Rw4QehRSg94,Hemstäd|Flyttstäd|Storstäd|Visningsstäd|Kontorsstäd,Hemstäd: återkommande hemstädning anpassad efter kundens vardag|Flyttstäd: bostaden lämnas ren och redo för nästa person|Kontorsstäd: lokalvård anpassad efter arbetsplatsens behov,Täby|Stockholm,"Nytta AB grundades 2007 och har huvudkontor i Täby samt ett citykontor i Stockholm. Företaget erbjuder personlig städning och professionell service för hem, företag och trädgård, med fokus på att förenkla kundens vardag.",2007,,10,Aktiebolag,Ja,4.5,19,,,,,,,,https://maps.google.com/?cid=11318212063768539097&g_mp=Cidnb29nbGUubWFwcy5wbGFjZXMudjEuUGxhY2VzLlNlYXJjaFRleHQQAhgEIAA,ChIJ06XsUvmaX0YR2e920eddEp0,Medium,Google Places|nytta.se (start),2026-07-04
Skvizz fönsterputs,Skvizz Sverige AB,559315-6382,Sviestad Gård 1,585 93,Linköping,Landsbygd/Sviestad (öster om centrum),076-005 55 41,kontakt@skvizz.se,https://skvizz.se/,https://skvizz.se/upl/images/827897/favicon_256_256_1_thumb.png,https://places.googleapis.com/v1/places/ChIJC6pnkWhtWUYRYeL4RE8csYY/photos/AaVGc3n-qxWO3I3mdn5WO2hYW5qJ9cuJKix7mPUuuBVcNZ15IzHzMFm9iS-oPhEbKwGm2PKA15nL6SdkVDDM7lN1YDpljJVhUzdGXzIo5vB9lsnuWKcTRqHddhu_A0E3TZxHWNlWk7XnApO2NVuwiIasos3IH_H_6peiaLdRNPu3LahYwIriRqr2qQ4xhyfRnTToxs5ZJPzFZzDsjYjb0fEmezFSRfNlgDWWZqUPRNM9WAbTfP23bEKTbrk_7p85r0HKQzUkXucc1Ziy6CrK4XVzlVRofF2ONbgKgD-19A__JPMxUHjmDEMie0LfbuIjhstWV061__yz54CvQiNL9RxmCIdto3r9m6zb0iMx6GVolOpTAUn6wb-ibUMxgDUdWAmezNciviYr8z38ERY-cCtO1wbwsFvYW88pP1lao5klRKs4F7g/media?maxWidthPx=400&key=AIzaSyAgucJSAxcE0tpOe1l47Xy0Rw4QehRSg94,Fönsterputsning (utvändig)|Fönsterputsning (in- och utvändig)|Fönsterputsabonnemang|Fönsterputs för företag,"Fönsterputs på abonnemang utan bindningstid, oftast 4-8 ggr/år; utgår från rullande veckoschema per område i Linköping, Norrköping, Motala och Mjölby. Traditionell fönsterputs med fönsterskrapa, tvättpäls och Svanenmärkt fönstersåpa, samt fönsterputsning med ultrarent vatten (helt utan kemikalier) vid behov/högt belägna fönster.",Linköping|Norrköping|Söderköping|Mjölby|Motala|Östergötland,"Skvizz är ett fönsterputsföretag som utgår från Linköping, Norrköping, Motala och Mjölby och putsar fönster i hela Östergötland enligt ett rullande veckoschema för att minimera körsträckor. Bolaget har kollektivavtal och erbjuder både abonnemang utan bindningstid och enstaka putstillfällen till fast pris.",2021,Simon Bodén Almefalk (styrelseordförande),3,Aktiebolag,Ja,5,38,,,F-skattsedel|Momsregistrerat|Kollektivavtal|Svanenmärkt fönstersåpa,Webbformulär (få pris/bli kontaktad)|E-post kontakt@skvizz.se,Enstaka fönsterputs från 659 kr efter RUT (1318 kr utan RUT); abonnemang från ca 249-344 kr per tillfälle efter RUT beroende på ort/omfattning,,,https://maps.google.com/?cid=9705569798745285217&g_mp=Cidnb29nbGUubWFwcy5wbGFjZXMudjEuUGxhY2VzLlNlYXJjaFRleHQQAhgEIAA,ChIJC6pnkWhtWUYRYeL4RE8csYY,"High - registry (org.nr, founding date, board, financials) and official site (services, pricing, RUT) both confirmed and consistent; only a named founder-vs-owner distinction is inferred from the sole board chairman",Google Places|https://skvizz.se/|https://www.allabolag.se/foretag/skvizz-sverige-ab/link%C3%B6ping/st%C3%A4dservice/2KI0R32I5YH6T,2026-07-04
Olssons Fönsterputs Östergötland,,,Nya Tanneforsvägen 71,582 42,Linköping,Vidingsjö/Ekholmen (söder om centrum),070-783 11 64,,https://www.olssonsfonsterputs.com/,https://www.google.com/s2/favicons?domain=olssonsfonsterputs.com&sz=128,https://places.googleapis.com/v1/places/ChIJk-1B84puWUYRagHu_xmx16g/photos/AaVGc3nc4jCsU0O8RTIftlWFe_TVrj_Wwz0tWK2lprJGNZRE7OaRXeQOvzDXciTgfWG-ys1PQOFsRjFrv4Ld9lpWj9nUompEWH3WEoEcdY32jjn0K3Mh_iqyES4AwHfZIhydjtHe7lsYFOVcESEu9rgx8J7vTgvvxAELqInW5KqOmMtLIXNBfq40BzXZGGYLXx5VuVwB_EkHOhsCXrEQXZ78jCHKTGkKg0SF83hUNST8VuMPL7DEcX-6svU4Eg6ChHSioPI9Gvul-83ukSAFVCfUS-Ajqj2f1G4FVboQvp0UhOGry_y2riKapocMA8zIaPM2V1IQJBkPydx6NUJnwlFw3JRyHWIZJpjNNfT8komPQ6Oh24yyLlP-m9Y-lsqMuOlzdhjJTzVlKcAjMBT8rQYaFH3oGRqhRDMvHMqu4RbNskfBL0Vkdwf5BnEflZJqhePD/media?maxWidthPx=400&key=AIzaSyAgucJSAxcE0tpOe1l47Xy0Rw4QehRSg94,Fönsterputsning (privat)|Fönsterputsning (företag)|Fönsterputsning för BRF|Fönsterputs med teleskopskaft/ultrarent vatten,"Premiumfönsterputs med fokus på privatpersoner, företag och bostadsrättsföreningar. Använder avancerat renvattensystem med teleskopskaft för att nå upp till fjärde våningen (ca 13-14 m) direkt från marken utan skylift eller stege. Placering i Top 10 i fönsterputs-SM, 700+ nöjda kunder.",Linköping|Norrköping|Motala|Mjölby|Mantorp|Finspång|Kisa,"Olssons Fönsterputs Östergötland är en lokal fönsterputsfirma som varit verksam i regionen med fokus på Linköping och Norrköping. Man erbjuder premiumfönsterputs med Svanenmärkta produkter och ett tydligt löfte om skinande rena fönster, samt skräddarsydda avtal för bostadsrättsföreningar.",,,,Enskild firma,Ja,4.6,42,"Viola: ""Peter och Nicklas har jag anlitat i flera år och jag är alltid lika nöjd med fina fönster när Peter eller Nicklas har varit här""|Ulla: ""Kanontrevliga killar som verkligen kan sin fönsterputsning. Mycket fina och rena fönster till en bra peng. Kan jag verkligen rekommendera!""|Christoffer: ""Peter och Nicklas leverar utmärkt resultat varje gång dom är här och putsar våra fönster.""",,F-skattsedel|Svanenmärkta rengöringsprodukter,Onlinebokning via Edibooking|WhatsApp|Telefon (Linköping: Peter Olsson),Privatperson betalar 50% av arbetskostnaden via RUT-avdrag; fast pris efter offert/bokning online,,,https://maps.google.com/?cid=12166387643590771050&g_mp=Cidnb29nbGUubWFwcy5wbGFjZXMudjEuUGxhY2VzLlNlYXJjaFRleHQQAhgEIAA,ChIJk-1B84puWUYRagHu_xmx16g,"Medium - operates as an Enskild firma (sole proprietorship) so no org.nr surfaced via registry search; a separately-registered 'Olssons Fönsterputs AB' (org.nr 559567-8458) exists but is based in Ekenässjön with zero revenue/employees since Jan 2026 and appears to be an unrelated or not-yet-operational entity, so it was NOT used to avoid misattribution",Google Places|https://www.olssonsfonsterputs.com/|https://www.hitta.se/verksamhet/olssons-fonsterputs-ostergotland-illmqqyh,2026-07-04
Linköpings Finstäd AB,Linköpings Finstäd AB,559059-0450,Nya Tanneforsvägen 13,582 42,Linköping,Vidingsjö/Ekholmen (söder om centrum),013-327 00,,https://www.finstad.se/,https://www.google.com/s2/favicons?domain=finstad.se&sz=128,https://places.googleapis.com/v1/places/ChIJL0ZIZyRvWUYRzRi3pGd9mRQ/photos/AaVGc3kHqmv6c8rZSu1D6Cp4DR45F93Q16GKWIPrLNX-cDV81t_yDDOS25HQiwTczRAC9yPQlQ9WaFvW-hdihpaOVH9RoNq-MDsYpZoaJ1e99e7fndy9p_gkhXuqe63PpUEbKVeKhqdYsFWGY1bfsI6BfUD3WkZVJt_7kaWZc6TIXm0nEM2898ixvVwz87dZXy6yO0sVO3I2p_2_2fzRoUvyM9swx0NGYupJu2R8dAmLXjE6LO_cO6x1tQigJI9MzFk5WYkUt2Dn6f_1cOwNOZBP_a8AzGSOaj1DPGn-mMcMgVWv5uCnGj1EjhrvUYt86ARYYah4Vi-XUEgjbCZMgnRNRjl57aw2oeJCKayd1-QNchNAeDxcQw1CHMXgR0594jMBMuUzKvJCvgwqudP0W92U4zzpFphOytbo6rDYhNQlLs3sLQ/media?maxWidthPx=400&key=AIzaSyAgucJSAxcE0tpOe1l47Xy0Rw4QehRSg94,Hemstädning|Flyttstädning|Kontorsstädning|Storstädning|Fönsterputsning,"Städfirma med 13 anställda (2024) som erbjuder hemstädning, flyttstädning och kontorsstädning i Linköping. Samarbetar med 'Flyttjakt' för flytthjälp som komplement till flyttstädning.",Linköping,"Linköpings Finstäd AB grundades 2016 av ett ungt par med bakgrund inom service- och vårdsektorn, med målet att erbjuda pålitlig och personlig städservice till hushåll och företag i Linköping.",2016,"Elvedina Lucicanin (styrelseledamot, verklig huvudman)",12-13,Aktiebolag,Ja,4.2,32,,,F-skattsedel|Momsregistrerat,Telefon 013-327 00,,,,https://maps.google.com/?cid=1484355436293855437&g_mp=Cidnb29nbGUubWFwcy5wbGFjZXMudjEuUGxhY2VzLlNlYXJjaFRleHQQAhgEIAA,ChIJL0ZIZyRvWUYRzRi3pGd9mRQ,"Medium - strong registry data (org.nr, founding date, board, employee count, revenue) confirmed, but declining revenue (9.07M to 7.1M SEK, -21.8% YoY) noted, and founder attribution to Elvedina Lucicanin is inferred from board role/beneficial-ownership stake rather than an explicit 'founder' statement; no direct email or pricing found",Google Places|https://www.finstad.se/|Ratsit.se|Allabolag.se,2026-07-04
HomeMaid Linköping,HomeMaid AB (publ),556543-8883,Nordengatan 45,582 56,Linköping,Vasastaden/Johannelund (nordväst om centrum),013-13 25 00,linkoping@homemaid.se,https://homemaid.se/kontakta-oss/l-m/linkoping,https://homemaid.se/static/images/favicon/apple-touch-icon-57x57.png,https://places.googleapis.com/v1/places/ChIJaYRa-RVvWUYR50t8HO5VEUg/photos/AaVGc3lw-i50Uc3D7Q6CjwgaT0ccJsveKhYWgOpuucRe6njAJhmeVGX0gBplert5Xa_hpyWO3Qn0yBKkBFA1rWlHZgdTqEV_EB_pYg-ge_lf-WL3_MePS6PBR2YkyMvKaiAFS8t2afdbwNrk_G70DGuKg85ydgEVOf8Ayq5E7i37IGugVoWRt3_XLLV1BCyupry6K0xIzpQwKMgum0sJC20ujuf2Kf3x9hQ4yUIDslxgyFURLqXpG74c6sA68puwCieQV8ohOTobO4fFBPWY7uLEb3ym6DU_2Y5nFAED6ZGxC7PIjA5af3_BHAlIpgarqknDRsJGACEhExjxhhDmQ3JZYtuICUfn--4yS3LZ4s3beQKJOgSOKb1OmvUT2grVyb2vPyTubP-T4B5x8M1-bB7xRqX1eTrXiUg8P82W2F5ta8E34pa3/media?maxWidthPx=400&key=AIzaSyAgucJSAxcE0tpOe1l47Xy0Rw4QehRSg94,Hemstädning|Storstädning|Flyttstädning|Fönsterputsning|Visningsstädning|Tvätt och strykning|Trädgårdsskötsel,"Abonnemangsbaserad hemstädning med fast serviceassistent per kund, samt storstäd, flyttstäd, fönsterputs och visningsstäd. Erbjuder 'timbank' där outnyttjade timmar sparas och kan användas senare. Alla serviceassistenter är utbildade inom städ, miljöpåverkan, rengöringsmedel och ergonomi.",Linköping och närliggande områden,"HomeMaid är en rikstäckande städkedja (publikt aktiebolag, grundat 1997) med kontor på Nordengatan 45 i Linköping sedan cirka 30 år. Erbjuder hemservice och lokalvård till hushåll och företag i hela Sverige via lokala kontor.",1997,,"692 (nationellt, 2024)",Publikt aktiebolag,Ja,3.9,42,,"Hitta.se/Reco.se (företaget totalt, 33 kontor): 4.3 av 5, 81 omdömen",F-skattsedel|Momsregistrerat,Telefon 013-13 25 00|E-post linkoping@homemaid.se eller info@homemaid.se|Bokningsformulär på hemsida,Pris beror på städfrekvens och bostadsort; prisuppskattning via hemsidan,,,https://maps.google.com/?cid=5193026326503377895&g_mp=Cidnb29nbGUubWFwcy5wbGFjZXMudjEuUGxhY2VzLlNlYXJjaFRleHQQAhgEIAA,ChIJaYRa-RVvWUYR50t8HO5VEUg,"High - Google Places rating (3.9/42) for the physical Linköping location matches HomeMaid's own Linköping page claim exactly; note a separate, higher aggregate rating (4.3/81) exists on hitta.se/reco.se but that figure pools reviews across the parent company's 33 nationwide office locations, not just Linköping, so the Places-specific figure was used as the primary field per task rules. Org.nr/financials are for the whole public company (HomeMaid AB (publ), HQ Halmstad), not a separate Linköping legal entity.",Google Places|https://homemaid.se/kontakta-oss/l-m/linkoping|https://www.hitta.se/verksamhet/homemaid-ab-publ-homemaid-linkoping-nuvxiano|https://www.allabolag.se/foretag/homemaid-ab-publ/halmstad/st%C3%A4dservice/2K1IO4JI5YH6T,2026-07-04
Rent och Fint i Linköping,,,Drottninggatan 34B,582 27,Linköping,Centrum,076-41-33-225,,https://rentfintab.se/,https://www.google.com/s2/favicons?domain=rentfintab.se&sz=128,https://places.googleapis.com/v1/places/ChIJESzJKUFvWUYRJa7fEMBn9vE/photos/AaVGc3kpMl74TUZJhz4hC4yzkZ62z5TSBn2SBgDXZXgm_TUC_BpCY1NpbOTCIfTEZWsioZT0Tbogb2-6dxccpDnPL5CtQAvQZePCU81vln4aElBjyExlcWaDpicqWK4OEmC2bqYF3-mUq9_rt2bFvTbMYMwr-U5D1C8wreovnatsSZl627Yv_ZfeWt-dyuUYLF17RwPKf6KeteTCdcmEiMSGeXk7hgCl5qVGdcwZy4qvdxnuPbRspjwsvcg21pxtqeP3DGUm68q0i9PILYys4y3KfS1tZaZOLFWnqWHMFEN88P1B534axI-KEl-FAGBVjuT0fn06x7fzvkXy1zWw8nazkMEBCxKbRhu7K1CG39bHXST4ACHFqnhsywC1LmRw5fd8G41o3dnAUf39TFouGK7C4J2u9C82v8-S6H0jF1F0rDUDr5Ty57v0ffj3_BzvRLu2/media?maxWidthPx=400&key=AIzaSyAgucJSAxcE0tpOe1l47Xy0Rw4QehRSg94,Hemstädning|Flyttstädning|Fönsterputs|Visningsstäd|Seniorstäd 65+|Företagsstäd|Storstäd,"Skräddarsydd städservice för hem och företag med flexibla lösningar, inga bindningstider, kostnadsfritt besök och offert. Erbjuder tillägg som tvätt/strykning, sängbäddning, fönsterputs och trädgårdsvattning.",Linköping|Halmstad,"Lokal städservice verksam i Linköping och Halmstad, med fokus på flexibla och skräddarsydda städuppdrag för både privatpersoner och företag.",,,,,Ja,5,31,"Ellyn Garzon, Linköping: ""Jätteduktiga tjejer, och det är så fräscht och fint varje gång dom varit här. Kan absolut rekommendera""",,,Telefon/SMS 076-41-33-225|Webbformulär|E-post,"Hemstädning varje vecka (2 tim): 4400 kr/mån, 2200 kr efter RUT; varannan vecka (2 tim): 2200 kr/mån, 1100 kr efter RUT; framkörningsavgift 65 kr/mil utanför Linköping tätort",,,https://maps.google.com/?cid=17435237082025930277&g_mp=Cidnb29nbGUubWFwcy5wbGFjZXMudjEuUGxhY2VzLlNlYXJjaFRleHQQAhgEIAA,ChIJESzJKUFvWUYRJa7fEMBn9vE,"Low - two similarly-named but distinct legal entities exist ('Rent Och Fint i Linköping AB', org.nr 559141-8396, actually headquartered in Västerås; and 'Rent & Fint MR AB' operating rentfintab.se in Linköping/Halmstad). The Google Places listing's name and rating most plausibly match the latter's marketing/operations given its Linköping-specific phone, pricing and testimonial, but no address was published on either registry or the website to confirm the Drottninggatan 34B address belongs to this entity, so legal_name/org_number/legal_form are left blank rather than guessed",Google Places|https://rentfintab.se/|https://www.hitta.se/verksamhet/rent-och-fint-i-linkoping-ab-nviklrvef,2026-07-04
SQ Städservice AB,SQ Städservice AB,559409-9201,Backa Bergögata 16X,422 46,Göteborg,Hisings Backa,031-22 55 40,info@sqstadservice.se,https://sqstadservice.se/,https://sqstadservice.se/_next/image?url=%2Fimages%2Flogo%2Fsq-logo.png&w=640&q=75,https://places.googleapis.com/v1/places/ChIJnYOhklb0NQwRmoDpnIaJLPY/photos/AaVGc3mIxJya8ENxa99HVa1xXUqZacim9Y3kCYjaiiATm3CV0rnQ0PJHYjqBTx0QQZHJU1ExePdRrQjmpmVNxeb_BnEYvQGjbM15LHmFiUHGfYfckden0hyGtcs78nEjdwNp1ex-xpNWomYpespd2PLe4pU8NrcJvoK7fDk9fUycgY0dSgN45eHemhte9lXVoXPU2vOwg707cdDUi5vRhzLZT5N1LP7XiqH463is59q3zRQkiATTU0t6KRslbhH_gZnvnz2UgtRnTTUi7xO8HV4RsF3j1SsDqA-IGKmjZfrg1HNJIM40Rk6Dlm0FFc5Gj753x5R7G_jfkyH-XB3ty3KMVfw_XoYl4dqPa2XmtbXLdQPeBwLG-RhJZRzwTmcQdE6nyvOBIdDmxdZV501dasQB08ajTiCtp322GmI9_1q4ZrZHXhnpqzeq195hGR1xIyEm/media?maxWidthPx=400&key=AIzaSyAgucJSAxcE0tpOe1l47Xy0Rw4QehRSg94,Flyttstädning|Hemstädning|Storstädning|Kontorsstädning|Fönsterputs|Städning av dödsbo|Trappstädning,Flyttstädning: grundlig städning enligt branschstandard inför flytt. Hemstädning: skräddarsydd återkommande städning av hem. Kontorsstädning: anpassad efter företagets schema och behov. Storstädning: djupgående rengöring av hela bostaden.,"Göteborg med omnejd, Hisings Backa","SQ Städservice är ett städföretag i Göteborg som kombinerar kvalitet, erfarenhet och miljöansvar. Erbjuder garanti och personlig service för privatpersoner och företag.",2022,Salah Hassan Qanbar Qanbar,2,Aktiebolag,Ja,4.9,150,"""Jag anlitade SQ Städservice för flyttstädning i Göteborg och är väldigt nöjd! De var väldigt professionella, höll tidsramen och lämnade lägenheten skinande ren."" - kund på sqstadservice.se",,,"Kontaktformulär, telefon, e-post - kostnadsfri offert","Fasta priser när möjligt, RUT-avdrag tillämpligt",,,https://maps.google.com/?cid=17738704243556712602,ChIJnYOhklb0NQwRmoDpnIaJLPY,High,sqstadservice.se|allabolag.se|Google Places,2026-07-04
MakeClean AB,MakeClean Göteborg AB,556930-1970,Backa Bergögata 16C,422 46,Göteborg,Hisings Backa,010-516 41 64,info@makeclean.se,https://www.makeclean.se/,https://www.makeclean.se/images2/logga2023j.webp,https://places.googleapis.com/v1/places/ChIJe3cAq5j0T0YRXS1j9zJzPFE/photos/AaVGc3kAUUuvaLpnyGaPpBSgJbUdsIy8yV0-MZOp-LGH7zYZpv-BauM-AYaq9x0E7kIvuKcSCoze7Fy5dBp6zU6dNyCqh1edR1o1m1Swu8fRpvtccMlue3WaqyzoFgt2q5ei-BJHLBY7TS8DjqXNp2WmZePJbFaLNWD3QZA73B8__X_M4oohYSrzOwF5cQzZHeBZhTyfOrCbsVkDkDvsaxWrrk3XP5epL4DQ-e4Np6R9uFFEvQbe6e_Ze46NSscLkRSU0AMgpSnIUTBxViJq76kpFKbbYsFYmo7p5LcpVgcYgJAFFg6UT3KwTblcRhF11rp1FnyilTPDqJsHNmj-h1CGrZuiZoaLkvkAdqaflPPDiJlHRF6PFjFM8kL8kMu0yHQSN-WKe4U7307BeVKrayQ8JsmaWEwUYFrZkER1dn64UtPJTBBp/media?maxWidthPx=400&key=AIzaSyAgucJSAxcE0tpOe1l47Xy0Rw4QehRSg94,Flyttstädning|Storstädning|Hemstädning|Fönsterputsning|Kontorsstädning|Trappstädning|Byggstädning|Golvvård|Sanering|Städning av dödsbo,"Flyttstädning: fastpris flyttstäd med full garanti enligt Mäklarsamfundets rekommendationer. Hemstädning/Storstädning/Kontorsstädning: skräddarsydd städning för hem, kontor och lokaler.",Göteborg med omnejd,"MakeClean är städföretaget som bryr sig - erbjuder städning med hög kvalitet för hem och företag i Göteborg med omnejd. ISO-certifierat inom miljö och kvalitet, har kollektivavtal och alla nödvändiga försäkringar.",2013,,18,Aktiebolag,Ja,4.6,212,,,ISO-certifierad (miljö och kvalitet),"Telefon, e-post, online offertformulär - svar inom 24 timmar","Fastpris, alltid lågt pris, städmaterial ingår, ingen bindningstid, 50% RUT-avdrag på arbetskostnaden",,,https://maps.google.com/?cid=5853680278410833245,ChIJe3cAq5j0T0YRXS1j9zJzPFE,High,makeclean.se|allabolag.se|Google Places,2026-07-04
Daily Hemservice i Göteborg AB,Daily Hemservice i Göteborg AB,559143-9624,Kvilletorget 18,417 04,Göteborg,Kville/Hisingen,031-28 30 10,info@dailyhemservice.se,https://dailyhemservice.se/,https://dailyhemservice.se/wp-content/uploads/2021/03/Primery-Logo-.png,https://places.googleapis.com/v1/places/ChIJm-w_55P1T0YRLXQDDuheq44/photos/AaVGc3l6ejpWBqwZVVrLHXyz2xZ5cbTkrE3QKbqIC3Je8S7uiGA4PqWhCa4UKLsCROZqzItwSWaVtJ3zPnHZsJlp3kpWD5HbGpYJPNE1YZ4eeudWgG4rVSsqBLxRg-NUdCSFnfy0M06HxPG_EDdcBn6QhQ2ozXw4-tAHVh96fFmU3VjS-0k7AbTx9A18Fb3Dr6PuQGx5yNXtyJ0Rx6xvNYIsJ_oJ_zZFNRXItf-4Eu9B8p-N-2AfmTqm8LkSl0-Hj7HbGvYpLR3M8YYzmZhIMetFyt1PMmcnS6n1GX3eETx3uOU5rxcRSKbneAltCjkrC4j24a9PGyXWc26B8qqP1w3p6moYD0Tghh6w9lxFrNUFMgur6XrSGkCAzYnBUKee60lzzz1Vz1O32XJB0nyTLHlAiY6gbyTJ9yNgN5v3Y9Bd0Hz9-g/media?maxWidthPx=400&key=AIzaSyAgucJSAxcE0tpOe1l47Xy0Rw4QehRSg94,Hemstädning|Flyttstädning|Storstädning|Kontorsstädning,"Hemstädning: löpande städning från 210 kr/h efter RUT, samma städare varje gång. Flyttstädning: grundlig städning med garanticertifikat, fastpris efter yta. Storstädning: djupare engångsstädning.","Göteborg, Mölndal, Partille, Kungälv","Daily Hemservice erbjuder prisvärd kvalitet och exceptionell service. 3500+ nöjda kunder, 20 000+ timmar sparade, betyg 4.8 av 5.0 från 110+ omdömen.",2018,Fekadu Kesete,2,Aktiebolag,Ja,4.7,126,,,Svanenmärkt profil,"Webbformulär, telefon, e-post - svar oftast inom två timmar (vardagar 8-17)","Hemstädning från 210 kr/h efter RUT (löpande) / 260 kr/h (engångsstädning), fastpris, minimum 3 timmar",,,https://maps.google.com/?cid=10280414925163820077,ChIJm-w_55P1T0YRLXQDDuheq44,Medium,dailyhemservice.se|allabolag.se|Google Places,2026-07-04
Ultraputs Göteborg,Ultraputs AB,556687-9093,Metangatan 1T,431 53,Göteborg,Mölndal,031-716 04 99,info@ultraputs.se,https://ultraputs.se/,https://crent.se/wp-content/uploads/2025/09/crent-ultraputs-logo.png,https://places.googleapis.com/v1/places/ChIJO6-R_UfyT0YRl605bGVQcoc/photos/AaVGc3lfPwVxMUB0cGTZpRDnNsX61Fv745maqKx5kXzRed0Xq2hQohDcmNX5PQ8Fu_n5UaqOreT-1WtIHsetbHIuW7exaY44JrEruhJkX6zsk6iMkQCiuOu4VLEhS2Odozb7Ga53n2kmCqG_vYa1Qyo44acR1zaqP5Vyn5ahMWC2dexcAAz3uc-XearUlWbkbT366Y-2qIlLTpoun6EiFI_544OGrnnt9o7Q9UgMqZVPgrIPTwZ48xQBwZed066vS6zLGC0E70wYjBGZ-cEQ1GdY5zDKiXqubEJSVaKiMrhyrY1iQBbDF4bjw2e8F13yp9Lys0bP8zymIUiQ7dVeApTmPjStAEgBQdISKsfIzMAVBZ8cwK5_9XYgWfXAZ_EOzOUnwPeT2IRvZkz-o4mOLpW2L4emw5dT46UQFZg7g0yvaMXCOw/media?maxWidthPx=400&key=AIzaSyAgucJSAxcE0tpOe1l47Xy0Rw4QehRSg94,Fönsterputsning|Fönsterputsabonnemang|Höghöjdsarbete,"Fönsterputsning för privat och företag, alla typer av fönster och byggnader. Abonnemangstjänst med fast pris och ingen bindningstid. Höghöjdsarbete via dotterbolag Vyn AB.","Göteborg, Mölndal, Kungsbacka, Partille, Mölnlycke, Hisingen, Frölunda",Ultraputs har fönsterputs som sin vardag sedan 2001. Auktoriserat serviceföretag via Almega Serviceföretagen med kollektivavtal. Förvärvade C-Rent (Göteborg/Mölndal) i augusti 2025.,2005,Jon Enström,30,Aktiebolag,Ja,5,105,,,"Auktoriserat serviceföretag (Almega Serviceföretagen), kollektivavtal","Telefon, e-post, online prisberäkning","Abonnemang provperiod 240 kr, 50% RUT-avdrag upp till 50 000 kr/år/person",,,https://maps.google.com/?cid=9759951739002924439,ChIJO6-R_UfyT0YRl605bGVQcoc,Medium,ultraputs.se|crent.se|hitta.se|Google Places,2026-07-04
Akut Rut och Städtjänst AB,HM Akut Rut och Städtjänst AB,559024-8661,Gullbergs Strandgata 36D,411 04,Göteborg,Centrum,031-384 70 10,,https://www.akutrutstadtjanst.se/,https://www.akutrutstadtjanst.se/media/akut-rut-stadtjanst-favicon-150x150.png,https://places.googleapis.com/v1/places/ChIJmXhp5qb0T0YRgkuwL_PN1CM/photos/AaVGc3n3hm7gemZ1EXuFU3iBXhMX1rmYtECs1YpxE1Y-e1TOZA43khRHct_mPGm5iRnpzGAw0hZuLh58R-5o_CnoPCyQov1z7fLHulNY8_Qb7MjJU5GbJ_xmVu9MkT_3zkqQLVh7jVn5SEpeF7ndiywO4q7HAhzPHA3xH18LWEx1px5JsAXNWhWjUZpGIr1prliLMsmldr4x9rs9Jepm50Jyqn_dQc4JY0_O6zQ0PkzGp0N7TDmrYeOIWQgnMLy0ik9UpvxJREfspJAk4evU4XLojjWuzdphKo1rQA8qWsZZzx4TqeQtEMEH9hFfkXd_L0PtZH99vHVVg6UxAjQg898zST9K98GN_aCYyqiPokr_oNCx4PYuMrxejFF5j1kN1PyoKmQC-Nbjzp2EgJYoSYXgx3pKPjxmzW0abqSjZLigvxH59P2a/media?maxWidthPx=400&key=AIzaSyAgucJSAxcE0tpOe1l47Xy0Rw4QehRSg94,Flyttstädning|Hemstädning|Kontorsstädning|Butikstädning|Byggstädning|Trappstädning|Fönsterputsning|Flytthjälp,Flyttstädning: noggrann städning som lämnar bostaden skinande ren. Hemstädning & lokalstädning: regelbunden städning för hem och företag. Kombinerar flytt- och städtjänster.,"Göteborg, Mölndal, Borås, Partille, Lerum, Uddevalla, Kungälv - från Strömstad till Billdal","Akut RUT och Städtjänst AB utför alla typer av städ- och flyttuppdrag för privatpersoner och företag i hela Sverige, med fokus på Västsverige. Kvalitetspolicy med personlig service och miljöhänsyn.",2015,Hisham Sultan,8,Aktiebolag,Ja,4.2,109,,hitta.se: 5.0 (4 omdömen),,"Offertförfrågan online, telefon","Kostnadsfri offert, RUT-avdrag tillämpligt",,,https://maps.google.com/?cid=2581914930750966658,ChIJmXhp5qb0T0YRgkuwL_PN1CM,Medium,akutrutstadtjanst.se|allabolag.se|hitta.se|Google Places,2026-07-04
City Städ 2 AB,City Städ 2 AB,556836-4417,Ingela Gathenhielms gata 6,421 30,Göteborg,Västra Frölunda,072-287 77 32,info@citystad2.com,https://www.citystad.nu/,https://www.google.com/s2/favicons?domain=citystad.nu&sz=128,https://places.googleapis.com/v1/places/ChIJa1-y6WrzT0YRv0DwHTsHrs4/photos/AaVGc3ksMAjt9mtfCS8qouM0ITy3t-KyUXTKoNU49C0l41SS2bDXVJqHqUf1dlCqF8whvBfHN4GwaODHxAa_M6cJBbRJVB4kNEkNaLst_jHZKdcIKTwh5ot5iBjgnvCCRfpQssKQuA1N2gCWehJY1J6N9U_sLPGrrXQKDas2-CbvnHwaq-UpuPMjMsYbMUVJaSP3ayto9F9xjYkIUIS-BviBTY__redFt_a8VT9o7eD26lfSHSClq17mTXHadhwSlgkH_p2kc5hVzvpGhstj4OOmnUmfJVivXOzs8D8qZPWn50fEiLhjFWl1_oUtMZF1hPlK7cxm-kDByGLsgL58MaEgt0LMS30B31eDSuxrs_yR6NlG4KbZftmDT1yrWmnb8RqabVLMPDxzVGDMSKKQ_x2-ekekWVMAcL3kDEtpwIPV-VtWug/media?maxWidthPx=400&key=AIzaSyAgucJSAxcE0tpOe1l47Xy0Rw4QehRSg94,Hemstädning|Flyttstädning|Kontorsstädning|Trappstädning|Byggstädning|Fönsterputs,"Flyttstäd: besiktningsklart med 10 dagars garanti, 50% RUT. Hemstäd: löpande eller engångsstädning med checklista, från 230 kr/tim efter RUT. Kontorstäd: fasta rutiner och kvalitetssäkring. Byggstäd: grov-, fin- och slutstäd, personal med ID06-kort.",Göteborg|Västra Götaland,"City Städ grundades med idén att professionell städning ska vara lika trygg som noggrann. Erbjuder hemstädning, kontorsstädning, flyttstäd, trappstädning, byggstäd och fönsterputs till privatpersoner och företag i Göteborg med omnejd, med nöjd-kund-garanti och åtgärd inom 24 timmar vid missnöje.",2011,Yona Lobulu,5,Aktiebolag,Ja,4.9,93,,,ID06|SAFE Construction Training,"Telefon, e-post (info@citystad2.com), eller offertformulär på webbplatsen",Hemstäd från 230 kr/tim efter RUT; kostnadsfri offert på övriga tjänster,,,https://maps.google.com/?cid=14892848968247558335&g_mp=Cidnb29nbGUubWFwcy5wbGFjZXMudjEuUGxhY2VzLlNlYXJjaFRleHQQAhgEIAA,ChIJa1-y6WrzT0YRv0DwHTsHrs4,"Medium - founded_year discrepancy between company registration (2011) and site's brand narrative (""sedan 2007""); image_urls photo reference token approximated, verify exact photoRef before external use",https://www.citystad.nu/|https://www.hitta.se/verksamhet/city-stad-2-ab-nqxdeimst|https://stadningguiden.se/vastra-gotaland/goteborg/city-stad-2-ab-goteborg/|Google Places,2026-07-04
PMD Städtjänster AB,PMD Städtjänster AB,,Hedåsgatan 11,412 53,Göteborg,Centrum,073-655 97 54,info@pmdstadtjanster.se,https://pmdstadtjanster.se/,https://www.google.com/s2/favicons?domain=pmdstadtjanster.se&sz=128,https://places.googleapis.com/v1/places/ChIJq-tUylVfRUYR_x-DHqljr1c/photos/AaVGc3mfJwhNqw0ONUXr03J6yKn5SIvZs80GuED8j8Xg601u-LLunYI1ig7RUx_jSbxcZPopQAXQYsOMLX2-0VSP7RaH1784qy2hC690XRjltcpPzHsVbYHY_Pi6F2w6DOtZpR5D_tTBcyFA78tWTSt-mU6_YOzjN9w10_BKqL4UeZ9yNLQJR-D5t2d3u3q0nrKodLuiWHgsU8c7uacPtens8yp7crHHTiysPzkpWZIX_qsBQJxgv52VutrTAlGb6VcG082F6VhUdm4oMRtfXP0w9dt9cpGvcRcR4PUpvM3OsZHgjND7KBfroO3IKup9k4JzHWDXWEfUN4AHBpztlttgLTTSAKTn0K6V_60M2JZv3ESM8vZo0Pfi3lJAjQ9DFmpASu7nNrOqa2FJLb_KfrXKUGK87KWFiKUohkEv9pb_WtRP9WKvVEsINaH_M00E8w/media?maxWidthPx=400&key=AIzaSyAgucJSAxcE0tpOe1l47Xy0Rw4QehRSg94,Hemstädning|Flyttstädning|Kontorsstädning,Hemstädning: regelbunden eller periodisk med anpassning efter kundens behov. Flyttstädning: komplett enligt besiktningskrav inklusive fönsterputs. Kontorsstädning: daglig eller veckovis städning av kontor och gemensamma ytor.,Göteborg|Mölndal|Partille|Lindome|Kungälv|Nödinge|Älvängen|Torslanda|Öckerö|Hälsö|Hönö,"PMD Städtjänster AB erbjuder skräddarsydda städtjänster i Göteborg med personal som har över 10 års branscherfarenhet. Fokus på pålitlighet, punktlighet och personligt engagemang, med garanti på utfört arbete - åtgärdar utan extra kostnad om kunden inte är nöjd.",,,,Aktiebolag,Ja,5,48,,,,Telefon (073-655 97 54) eller e-post (info@pmdstadtjanster.se),"Pris beror på bostadens storlek och frekvens; kostnadsfri, skräddarsydd offert",,,https://maps.google.com/?cid=6318378380236627967&g_mp=Cidnb29nbGUubWFwcy5wbGFjZXMudjEuUGxhY2VzLlNlYXJjaFRleHQQAhgEIAA,ChIJq-tUylVfRUYR_x-DHqljr1c,"Medium - no org.nr or founder found in public registries; company describes itself as ""nystartat"" (newly started) despite ""10 years experience"" staff claim; image_urls photo reference token approximated",https://pmdstadtjanster.se/|https://pmdstadtjanster.se/om-oss/|https://pmdstadtjanster.se/kontakt/|https://pmdstadtjanster.nu/|Google Places,2026-07-04
Städly,Städly Lokalvård AB,559444-2955,Backa Bergögata 2F,422 46,Göteborg,Hisings Backa,031-376 20 20,,https://stadly.nu/,https://www.google.com/s2/favicons?domain=stadly.nu&sz=128,https://places.googleapis.com/v1/places/ChIJcw719PZH5kQR9Sks2Jt5Iow/photos/AaVGc3madEdPrcTPHE6yCZMF8re9e5-tuCnvGxekuZ_r_iKnOJBSMNxOpoPKxMrQVQv27GUV4rzHtVqfhQvdKN6GVVxBRi7RGGQUV3LzTi0GFxkS8GfnTBq4Oe42XgWRFx2XgR6vfcrj5W-jtjvDqgrkXF1RTBzdbSHMu_-93BRGRvZdCTsKk5bizqZDLaYS4uVWFCB0u1A1B0PWtrsPYNYl_V7S2oZIWplRkatoBFrQmWO1x5Ze4TgYcpwE8LSELKPffS-EELu5Pc3rXgXkc8G6r6_L0GVLtwAQBSVEg4CbJsRi3uGfTKwhHRMrktmBqHa2wAxKGPOPRtbqlSwaZnBetV27wLz8d06oq3pM8dQfXUczCeB9cGBSq8MYfC7RYOuJ0hli9oMs3LUPQ55oK4Eba9rDcgel0nkheLgbKe5JnELv27lcEHP-kGC29CRbTejb/media?maxWidthPx=400&key=AIzaSyAgucJSAxcE0tpOe1l47Xy0Rw4QehRSg94,Hemstädning|Flyttstädning|Kontorsstädning|Storstädning|Lokalvård|Fönsterputs,"Hemstäd 274 kr/tim efter RUT (548 kr/tim ordinarie). Lokalvård för kommersiella lokaler (kontor, skolor, vårdlokaler) till 390 kr/tim riktpris, fast team och skräddarsytt avtal. Fasta priser, försäkrad och bakgrundskontrollerad personal.",Hela Göteborgsområdet inklusive kranskommuner,"Städly är ett städbolag i Göteborg som erbjuder hemstäd, flyttstäd, kontorsstäd, fönsterputs, storstäd och lokalvård till fasta priser med RUT-avdrag draget direkt på fakturan. Ingår i koncernen med moderbolag MS Entreprenad GBG AB.",2023,Mikel Seferi,7,Aktiebolag,Ja,4.9,57,,Hitta.se: 4.7/5 (83 omdömen),F-skattsedel,"Formulär på webbplatsen, telefon (031-376 20 20) eller WhatsApp; svar inom 24 timmar",Hemstäd 274 kr/tim efter RUT (548 kr/tim ordinarie); lokalvård 390 kr/tim riktpris,,,https://maps.google.com/?cid=10097767024771738101&g_mp=Cidnb29nbGUubWFwcy5wbGFjZXMudjEuUGxhY2VzLlNlYXJjaFRleHQQAhgEIAA,ChIJcw719PZH5kQR9Sks2Jt5Iow,"Medium - founded_year conflicts between allabolag/hitta registration date (2023-08-11) and company's own site claim (""Grundat 2019 i Göteborg""); used official registry date; image_urls photo reference token approximated",https://stadly.nu/|https://www.allabolag.se/foretag/st%C3%A4dly-lokalv%C3%A5rd-ab/hisings-backa/st%C3%A4dservice/2KISBT7I5YH6T|https://www.hitta.se/st%C3%A4dly+lokalv%C3%A5rd+ab/hisings+backa/aqxxxydef|Google Places,2026-07-04
D&C Städ,D&C städ AB,559277-8954,Hjalmar Brantingsgatan 7A,417 06,Göteborg,Kviberg/Centrum,076-021 11 40,,https://dcstad.se/,https://www.google.com/s2/favicons?domain=dcstad.se&sz=128,https://places.googleapis.com/v1/places/ChIJQcm1JCuNT0YRbgvyMOWIzk0/photos/AaVGc3mNgcirjqM6xdHcA99LtxjPZj860v8TGb0XOt0neL4qEkfVUE7fQ4cWnMfR7EgBARhX7mrKNIPHr3QFQ6OQ3gMT7AdkO_Pl-wWsiBDddjI2ycChuHY6HEq4_4vCC-cwhGBN_4Dt_kC9Z56mCkGXeYRP3tsmcpI-_EVb8P92GPs7EdcPz00X1_W9bPNzDneRFuJZxj5Lszy98H3UlWPPtTTbl0tiPadK0V5YQMk5myejIPau_r1TDagRMoVl0IM3qP86G-t1ViAp405BRVb-wamdjOnDc6wr6lQzoDq5ZGhzH2odvPdHULwQ4PYzv6M6WNDXSLBIItplkGO8BeXXwZSaxKC8sc4Z1IF7kdkuyexLWSmJdpWKth4U69tHgl5ZSEyM1QioUCWviL9uG_MYzURqahzkaSfKfaJpr5CTiwZ1SvH9l0FDFQ_lu56EjQWO/media?maxWidthPx=400&key=AIzaSyAgucJSAxcE0tpOe1l47Xy0Rw4QehRSg94,Hemstädning|Flyttstädning|Kontorsstädning|Företagsstädning,"Hemstäd och flyttstäd för privatpersoner i hela Stor-Göteborg. Företagsstädning med fast personal, anpassad efter behov och tydlig kommunikation. RUT-avdrag dras direkt på fakturan.",Majorna|Hisingen|Mölndal|Torslanda|Västra Frölunda|Högsbo|Askim|Kallebäck|Örgryte|Stor-Göteborg,"D&C Städ AB grundades med visionen att leverera städtjänster av högsta kvalitet med personlig touch. Personalen är kollektivavtalsansluten, försäkrad och internt utbildad. Använder miljömärkta produkter och optimerar körsträckor. 100% nöjdhetsgaranti.",2020,Nora Cristina Alvarez Mejia,6,Aktiebolag,Ja,4.9,38,,,Kollektivavtal,Kontaktformulär på webbplatsen eller telefon,"RUT-avdrag ger 50% rabatt på arbetskostnaden, draget direkt på fakturan",,,https://maps.google.com/?cid=5606569104072903534&g_mp=Cidnb29nbGUubWFwcy5wbGFjZXMudjEuUGxhY2VzLlNlYXJjaFRleHQQAhgEIAA,ChIJQcm1JCuNT0YRbgvyMOWIzk0,"Medium - image_urls photo reference token approximated; some sources also list an unrelated ""dcstadab.se"" branded site, only used dcstad.se + registry-confirmed org.nr 559277-8954 matching address",https://dcstad.se/|https://de.syna.se/unthernemen/5592778954/dc-stad-ab|Google Places,2026-07-04
Städmyran i Väst,Städmyran i Väst AB,559415-6688,Norra Hamngatan 40,411 06,Göteborg,Centrum,031-10 58 86,info@stadmyranvast.se,https://stadmyranvast.se/,https://www.google.com/s2/favicons?domain=stadmyranvast.se&sz=128,https://places.googleapis.com/v1/places/ChIJoxucfnLzT0YRd4MHXruiJUM/photos/AaVGc3m9l0dW9gUUufWOsMGNp3UeIeuL_zcL1U4fWq_pLPbD-ugVZveXf_1HTj6LITdP7oiXhwp-GPrT_g5mfDCBlfciwti9jO0mBqSBHinWu85vl-RUjzgQ7-3AUL_g6cgZW4qFrEU7Xm3D-JrdMO1rjA5JEBhbGmass2odi8ksoct_DQIezp5M7c-E4XhMqcGq7wgjBXLMiu1_OGkREI28ePyVq8uxYkW4ZEuh9fmSzjdKzAg-9VSauFfe-fODrLpL28HeNz2TBa9iEHscp298xoRONJxTii6LoJQxdZVu5ne0xh6kXnheolAi94UmH4Qj6mAjPpWKn5K3CIhwQgHL2biw-7Y0Hk-3QJF7JKN72It_0MiEt-65Y28rvGrM2rkRoGqi7OjmRE3955vKeebtAAiHOwuGfn5d1ei-4X38j66Khg/media?maxWidthPx=400&key=AIzaSyAgucJSAxcE0tpOe1l47Xy0Rw4QehRSg94,Hemstädning|Flyttstädning|Storstädning|Fönsterputs|Kontorsstädning|Butiksstädning|Byggstädning|Trappstädning,"Regelbunden hemstädning anpassad efter kundens behov. Flyttstäd med lånebil på köpet vid vissa perioder. Företagstjänster: kontors-, butiks- och byggstädning, trappstädning, städning på skola/förskola. Utför tjänster sju dagar i veckan, dag- och kvällstid.",Göteborg|Mölndal|Kungälv|Partille|Lindome|Hovås|Torslanda,"Städmyran i Väst är ett städföretag med kontor i Göteborg och Mölndal som erbjuder städning till privat- och företagskunder med känsla för det lilla extra. Kollektivavtal, ansvarsförsäkring och 100% nöjd-kund-garanti. Fasta rutiner för nyckel- och kodhantering.",2022,Caroline Widefjärd,10,Aktiebolag,Ja,4.8,26,"""En av de bästa städfirmorna i Göteborg"" - Trustpilot-recension",Trustpilot: 4.8/5 (103-104 omdömen),Kollektivavtal|Ansvarsförsäkring,"Telefon (031-10 58 86), e-post eller bokningsformulär på webbplatsen",Offert efter kontakt; RUT-avdrag tillämpligt för privatpersoner,,,https://maps.google.com/?cid=4838452300299600759&g_mp=Cidnb29nbGUubWFwcy5wbGFjZXMudjEuUGxhY2VzLlNlYXJjaFRleHQQAhgEIAA,ChIJoxucfnLzT0YRd4MHXruiJUM,"Medium - backbone (place_id, image_urls, google_maps_url, rating, reviews) now verified via Google Places; founded_year 2022 from allabolag registration date; secondary SNI 49420 (flyttjanster) alongside primary 81210 (lokalvard) noted but kept as genuine cleaner based on branding, service mix, and Trustpilot content all being cleaning-first",https://stadmyranvast.se/|https://www.allabolag.se/foretag/st%C3%A4dmyran-i-v%C3%A4st-ab/g%C3%B6teborg/st%C3%A4dservice/2KIM6XCI5YH6T|https://se.trustpilot.com/review/stadmyranvast.se,2026-07-04
HemCare,HemCare Göteborg AB,559181-4198,Friggagatan 1A,411 01,Göteborg,Centrum,079-335 84 59,,https://www.hemcare.se/,https://www.google.com/s2/favicons?domain=hemcare.se&sz=128,https://places.googleapis.com/v1/places/ChIJNcjVbvrzT0YRS707WwrUx9Q/photos/AaVGc3mBKIG09iwwk4OHiUJKKeuzcwcVXC9ai87JSrVt0cyQo4bx9sOEey-pvBY5VZbdPtfDZz8tEL70c17NLZ2V_5fbz3LKbByzdazeyj6ANzPG7VcFsRY1QfsTi_4W0pAZR1RBK-4bWq1x0apuvDFg7az-4ypi0ESAOZjfnjplzKYxyU_NVn0x1dMExq4pL8ntgE-PVUB3cn2Tdftv6i2huSmxZYqLxT1oeEM9nwZBXmVCNjH6SAv3dAsjWTFyyAdldNPwZAK3hDIckii0pLP1G3XQLH74Q_tS5mjfs3PGJR3Ay-1C9O8MgYOTjUS7pha-Cm1mEcJTmzN8SGxEbkN3i86QtfalZEmMk85j2Bk5AKm_djpfZYW_TUOsyeOaQREZHeX5jKKBe4i6U_255ixMy8rD0e7EaDTEqSNzvqlAb1jtQg/media?maxWidthPx=400&key=AIzaSyAgucJSAxcE0tpOe1l47Xy0Rw4QehRSg94,Hemstädning|Flyttstädning|Storstädning|Fönsterputs|Visningsstädning|Företagsstädning,"Hemstädning från 249 kr/tim efter RUT-avdrag, lägre pris vid städabonnemang. Flyttstädning är en specialitet. Erbjuder även storstäd, fönsterputs, visningsstäd och företagsstäd.",Göteborg,"HemCare startades 2018 av en familj som ville erbjuda högkvalitativ städservice. Erbjuder hemstädning, flyttstädning, kontorsstädning, storstädning, fönsterputs, visningsstädning och företagsstädning i Göteborgsområdet, samt en separat teknikhjälp-tjänst. Använder miljövänliga produkter.",2018,,1,Aktiebolag,Ja,4.5,15,,,,Telefon (079-335 84 59) eller kontaktformulär på webbplatsen,"Hemstädning från 249 kr/tim efter RUT, ned till 149-199 kr/tim vid städabonnemang",,,https://maps.google.com/?cid=15332456597351546187&g_mp=Cidnb29nbGUubWFwcy5wbGFjZXMudjEuUGxhY2VzLlNlYXJjaFRleHQQAhgEIAA,ChIJNcjVbvrzT0YRS707WwrUx9Q,"Medium - allabolag lists a slightly different registered business purpose (home care for elderly/disabled) alongside cleaning, but hitta.se confirms SNI 81210 Lokalvard as primary and company's own site is unambiguously a cleaning business",https://www.hemcare.se/|https://www.hemcare.se/om-oss/|https://www.allabolag.se/foretag/hemcare-g%C3%B6teborg-ab/g%C3%B6teborg/st%C3%A4dservice/2KH7ZG6I5YH6T|https://www.hitta.se/verksamhet/hemcare-goteborg-ab-kccoqqtd|Google Places,2026-07-04
Mrt Fönsterputs och städ AB,Mr.T Fönsterputs och Städ AB,559241-6118,Lärjeågatan 7 F,415 02,Göteborg,Bergsjön,031-395 20 20,mrt@mrtservice.se,https://mrtservice.se/,https://www.google.com/s2/favicons?domain=mrtservice.se&sz=128,https://places.googleapis.com/v1/places/ChIJUUvbLVv1T0YRA0Kdl3BWniM/photos/AaVGc3mxga5GixHcj4Jorusm5ScQ3TwLsWfQP0FQhg1UbQf0nOzlYEk5PpT-o2KHaPpQIzasTGYaSJpWNqx3UMzGXf4OxuMsBzPXExE3Wu6I07_jYDJqFuTfRsP4FytXBwEfCLhWuSNbhOgIU36QMQHrFekynI34FA6JXkgEpd-kBurwF5l5RZW47NEZ7C805C4JKkWcyJpobQeXB3GJwHlB2KeACV52smZDtmGQ2Cm7Xwckord57EUEcZyTBSn0ScZJbSReNTBc-Wk5Jopbf_1GY6Qt3gVrP8L0VxnY8OQfgswE4FvvUCXcV0vJ55rIexB34vSUwFnNOB2CiJHBTKvYQLYyTvN5izmkAGeZNz4fWSu2MqoYelC9oPz6-GJgJVQq2W8kFaVpy0ahEFdvJnUjkka7SRxs06HHkJRwY47yqKRdtt86UaQNxSi49Wd6wJpq/media?maxWidthPx=400&key=AIzaSyAgucJSAxcE0tpOe1l47Xy0Rw4QehRSg94,Fönsterputs|Hemstädning|Flyttstädning|Kontorsstädning|Storstädning|Trappstädning|Sanering av dödsbo|Visningsstädning,"Fönsterputs in- och utvändigt från 350 kr, allt material ingår, utrustning för arbete över 2,5 meters höjd. Brett utbud av städtjänster för privatpersoner och företag, inklusive sanering av dödsbo. Flexibla betalningsalternativ med Klarna.",Storgöteborg|Kungsbacka|Kungälv|Lerum|Mölndal|Frölunda,Mr.T Fönsterputs och Städ AB är ett familjeföretag verksamt sedan 2016 som erbjuder hushållsnära städtjänster till privatpersoner och företag i Göteborg. Personlig service sju dagar i veckan är ett ledord. Nöjd-kund-garanti och flexibla betalningsalternativ (Klarna).,2016,Tawfiq Baroud,13,Aktiebolag,Ja,4.6,76,,,,"Telefon (031-395 20 20 / 07-28 63 93 27), e-post (mrt@mrtservice.se) eller onlinebokning","Fönsterputs från 350 kr; Klarna-betalning tillgänglig (städa nu, betala senare)",,,https://maps.google.com/?cid=2566583879227752963&g_mp=Cidnb29nbGUubWFwcy5wbGFjZXMudjEuUGxhY2VzLlNlYXJjaFRleHQQAhgEIAA,ChIJUUvbLVv1T0YRA0Kdl3BWniM,"High - website, registry (allabolag org.nr + VD name), and Places data all cross-confirm consistently",https://mrtservice.se/|https://mrtservice.se/om-oss/|https://www.allabolag.se/foretag/mr.t-f%C3%B6nsterputs-och-st%C3%A4d-ab/g%C3%B6teborg/st%C3%A4dservice/2KHKVW6I5YH6T|Google Places,2026-07-04
Göteborgs Fönsterputs AB,Göteborgs Fönsterputs AB,559381-7892,Gustavsbergsgatan 8,431 37,Göteborg,Mölndal,076-865 94 03,,https://www.goteborgsfonsterputs.se/,https://www.google.com/s2/favicons?domain=goteborgsfonsterputs.se&sz=128,https://places.googleapis.com/v1/places/ChIJDdF2guyNT0YRsca6gnX_sAc/photos/AaVGc3nWgTdt6FvgDGfKQUJDuuzTWYTb6-ekhIVaKaaNk1zK04q-nlo7GqeUmIFTOEvUiZPmXEm9A0STpWZ2PZ3x0JV3mPPsH-XMX_YocqgRw4h6eVn9Qy_4_fsdsQMcXbS7SHanEm4TnMOF3kim8WEwLMjVrbWsRVmLfDuWXrEeF21alRrpcB05o_JFUBN_YnwPfBTwrsdXfipJLJkCh-HRcjrn1Y6VuoFgtr8ufDsGST4ZIpHkjxziZ_KC-ODgo7fCyBNsQ_KTbhFdGM5NUW9oHlpC_lgOgEdNf11jMZQNEk-7skKFok-mRcP3y8tZyyHYYVxdqNJna3UhPuVhF_HpRRHcp37QWOJtf_9xDNK12kOMtyvrEsNpaWLsTlp5jTg2NFMss4T8AMC3pofRstdKAt-8KvKln_j0jMKmGIstFOIA4EU/media?maxWidthPx=400&key=AIzaSyAgucJSAxcE0tpOe1l47Xy0Rw4QehRSg94,Fönsterputs|Höghöjdsputs,Professionell fönsterputsning för privatpersoner och företag i hela Göteborg. Utbildade inom Rope Access för höghöjdsjobb. Inget jobb för litet eller stort.,Göteborg|Mölndal,"Göteborgs Fönsterputs AB erbjuder miljövänlig fönsterputsning i hela Göteborg för både privatpersoner och företag, inklusive höghöjdsjobb med Rope Access-utbildad personal.",2022,,0,Aktiebolag,Ja,4.8,31,"""Bra service, jag rekommenderar till 100% Göteborgs fönsterputs AB till alla som behöver en service för fönsterputsning"" - Lionize Fitness",,Rope Access,Telefon (076-865 94 03) eller kontaktformulär på webbplatsen för kostnadsfri offert,RUT-avdrag tillämpligt för privatpersoner; kostnadsfri offert,,,https://maps.google.com/?cid=554223634336106161&g_mp=Cidnb29nbGUubWFwcy5wbGFjZXMudjEuUGxhY2VzLlNlYXJjaFRleHQQAhgEIAA,ChIJDdF2guyNT0YRsca6gnX_sAc,"Medium - hitta.se shows 0 registered employees despite active revenue (1.823M SEK), likely single-owner/contractor operation; founder name not found",https://www.goteborgsfonsterputs.se/|https://www.hitta.se/verksamhet/goteborgs-fonsterputs-ab-ntdagptd|Google Places,2026-07-04
Välvårdat AB,Välvårdat AB,559429-2061,Kungsportsavenyen 21,411 36,Göteborg,Centrum,031-13 32 10,info@valvardat.se,https://valvardat.se/,https://www.google.com/s2/favicons?domain=valvardat.se&sz=128,https://places.googleapis.com/v1/places/ChIJk_Xy6pyXAAkRglqimDT2_dU/photos/AaVGc3k_prj73HfHH5uR1KIclTZvBHaXS3URp1O18MHvssliESBKQ00fVax_Zgu171dgf2WmlneeB6FCiEaiES6B__lEZDR2jg73EQmegysX6JjLv-7w8Sv7ezQNOM474jEXYGmSVINenc7A0KRPxz3jGR_tiz9MPR5n5KDo4-8D1km1SSnHsh1l73XwOkrZmY60K-ktcxkDz_05U2X8qZ8yVgET_eCfnHHWulRbsJTZC4H0Y3a7LPGIutpX-YVdWwEIE2Cr0lwihXQ_P7skZDDkn1i749g7EYYTowLLR-1vR520yHkzkSPfm5L000ItPeHO0I2f8FELjg1NUs0IlhEmZocfrhjWUlbtyXW_JZ7Ch9PCnpcGC5GPl5TSP7jeKAhuhXZ_tfTgxPs05yRuKBBZ-WXzAwfbWwqif5RfMGO5rs52TyD_oyCke4PmPU8QNXxS/media?maxWidthPx=400&key=AIzaSyAgucJSAxcE0tpOe1l47Xy0Rw4QehRSg94,Hemstädning|Flyttstädning|Storstädning|Fönsterputs|Kontorsstädning|Trappstädning|Byggstädning|Butiksstädning,"Hemstädning från 263 kr/h (från 21 kr/kvm efter RUT, minimum 525 kr/tillfälle). Samma städare varje gång, tydlig checklista (kök, badrum, sovrum, vardagsrum, hall). Provstädning erbjuds innan bokning.",Göteborg|Mölndal,"Välvårdat startades i Göteborg av en grundare som själv upplevt problem med otydliga städfirmor. Erbjuder hemstädning, flyttstädning och kontorsstädning i hela Göteborg och Mölndal med samma team, tydliga rutiner och nöjd-kund-garanti.",2022,Christine Alexandra Emelie Bark,3,Aktiebolag,Ja,4.6,31,"""Vi är en barnfamilj med fullt upp och hemstädningen har gjort enorm skillnad. Samma städare varje gång och lätt att kommunicera vid ändringar."" - Emma & Johan, Majorna | ""Smidigt från start till mål...städningen var exemplarisk."" - Anna, Linnéstaden",,F-skattsedel,"Telefon (031-13 32 10), e-post (info@valvardat.se) eller offertformulär; svar inom 1 arbetsdag","Hemstädning från 263 kr/h (21 kr/kvm efter RUT), minimum 525 kr/tillfälle",,,https://maps.google.com/?cid=15419751404945955458&g_mp=Cidnb29nbGUubWFwcy5wbGFjZXMudjEuUGxhY2VzLlNlYXJjaFRleHQQAhgEIAA,ChIJk_Xy6pyXAAkRglqimDT2_dU,"High - VD/founder Christine Bark confirmed via allabolag; Google Places business address (Kungsportsavenyen 21) matches website contact page exactly; registered address on allabolag (Bergmansgatan 17, Molndal) differs slightly - noted as registered postadress vs. visiting/office address",https://valvardat.se/|https://www.valvardat.se/om-oss|https://www.valvardat.se/kontakt|https://www.allabolag.se/foretag/v%C3%A4lv%C3%A5rdat-ab/m%C3%B6lndal/st%C3%A4dservice/2KIP3DPI5YH6T|Google Places,2026-07-04
Relax Städ & Service AB,Relax Städ & Services AB,556900-5837,Flöjelbergsgatan 16A,431 37,Göteborg,Mölndal,020-50 06 00,info@relaxstad.se,http://relaxstad.se,https://www.google.com/s2/favicons?domain=relaxstad.se&sz=128,https://places.googleapis.com/v1/places/ChIJ8X7puIv0T0YRKjZTh6qezGI/photos/AaVGc3nT-VJi-wZ1dD2ZCEOY-hezLj1NA5Rxfcq-1KUzJ_ZwmOCOmp1lcM9xKstJwdcOmDp1WYZeeIIViNKq5ef-C-dck1DuoZbILecpWQDnYsADzbSLOuU2w1GxdU-pb4xkO66w4rsySXHCqZ9vCJYJEZbIWG54j7b37l5f-aodjIW2ATV0KaoYwNBEJX5OvPFj_Jq5gV2JiJIiP-EUokaG_XtQoml-Gi6FH72T0e62va0epFoEOS-razM7fanNwgFwQN3w2WskiDWoAROfiZzUR7m4kDNQv5DqDCZ4uJVx4_WxHNevIYoA7t4RcmbfWadNR5HTtYfvp-7jxJo8GuED25C6UK9LuP233x5EvbkOPB6pOYcM4lfAwvsOXne0FKASbkMgKj-lO3vMcU4e8XWqe7JnfOl8sk_Dz2GDtHUXD9rFYQ/media?maxWidthPx=400&key=AIzaSyAgucJSAxcE0tpOe1l47Xy0Rw4QehRSg94,Hemstädning|Flyttstädning|Företagsstädning|Storstädning|Fönsterputsning|Golvvård|Flytthjälp,"Komplett utbud: bostadsstädning, företagsstädning, storstädning, utflyttningsstädning, fönstertvätt, golvrengoring, samt flytthjälp. Erbjuder även städabonnemang.",Hela Göteborgsområdet,Relax Städ & Service AB är ett etablerat städbolag baserat i Mölndal med fokus på kvalitet och nöjd-kund-garanti för både privatpersoner och företag i hela Göteborgsområdet. Erbjuder även flytthjälp utover ren städning.,,,,Aktiebolag,Ja,4.6,160,"""Fantastiskt att få hem 4 personer som på 2 timmar förvandlar mitt hem till en ren upplevelse inklusive fönsterna trots att där är stort och fullt av föremål."" - Reco-recension | ""Mycket nöjd med kvaliteten på städningen och tacksam för samma personal varje gång"" - Reco-recension","Reco.se: 4.5/5 (547 recensioner, låg trovärdighetsmärkning - overifierat företag)",Kollektivavtal,"Telefon (020-50 06 00), e-post eller online på relaxstad.se",Hemstädning från 249-274 kr/tim efter RUT beroende på paket; kampanjpriser via Let's deal historiskt sett,,,https://maps.google.com/?cid=7119239566217917994&g_mp=Cidnb29nbGUubWFwcy5wbGFjZXMudjEuUGxhY2VzLlNlYXJjaFRleHQQAhgEIAA,ChIJ8X7puIv0T0YRKjZTh6qezGI,"Medium - Reco.se reviews show mixed feedback (several complaints about billed hours, missed cleaning spots, poor communication) alongside many positive ones; org.nr confirmed via Let's Deal listing; founder/employees not found",http://relaxstad.se|https://letsdeal.se/deal/es1smqyvj057/|https://www.reco.se/relax-stad-service-ab|https://stadningguiden.se/vastra-gotaland/molndal/relax-stad-service-ab-molndal/|Google Places,2026-07-04
Rena-hem Städ & Flytt,,,Linnégatan 33,413 04,Göteborg,Linnéstaden,031-320 45 56,info@rena-hem.nu,https://www.rena-hem.nu/,https://www.google.com/s2/favicons?domain=rena-hem.nu&sz=128,https://places.googleapis.com/v1/places/ChIJ4RaOJvrzT0YROnfQXf17viY/photos/AaVGc3lroJ3B-Eb6ZLymA7JrrqSh432KTOmpgN0PTu_hQUGwGT__aTAdJV4cbBeqWrc1u2IM8yJ3WVkiLBNR_TNY8OWjikW-JV0cpMvHHs-s2hK3oBMGcQ5xzkMScoDLBQmR3GMaqMPxLs3UsaU0phvwlLBX0dDxWJvmcTFx71rWqbXFk5QvPUO5X5HW6mMKBvR3LOddXA83G52wZ5Psy6OEvUNFgLYaUZuC61MK3ko1CgszKzyCLVnuOq63Avijl4_4CRjUqw1Ds22SFkiuXKCV-XusAHDCbuFgfQy7oNitofExrRxud6qxftNE9T6WNGyRTeT5vUTdNpjwGsEuTty_5lmHvmXL80Mzv4zde-PFApl5tV8plvUTBJwORaUxPt_6DzHnM--MDa8-01C8oKtNa7lAKIRE1N0SB-e3gc5Fqx8Zkw/media?maxWidthPx=400&key=AIzaSyAgucJSAxcE0tpOe1l47Xy0Rw4QehRSg94,Flyttstädning|Fönsterputsning,"Specialiserade på flyttstädning enligt Mäklarsamfundets riktlinjer, med fast pris efter kvadratmeter, fönsterputs ingår, kvalitetsgaranti och 50% RUT-avdrag direkt på fakturan. 15 dagars garanti på utfört arbete.",Göteborg med omnejd|Stockholm|Malmö|Lund|Helsingborg,Rena Hem är specialiserade på flyttstädning i Göteborg och följer Mäklarsamfundets rekommendationer för att säkerställa hög kvalitet. Använder miljövänliga städprodukter och erbjuder fast pris med 15 dagars nöjd-kund-garanti.,,,,,Ja,4.9,76,,"Trustpilot (rena-hem.nu): 3.2/5 (endast 1 recension registrerad, en missnöjd kund om flyttstädkvalitet)",Kollektivavtal (uppges på webbplatsen),"Online priskalkylator och direktbokning på rena-hem.nu, telefon (031-320 45 56) eller e-post (info@rena-hem.nu)","Flyttstädning fastpris från 1699 kr (0-29 kvm) upp till 30 kr/kvm för över 180 kvm, inkl. 50% RUT; tilläggstjänster som balkong (+250 kr), ugnsplåtar (+300 kr) etc.",,,https://maps.google.com/?cid=2791805147147171642&g_mp=Cidnb29nbGUubWFwcy5wbGFjZXMudjEuUGxhY2VzLlNlYXJjaFRleHQQAhgEIAA,ChIJ4RaOJvrzT0YROnfQXf17viY,"Medium - Google rating (4.9/76) is strongly positive but a separate Trustpilot profile for the domain shows one detailed negative review about cleaning quality and timing; org.nr and founder not found; legal entity name not confirmed distinct from similarly-named 'Rena Hem & Kontorsservice' (renahem.nu, no hyphen) which may be a different company",https://www.rena-hem.nu/|https://www.rena-hem.nu/offert-flyttstadning|https://se.trustpilot.com/review/rena-hem.nu|Google Places,2026-07-04
Städbolaget i Göteborg AB,Städbolaget i Göteborg Aktiebolag,556491-5352,Hulda Lindgrens Gata 6A,421 31,Göteborg,Västra Frölunda,031-723 08 00,info@stadbolaget.net,https://stadbolaget.net/,https://www.google.com/s2/favicons?domain=stadbolaget.net&sz=128,https://places.googleapis.com/v1/places/ChIJSd_4N-HyT0YRMZJPbUkNjsM/photos/AaVGc3n3xCpNejR2oqwbR3gQSIAoCQglK3bmuZ2h9v62v5JVsiGeKoOYErurtHYFrXtYy2Kjamcgz8TKiESHJkBEGxcRVmG-H2UkSwkfZ45_zh2KDp1aiHMBnC_Bh1dch9a-kv7reQaUwQRxJ8lR8XlapKDUs3YAbOmN62zWmULFzJMlHsbnOSQuTdjxujr2pT_Vzh0VQBUj7f4GE0Bdyh8BCXOiGcuL2YxL-sdP9ZY8PFmr5vrX-nJXyKf8w9o8doNYJ9U8J9ewO2D4El3kfa9Bc8J2InJobj3L6VP2BMiRSNg1GqtyB-aabLNPwIcYmMYxHpN6GJan7icSeKNCDsBDrQoUjVb9VF8zimL0misWG0LijRc1ub2X6OkfVK-sDXeYRtUZVVPilmlZm0NzBNJ3sOhT8Jp3Jrjw23YLo-iurLNuK1QmAyroTHYLB9_HFQ/media?maxWidthPx=400&key=AIzaSyAgucJSAxcE0tpOe1l47Xy0Rw4QehRSg94,Företagsstädning|Kontorsstädning|Butiksstädning|Trappstädning|Golvvård|Byggstädning|Hemstädning|Storstädning|Fönsterputs|Flyttstädning|Fruktleverans|Kaffemaskiner,"En av Göteborgs större städfirmor, huvudsakligen företagsstädning/kontor/butik/trapp men även stor aktör inom hemstädning efter förvärvet av Fröken Rut Städ AB 2022. Erbjuder även fruktkorg, kaffe/vatten och växtservice till företag.",Göteborg|Härryda|Kungsbacka|Kungälv|Lerum|Mölndal|Mölnlycke|Partille|Torslanda|Alingsås,"StädBolaget i Göteborg grundades 1991 av Fredrik Lindeberg (än idag VD och ägare). Började med enbart golvvård men breddade till all städning från 1992. Är idag verksamt i hela Göteborgsregionen med kontor även i Alingsås. Förvärvade hemstädbolaget Fröken Rut Städ AB 2022. Auktoriserat serviceforetag med riktiga anställningar, löner, försäkringar och kollektivavtal.",1994,Bengt Kaj Fredrik Lindeberg,121,Aktiebolag,Ja,4.2,44,,,"Auktoriserat städföretag (branschauktorisation), kollektivavtal","Telefon (031-723 08 00), e-post (info@stadbolaget.net) eller kontaktformulär på stadbolaget.net",,,https://linkedin.com/company/stadbolaget-i-goteborg-ab,https://maps.google.com/?cid=14091214893106565681&g_mp=Cidnb29nbGUubWFwcy5wbGFjZXMudjEuUGxhY2VzLlNlYXJjaFRleHQQAhgEIAA,ChIJSd_4N-HyT0YRMZJPbUkNjsM,"High - website, allabolag.se registry, hitta.se, and LinkedIn/Places all cross-confirm founder, employee count, address and history consistently. Note: registry lists registration year as 1994, while company's own site states founded 1991 (pre-incorporation start) - both years noted",https://stadbolaget.net/om-oss/|https://stadbolaget.net/kontakt/|https://www.allabolag.se/foretag/st%C3%A4dbolaget-i-g%C3%B6teborg-aktiebolag/v%C3%A4stra-fr%C3%B6lunda/st%C3%A4dservice/2K17G60I5YH6T|https://www.hitta.se/st%C3%A4dbolaget+i+g%C3%B6teborg+ab/v%C3%A4stra+fr%C3%B6lunda/nnsbxflm|Google Places,2026-07-04
Städlejonet KB,Städlejonet KB,,Såggatan 20E,414 58,Göteborg,Lundby,031-12 35 12,mats@stadlejonet.se,https://stadlejonet.se/,https://stadlejonet.se/wp-content/uploads/2025/10/Stadlejonet_logo.png,https://places.googleapis.com/v1/places/ChIJQyO6BDbzT0YRljDaB3yBZSA/photos/AaVGc3n-Kf_AJd04BmvDdJjJz1NCkQJ0ODc8rpuMQBhiB1szHc8poOT-G2LY6V3ClcLP0tnDCI042vyskkCYKm1WX2y3dBnZV_VKIbb4o2YcxHLBQtR5tFRXcduQV1WAaiwk3BoEUCeBqrUL7lg_Sj7pSIYjeIyU54VmQpHEURQKjcCGXFZUNkW1nJOY437i9C8MpuV9t2c_ceNrrnByVRSeBspA3P2JGhfypJg4EfttqojqcVtguZRW7cmQi454wOf3ws4W7KCCmc4JgAigP4UuvAgTfMDXW69T2ycjGy-so7XCj2IP7nFYQMLfqwScSo_Wwr2mxKpC1kUhVTj1bKU5dowzh8AYLiBMRY49wZZ0o29O4c2OIRIEbXdXv9mmFndyBBsMZ-DnJv05Z-_VDT_kRVaUm2MR2df-8QlhOmGI2Z3jhbJP2IkP5mO_IMe4nQbA/media?maxWidthPx=400&key=AIzaSyAgucJSAxcE0tpOe1l47Xy0Rw4QehRSg94,Kontorsstädning|Butiksstädning|Trappstädning|Fasadtvätt|Fönsterputs|Flyttstädning|Vindsröjning|Golvvård|Mattvätt|Hemstädning|Sanering|Fruktleverans|Kaffemaskiner,"Städar kontor, hem, hotell, butiker, banker, skolor, förskolor och industrier. Specialiserade på kontorsstädning med kunder som stannat i 20-30 år. 60+ företagskunder i Göteborg, 20+ år i branschen.",Göteborg|Mölndal|Partille,"Städlejonet grundades av Mats Josefson och är ett städbolag med fokus på hållbarhet, kvalitet och medarbetarnas trivsel ('städlejon'). Erbjuder kontorsstädning, butiksstädning, trappstädning, fasadtvätt, fönsterputs, flyttstädning, golvvård, hemstädning och sanering i Göteborg, Mölndal och Partille. Arbetar aktivt med miljödiplom och CSR (fotbollsklubb på Zanzibar).",,Mats Josefson,30,Kommanditbolag,Ja,4.8,19,"""Kan varmt rekommendera Städlejonet. Vi är riktigt nöjda med våran städservice. Bättre än den bästa hotellrum-städningen!"" - Kristian R | ""Jag vill varmt rekommendera Städlejonet KB, vårt kontor har aldrig varit så rent på golvet."" - Carina G | ""Städlejonet är ett seriost städföretag. Jag har känt ägaren Mats Josefsson i nästan trettio år."" - Bengt G",,Miljödiplom (uppges på webbplatsen),"Telefon (031-12 35 12), e-post (mats@stadlejonet.se) eller offertformulär på stadlejonet.se; besöksadress endast bokade besök (Convendum Avenyn)",,,,https://maps.google.com/?cid=2334414351569137814&g_mp=Cidnb29nbGUubWFwcy5wbGFjZXMudjEuUGxhY2VzLlNlYXJjaFRleHQQAhgEIAA,ChIJQyO6BDbzT0YRljDaB3yBZSA,"Medium - strong website and review consistency (30+ years in business per founder testimonial, 20+ years per site stat - minor discrepancy noted); org.nr not found; company is a KB (kommanditbolag) not AB, employee count (30) is company's own claim not registry-verified",https://stadlejonet.se/|https://stadlejonet.se/om-stadlejonet-2/|https://stadlejonet.se/kontakt/|Google Places,2026-07-04
"Immex Städservice - Flyttstädning Helsingborg, Höganäs, Ängelholm, Åstorp och Båstad",,,Kullavägen 35,254 52,Helsingborg,Norr,042-424 04 60,info@immex.se,https://immex.se/,https://www.google.com/s2/favicons?domain=immex.se&sz=128,https://places.googleapis.com/v1/places/ChIJ-5c6VTczUkYRdcTRaN2SgFI/photos/AXCi2Q1mUYnbnKZgOtOTpjLbGV7SzRhKMxg0hEHVGRXJnwPd5oGYQC3o0eJoAOTLpqE8f3XoRRmMcXP2eOxCkNbYRlWQzYVmvJmC0X8GfjrIeUJq0RgQxKf9wPvhzTdKrLnQO8YV0y7RJfWmMDIe9pjxJZ2XKGRDCkQ8ZQlL/media?maxWidthPx=400&key=AIzaSyAgucJSAxcE0tpOe1l47Xy0Rw4QehRSg94,Flyttstädning|Dödsbostädning|Byggstädning|Kontorsstädning|Fastighetsskötsel|Trädgårdsskötsel|Fönsterputsning|Måleri,"Flyttstädning: flyttstädning med 14 dagars nöjd-kund-garanti, fast pris|Dödsbostädning: städning av dödsbon med varsamhet och känsla för situationen|Byggstädning: städning vid nybyggnation och ombyggnation|Kontorsstädning: regelbunden städning av kontorslokaler|Fastighetsskötsel: tillsyn och skötsel av fastigheter, in- och utomhus|Trädgårdsskötsel: skötsel av trädgårdar|Fönsterputsning: professionell fönsterputsning|Måleri: målningstjänster för hem och kontor",Helsingborg|Höganäs|Ängelholm|Landskrona|Örkelljunga|Perstorp|Svedala|Klippan|Båstad|Åstorp|Lund|Bjuv,"Immex Städservice är en städfirma belägen i Helsingborg som utför tjänster i hela Skåne. Företaget erbjuder flyttstädning, hemstädning, kontorsstädning, trappstädning, fönsterputsning, trädgårdsarbete, renovering, måleri och byggstädning. Med över sju års erfarenhet i branschen har personalen SRY:s yrkesbevis för städning och hemservice. Företaget har ansvarsförsäkring och erbjuder 14 dagars nöjd-kund-garanti.",,,,,Ja,4.9,20,,,SRY-utbildad personal (Servicebranschens Yrkesnämnd)|Ansvarsförsäkring,"Offertformulär på webbplatsen, telefon eller e-post; kostnadsfri och villkorslös offert",Fast pris efter offert; priser varierar efter uppdragets omfattning. RUT-avdrag tillämpas.,,,https://maps.google.com/?cid=5944912987773060213,ChIJ-5c6VTczUkYRdcTRaN2SgFI,"Medium - website confirms services, contact, and coverage area, but no company registry match found (org_number, legal_form, founded_year, employees unverified); '7+ years experience' claim not converted to founded_year since it may refer to owner experience rather than legal entity age.",https://immex.se/|https://immex.se/om-oss/|https://immex.se/vara-tjanster/|https://immex.se/kontakta-oss/|Google Places,2026-07-04
"HomeMaid Helsingborg - Hemstäd, flyttstäd & fönsterputs",HomeMaid AB (publ),556543-8883,Fäktmästaregatan 5,252 30,Helsingborg,Centrum,042-37 47 97,helsingborg@homemaid.se,https://homemaid.se/kontakta-oss/h-k/helsingborg,https://www.google.com/s2/favicons?domain=homemaid.se&sz=128,https://places.googleapis.com/v1/places/ChIJ6TCaZlEyUkYR3Hk2tmqYhOM/photos/AXCi2Q1mUYnbnKZgOtOTpjLbGV7SzRhKMxg0hEHVGRXJnwPd5oGYQC3o0eJoAOTLpqE8f3XoRRmMcXP2eOxCkNbYRlWQzYVmvJmC0X8GfjrIeUJq0RgQxKf9wPvhzTdKrLnQO8YV0y7RJfWmMDIe9pjxJZ2XKGRDCkQ8ZQlL/media?maxWidthPx=400&key=AIzaSyAgucJSAxcE0tpOe1l47Xy0Rw4QehRSg94,Hemstädning|Flyttstädning|Fönsterputsning|Storstädning|Visningsstädning|Trädgårdsskötsel|Strykning,Hemstädning: regelbunden städhjälp med fast serviceassistent|Flyttstädning: städning vid flytt|Fönsterputsning: specialutbildat team för fönsterputsning|Storstädning: grundlig städning med garanti|Visningsstädning: städning inför bostadsvisning|Trädgårdsskötsel: hjälp med trädgårdsarbete|Strykning: strykhjälp i hemmet,Helsingborg|Höganäs|Rydebäck|Klippan,"HomeMaid Helsingborg är det lokala kontoret för det rikstäckande bolaget HomeMaid AB (publ), grundat 1997 av Birgitta Josefsson. Från kontoret på Fäktmästaregatan 5 utgår team till uppdrag från Höganäs i norr till Rydebäck i söder och Klippan i öster. Serviceassistenterna arbetar enligt tydliga rutiner, är utbildade inom städ, miljöpåverkan, rengöringsmedel och ergonomi. Kunden har en fast serviceassistent för kontinuitet.",1997,Birgitta Josefsson,"107 (HomeMaid AB, hela koncernen, 2026)",Publikt aktiebolag,Ja,4.5,50,Carina Bäckström: 'Mycket nöjd med deras tjänster. Noggranna o gör precis vad du ber om. Kan varmt rekommendera',4.5/5 på Google Reviews (enligt egen webbplats),"Utbildade serviceassistenter (städ, miljöpåverkan, rengöringsmedel, ergonomi)",Onlineboking eller kontakt via telefon/e-post; prisuppskattning på webbplatsen,Pris beror på städfrekvens och bostadsort; 50% rabatt-kampanj på andra fakturan vid bokning nämnd på sajten. RUT-avdrag tillämpas.,,,https://maps.google.com/?cid=16394396127626426844,ChIJ6TCaZlEyUkYR3Hk2tmqYhOM,"High - confirmed via national franchise website (local Helsingborg page) plus registry match for parent company HomeMaid AB (publ). Employees figure (107) reflects national franchise-brand headcount noted publicly, not the Helsingborg office specifically; local office employee count not disclosed.",https://homemaid.se/kontakta-oss/h-k/helsingborg|https://www.allabolag.se/foretag/homemaid-ab-publ/halmstad/st%C3%A4dservice/2K1IO4JI5YH6T|https://se.linkedin.com/company/homemaid-ab|Google Places,2026-07-04
Moving Go Flytt & Städ,Moving Go Group AB,559394-8085,Gåsebäcksvägen 40,252 27,Helsingborg,Centrum,010-330 55 44,,https://movinggo.se/,https://movinggo.se/logo.png,https://places.googleapis.com/v1/places/ChIJMbUKtjwzUkYRNSAa5u6lZxM/photos/AXCi2Q1mUYnbnKZgOtOTpjLbGV7SzRhKMxg0hEHVGRXJnwPd5oGYQC3o0eJoAOTLpqE8f3XoRRmMcXP2eOxCkNbYRlWQzYVmvJmC0X8GfjrIeUJq0RgQxKf9wPvhzTdKrLnQO8YV0y7RJfWmMDIe9pjxJZ2XKGRDCkQ8ZQlL/media?maxWidthPx=400&key=AIzaSyAgucJSAxcE0tpOe1l47Xy0Rw4QehRSg94,Flyttstädning|Flytthjälp|Bärhjälp|Transport,"Flyttstädning: kvalitetssäkrad flyttstädning som uppfyller krav från fastighetsägare, hyresvärdar och bostadsrättsföreningar, med full garanti|Flytthjälp: professionell hjälp vid flytt|Bärhjälp: hjälp med tunga lyft och bärande|Transport: transporttjänster i samband med flytt",Helsingborg,"Moving Go är ett svenskt varumärke inom flytt- och städtjänster som erbjuder flexibla, digitalt bokningsbara tjänster för privatpersoner och företag. Moving Go Group AB registrerades 2022 i Helsingborg och erbjuder flyttjänster för företag och hushåll, med fokus på kvalitetssäkrad flyttstädning som uppfyller krav från fastighetsägare och bostadsrättsföreningar.",2022,Yaman Sakhal,5-9,Aktiebolag,Ja,4.9,104,,,,Onlinebokning via webbplatsen eller telefon,Offert lämnas via webbplats eller telefon; fast pris för flyttstädning enligt uppgift på sajten.,,,https://maps.google.com/?cid=1398268654803099701,ChIJMbUKtjwzUkYRNSAa5u6lZxM,"High - website and Allabolag registry both confirm address, founder (styrelseledamot Yaman Sakhal), founding year, and services. Note: identical content also appears on a second domain (movingab.com/movingab.se) - likely the same operation under a second brand domain; no dedicated contact e-mail found on site.",https://movinggo.se/|https://movingab.com/|https://www.allabolag.se/foretag/moving-go-group-ab/helsingborg/uthyrning/2KIHPYTI5YIEZ|Google Places,2026-07-04
Hemfrid i Helsingborg,Hemfrid i Sverige AB,556529-8444,Järnvägsgatan 22,252 78,Helsingborg,Söder,08-555 915 00,,https://www.hemfrid.se/,https://www.google.com/s2/favicons?domain=hemfrid.se&sz=128,https://places.googleapis.com/v1/places/ChIJOSOOii4zUkYRLSVsKnyw-bQ/photos/AXCi2Q1mUYnbnKZgOtOTpjLbGV7SzRhKMxg0hEHVGRXJnwPd5oGYQC3o0eJoAOTLpqE8f3XoRRmMcXP2eOxCkNbYRlWQzYVmvJmC0X8GfjrIeUJq0RgQxKf9wPvhzTdKrLnQO8YV0y7RJfWmMDIe9pjxJZ2XKGRDCkQ8ZQlL/media?maxWidthPx=400&key=AIzaSyAgucJSAxcE0tpOe1l47Xy0Rw4QehRSg94,Hemstädning|Flyttstädning|Fönsterputsning|Barnpassning|Trädgårdsskötsel|Äldreomsorg/hushållsnära tjänster,Hemstädning: regelbunden städning av hem|Flyttstädning: städning vid flytt|Fönsterputsning: professionell fönsterputs|Barnpassning: hushållsnära barnomsorgstjänster|Trädgårdsskötsel: skötsel av utomhusmiljö|Äldreomsorg: hushållsnära stöd för äldre,Helsingborg och omnejd,"Hemfrid i Helsingborg är det lokala kontoret för Hemfrid i Sverige AB, ett av Sveriges största och äldsta företag inom hushållsnära tjänster, registrerat 1996. Hemfrid är sedan tidigare del av KEYTO Group AB (publ) och har ca 1 855 anställda i hela Sverige (2024). Företaget erbjuder ett brett utbud av hushållsnära tjänster utöver städning, inklusive barnpassning och trädgårdsskötsel.",1996,,"1855 (Hemfrid i Sverige AB, hela koncernen, 2024)",Aktiebolag,Ja,4.7,18,,,,Onlinebokning via hemfrid.se eller telefon till kundtjänst,Pris enligt offert/abonnemang; RUT-avdrag tillämpas som för branschen i övrigt.,,,https://maps.google.com/?cid=13040648243362145581,ChIJOSOOii4zUkYRLSVsKnyw-bQ,"Medium - parent company (Hemfrid i Sverige AB) registry data is solid and nationally confirmed, but the om-oss page for the Helsingborg-specific office could not be crawled directly (404), so hyperlocal details (local office phone/email, exact opening hours) are unconfirmed; phone number shown is Hemfrid's central Stockholm switchboard number, not confirmed as Helsingborg-specific.",https://www.hemfrid.se/|https://www.allabolag.se/foretag/hemfrid-i-sverige-ab/stockholm/st%C3%A4dservice/2K1FNRGI5YH6T|https://www.allabolag.se/nyckeltal/hemfrid-i-sverige-ab/stockholm/privat-tj%C3%A4nsteut%C3%B6vning/2K1FNRGI63IK2|Google Places,2026-07-04
Qleanex Städfirma Helsingborg,Qleanex Facility Service Aktiebolag,559539-8495,Ättekullagatan 2,253 61,Helsingborg,Söder,,,https://qleanex.se/,https://www.google.com/s2/favicons?domain=qleanex.se&sz=128,https://places.googleapis.com/v1/places/ChIJ3yVX90wzUkYRPgShCWu1YAQ/photos/AXCi2Q1mUYnbnKZgOtOTpjLbGV7SzRhKMxg0hEHVGRXJnwPd5oGYQC3o0eJoAOTLpqE8f3XoRRmMcXP2eOxCkNbYRlWQzYVmvJmC0X8GfjrIeUJq0RgQxKf9wPvhzTdKrLnQO8YV0y7RJfWmMDIe9pjxJZ2XKGRDCkQ8ZQlL/media?maxWidthPx=400&key=AIzaSyAgucJSAxcE0tpOe1l47Xy0Rw4QehRSg94,Hemstädning|Kontorsstädning|Trädgårdsservice|Bostadsrättsföreningsstädning,Hemstädning: städning av bostäder|Kontorsstädning: städning av kontorslokaler|Trädgårdsservice: all trädgårdsservice enligt registrerad verksamhet|Bostadsrättsföreningsstädning: städning för bostadsrättsföreningar,Helsingborg,"Qleanex Facility Service Aktiebolag är ett nyregistrerat städbolag (2025) i Helsingborg som bedriver städning av bostäder, kontorslokaler, bostadsrättsföreningar och företag samt trädgårdsservice. Bolaget drivs av VD Nour Diab.",2025,Nour Diab,5-9,Aktiebolag,Ja,4.8,49,,,,,,,,https://maps.google.com/?cid=315451445243610174,ChIJ3yVX90wzUkYRPgShCWu1YAQ,"Medium - registry (Allabolag) confirms legal name, org number, founder/VD, founding date, and address matching backbone exactly. However, the qleanex.se website's own contact page lists a different address (Rosenbergsgatan 32b, 254 44 Helsingborg) than the registered/Google Places address (Ättekullagatan 2) - registry+Google Places address used as authoritative per backbone; phone, email, services list, and booking/pricing details could not be confirmed from the live site crawl.",https://www.allabolag.se/foretag/qleanex-facility-service-aktiebolag/helsingborg/st%C3%A4dservice/2KJCT3ZI5YH6T|https://qleanex.se/|Google Places,2026-07-04
Kvalificerad Städ,AAA Kvalificerad Städ AB,556872-6532,Siöcronagatan 3,252 44,Helsingborg,Centrum,040-645 53 28,info@kvalificeradstad.se,https://kvalificeradstad.se/stadfirma-i-helsingborg/,https://kvalificeradstad.se/wp-content/themes/kvalificeradstad/images/logo_alb.png,https://places.googleapis.com/v1/places/ChIJEz3IHwUzUkYRJiWaPTA8TE0/photos/AXCi2Q1mUYnbnKZgOtOTpjLbGV7SzRhKMxg0hEHVGRXJnwPd5oGYQC3o0eJoAOTLpqE8f3XoRRmMcXP2eOxCkNbYRlWQzYVmvJmC0X8GfjrIeUJq0RgQxKf9wPvhzTdKrLnQO8YV0y7RJfWmMDIe9pjxJZ2XKGRDCkQ8ZQlL/media?maxWidthPx=400&key=AIzaSyAgucJSAxcE0tpOe1l47Xy0Rw4QehRSg94,Hemstädning|Flyttstädning|Storstädning|Fönsterputsning|Kontorsstädning|Sanering|Byggstädning,"Hemstädning: professionell återkommande hemstädning|Flyttstädning: enligt krav, godkänt och med 14 dagars garanti|Storstädning: grundlig nollställning av städnivå|Fönsterputsning: professionell fönsterputs|Kontorsstädning: för hemtrevlig arbetsmiljökänsla|Sanering: utförs av utbildade medarbetare|Byggstädning: vid renovering eller nybyggnation",Helsingborg|Malmö|Lund|Ängelholm|Höllviken|Åstorp|Klippan|Landskrona|Vellinge|Skanör|Trelleborg|Lomma,"Kvalificerad Städ drivs av Ioan Ciugudean och Anamaria Nicolicea, som båda arbetat i städbranschen sedan början av 2000-talet. Företaget grundades i Vellinge med fokus på personligt bemötande, service och miljömedvetenhet, och öppnade senare en filial i Helsingborg efter att kunder flyttat dit från Malmö. Man arbetar enbart med miljövänliga städprodukter och energisnåla maskiner, är kollektivanslutna och SRY-certifierade.",2012,Ioan Ciugudean|Anamaria Nicolicea,"5 (AAA Kvalificerad Städ AB, hela bolaget, 2024)",Aktiebolag,Ja,4.6,11,,4.9/5 (207 omdömen) för moderbolaget på hitta.se,SRY-certifierade (Servicebranschens Yrkesnämnd)|Saneringsutbildade|Kollektivavtal,Gratis hembesök följt av offert öppen i 30 dagar; bokning online eller via telefon/e-post,Offert efter kostnadsfritt besök; priser anges före/efter RUT-avdrag på webbplatsens prisberäknare.,,,https://maps.google.com/?cid=5569893017040069926,ChIJEz3IHwUzUkYRJiWaPTA8TE0,"Medium - Helsingborg-specific contact details (address, phone, email) confirmed directly on company website's Helsingborg page, and founders/about narrative confirmed. Org number and founding year (2012) are for the legal entity AAA Kvalificerad Städ AB registered in Vellinge (headquarters), since the Helsingborg office is a filial/branch without its own separate org number; employee count (5) reflects the whole company, not the Helsingborg branch specifically.",https://kvalificeradstad.se/stadfirma-i-helsingborg/|https://kvalificeradstad.se/kontakt/|https://kvalificeradstad.se/|https://www.hitta.se/verksamhet/aaa-kvalificerad-stad-ab-kqtvellsu|Google Places,2026-07-04
Städfirma Helsingborg,,,Luggudegatan 5,256 59,Helsingborg,Söder,073-879 47 32,info@stadperfekt.se,https://www.xn--stdperfekt-r5a.se/,https://www.google.com/s2/favicons?domain=xn--stdperfekt-r5a.se&sz=128,https://places.googleapis.com/v1/places/ChIJz6ZVijUzUkYRbzzglPhgxIE/photos/AXCi2Q1mUYnbnKZgOtOTpjLbGV7SzRhKMxg0hEHVGRXJnwPd5oGYQC3o0eJoAOTLpqE8f3XoRRmMcXP2eOxCkNbYRlWQzYVmvJmC0X8GfjrIeUJq0RgQxKf9wPvhzTdKrLnQO8YV0y7RJfWmMDIe9pjxJZ2XKGRDCkQ8ZQlL/media?maxWidthPx=400&key=AIzaSyAgucJSAxcE0tpOe1l47Xy0Rw4QehRSg94,Hemstädning|Kontorsstädning,Hemstädning: städning av privatbostäder|Kontorsstädning: städning av kontorslokaler,Helsingborg,"Städfirma Helsingborg (varumärket Städperfekt) är en städfirma i Helsingborg som enligt egen beskrivning är 'uppstickaren i Helsingborg på hemstädning och kontorsstädning'. Kunder på Trustindex ger återkommande positiva omdömen, bland annat för lokalstädning efter evenemang.",,,,,Okänt,5,2,"Mattias, Väla Centrum: 'Städperfekt har i ca två år varit våra leverantörer av städtjänster och vi är extremt nöjda med deras insatser varje gång.'|'Bästa städfirman i helsingborg lätt! Städade lokalen efter bröllop perfekt'","Positiva omdömen på Trustindex.io (flera recensioner, exakt snittbetyg ej verifierat)",,,,,,https://maps.google.com/?cid=9350705347093871727,ChIJz6ZVijUzUkYRbzzglPhgxIE,"Low - only directory listings (Svenska Hantverkare, FöretagsProfs, Trustindex) and review aggregators found; the company's own website (punycode domain xn--stdperfekt-r5a.se, i.e. 'stadperfekt.se') timed out on direct crawl attempts and could not be verified live. No company registry match found under 'Städfirma Helsingborg' or 'Städperfekt' - org_number, legal_form, founded_year, employees, and full services list are unconfirmed. This firm is distinct from other similarly-named Helsingborg cleaning companies found in search (SEM Städ, Städlyx, Hushållsakuten), which are unrelated businesses and were not used as sources here.",https://www.svenskahantverkare.se/stadfirma/helsingborg/stadfirma-helsingborg|https://foretagsproffs.advokater24.nu/stadfirma-helsingborg---253401|https://www.trustindex.io/reviews/xn--stdperfekt-r5a.se|https://stenkoll.hk-r.se/stadfirma-helsingborg---253401|Google Places,2026-07-04
Ridderborgs fönsterputs AB,Ridderborgs fönsterputs AB,559516-8013,Vagnmansgatan 26,252 49,Helsingborg,Centrum,,,,,https://places.googleapis.com/v1/places/ChIJo7UKj5J_UUYRJ2LxAq8B_Pk/photos/AXCi2Q1mUYnbnKZgOtOTpjLbGV7SzRhKMxg0hEHVGRXJnwPd5oGYQC3o0eJoAOTLpqE8f3XoRRmMcXP2eOxCkNbYRlWQzYVmvJmC0X8GfjrIeUJq0RgQxKf9wPvhzTdKrLnQO8YV0y7RJfWmMDIe9pjxJZ2XKGRDCkQ8ZQlL/media?maxWidthPx=400&key=AIzaSyAgucJSAxcE0tpOe1l47Xy0Rw4QehRSg94,Fönsterputsning|Solcellstvätt,Fönsterputsning: professionell fönsterputsning|Solcellstvätt: rengöring av solceller för optimal effekt,Helsingborg,"Ridderborgs fönsterputs AB bedriver verksamhet inom fönsterputsning och solcellstvätt. Bolaget registrerades 2025-01-27 med säte i Ängelholm och drivs av VD Ludwig Ridderborg. Vagnmansgatan 26 i Helsingborg är registrerat som bolagets arbetsställe (faktiska verksamhetsadress), skilt från bolagets säte/postadress i Ängelholmstrakten.",2025,Ludwig Ridderborg,1-4,Aktiebolag,Okänt,5,60,,,,,,,,https://maps.google.com/?cid=18013274460755419687,ChIJo7UKj5J_UUYRJ2LxAq8B_Pk,"Low-Medium - company registry (Ratsit) confirms legal name, org number, founding date, founder/VD (Ludwig Ridderborg), legal form, and explicitly lists Vagnmansgatan 26, Helsingborg as a registered 'arbetsställe' (place of business), reconciling the apparent mismatch with the company's registered säte in Ängelholm. However, no dedicated company website, phone, or email could be found/confirmed, so contact details, full service descriptions, pricing, and RUT-avdrag status remain unverified.",https://www.ratsit.se/5595168013-Ridderborgs_fonsterputs_AB|Google Places,2026-07-04
Klarvy Fönsterputs AB,Klarvy fönsterputs AB,559491-0340,Brännerigatan 2,254 74,Helsingborg,Ödåkra,042-262728,,https://klarvyfonsterputs.se/,https://www.google.com/s2/favicons?domain=klarvyfonsterputs.se&sz=128,https://places.googleapis.com/v1/places/ChIJwVP9GdUtUkYR8JXU3feFDwQ/photos/AaVGc3m6VBw0j-t7KLpkXxwmu9WgR28_hgL2iDprauQjzzqmvXXJ-nGwFG2DrBjqyg1z01x3fpLB4mFy6Q1XEG8C1S9mopZR1Iea17QX9tEtaFhbLx9uyL0Tmgq4kHTnMqPBBUZXMxlmxscho2eyTDlROSZH7JsttmJw0buEgVePFyWEd4b_UtilljOMXX7kLOA3lutrseVyHr6huSnIGPMMUZMUUOIKz9PkqbFn6wOCrgzdYWaK40tCJ9J_yozZIHrVqhfAqvwhIRCr5Io6QouSnTH6bo8ZbLEGO04u3f8Gf4Co0Qi2PFjkdMYj7JKcyrFGbpCCfr7C66Ygra1INamR515TUVpJ1pPZZgnNlcwJla2jQS0yp1z77ue5tHz_ZWh9s0cslnTSuq5KhGH9-UflHBSyNN0ljUigiQcLVTyDxIT26QoOkRDeyZ6duNwIygdk/media?maxWidthPx=400&key=AIzaSyAgucJSAxcE0tpOe1l47Xy0Rw4QehRSg94,Fönsterputs utvändigt|Fönsterputs invändigt|Abonnemang fönsterputs|Fönsterputs företag,"Utvändig fönsterputs på bottenvåning upp till 30 fönster inkl. glas, karmar, bågar och fönsterbleck (introduktionserbjudande 'Brons-paketet')|Fönsterputs för privatpersoner och företag utan bindningstid, återkommande service efter eget val",Helsingborg|Höganäs|Ödåkra|Ängelholm|Malmö|Lund|Laholm|Båstad,"Klarvy Fönsterputs AB erbjuder prisvärd och noggrann fönsterputs i Helsingborg, Skåne och Halland för privatpersoner och företag, utan bindningstid. Bolaget registrerades 2024 men marknadsför att teamet har över 10 års branscherfarenhet. Tjänsten bokas online, utförs inom 1-4 veckor, och kunden får sedan ett personligt prisförslag för fortsatt service.",2024,,1-4,Aktiebolag,Ja,5,130,,"Google 5,0 (enligt egen hemsida)",Fullt försäkrade (enligt egen hemsida),Onlinebokning via hemsidans bokningsformulär eller telefon 042-262728,"Introduktionspris 295 kr efter RUT-avdrag för Brons-paketet (upp till 30 fönster utvändigt, bottenvåning); ordinarie pris offereras individuellt efter första putsning; 50% RUT-avdrag tillämpas",,,https://maps.google.com/?cid=292599800427484656,ChIJwVP9GdUtUkYR8JXU3feFDwQ,"Medium — website and registry (allabolag.se/hitta.se, org.nr 559491-0340) confirmed matching address (Brännerigatan 2, Ödåkra). Gap: no direct email found on site; founder name not stated; company registered 2024 despite 'om oss' page implying 10+ years experience (likely refers to staff experience, not company age) — flagged, not resolved.","klarvyfonsterputs.se (hem, kontakt, om-oss); allabolag.se org.nr 559491-0340; hitta.se company profile",2026-07-04
Larssons Allstäd AB - Flyttstäd Helsingborg,Larssons Allstäd AB,556925-6935,Östanvindsgatan 34,254 75,Helsingborg,Ödåkra,0702 94 85 65,,https://www.larssonsallstad.com/,https://www.google.com/s2/favicons?domain=larssonsallstad.com&sz=128,https://places.googleapis.com/v1/places/ChIJOWzdtqYtUkYRUHqHSSfAUWA/photos/AaVGc3nmUl7rDc8v4S33nDc6n1V_3TnjLN1jqB2lBJMEh_kAzWOtxZOijZVcwjpwTsJRoguFKGKTfRSwcwF_uhuLCvme9Qc_B9TUR_EY0sGK8GaRdHgg-uXp16wQRfdlHGdYWb6kJEjx6BHREPR_HVQiKX6mMv36Tq2xpWBjbB5ahtWBBYhiYeh17anXg5bRx9lo2AYNL_tsqg0SKMleJbkkMFLQ2QcDz-u3Q6BYVYEdqMLigcokYpFHoBx9TmQwrVdJcQ_na-D4ixfwQm96hIt6MIbJHHzCowuXq37uYwpMhtv-BJ2AnfwtVHwoS2QDzRqYJecBvzDXiXVO8CD2o52qNgSE9CdO3grhT53VZs650ynn-ixmcJCZV13hYDjnqh-A0pL_WxOH2lkJ2jTTu2kJqeW8jBeDqRyFGB83qFYCJgPW7WUk/media?maxWidthPx=400&key=AIzaSyAgucJSAxcE0tpOe1l47Xy0Rw4QehRSg94,Flyttstädning|Hemstädning|Fönsterputs|Storstädning|Kontorsstädning,"Flyttstädning med garanti till nästa inflyttning, städning av bostadsrum, badrum, kök, klädkammare, garage/förråd, balkong/uterum; 600+ flyttstädningar per år, samarbete med mäklare och fastighetsbolag|Hemstädning debiterad per timme",Helsingborg|Ängelholm|Landskrona|Ven|Skåne,Larssons Allstäd AB är verksamt sedan 2013 (org.nr registrerat 2013-03-13) och har enligt egen utsago 30 års erfarenhet i städbranschen. Företaget utför över 600 flyttstädningar per år och samarbetar med ett hundratal mäklare och fastighetsbolag i Skåne. Ledamot är Bo-Arne Larsson (f. 1964).,2013,Bo-Arne Larsson,0 (enligt allabolag; sannolikt ägardriven verksamhet med underleverantörer/tillfällig personal),Aktiebolag,Ja,4.3,124,,,,Kostnadsfri offert via kontaktformulär på hemsidan eller telefon 0702 94 85 65,"Flyttstädning prissatt efter kvadratmeter, t.ex. 1700 kr (0-30 kvm) till 15 000 kr (500 kvm) efter RUT-avdrag (motsvarande dubbla priset innan avdrag); timpris hemstädning 400 kr (200 kr/timme efter RUT); ingen milersättning inom Helsingborg; extra kostnad vid extra smutsigt hem eller inglasad balkong",,,https://maps.google.com/?cid=6940539775724517968,ChIJOWzdtqYtUkYRUHqHSSfAUWA,"High — website, registry (allabolag.se org.nr 556925-6935, registered 2013-03-13, board member Bo-Arne Larsson) and address (Östanvindsgatan 34, Ödåkra) all match. Gap: no email found; a third-party listing showed a different phone (+46 42 15 13 00) and email (larssons.allstad@telia.com) — company's own /kontakt page value (0702 94 85 65) used as primary per freshness; employees listed as 0 in registry, likely reflects owner-operated model with contracted staff given 600+ jobs/year claim.","larssonsallstad.com (kontakt, flyttstadning); allabolag.se org.nr 556925-6935",2026-07-04
Städkompaniet Öresund AB,Städkompaniet Öresund AB,556845-7427,Dannfeltsgatan 12A,256 57,Helsingborg,Ramlösa,042-300 91 20,info@stadkompaniet.com,https://stadkompaniet.com/,https://files.builder.misssite.com/1b/64/1b64c5ae-2f12-4b54-bd47-d782692da7a1.png,https://places.googleapis.com/v1/places/ChIJO6OL-WIzUkYRqDiHXuTfBYI/photos/AaVGc3kuDR99lvULMeYKmO0FGRszd32ZBVNwHpnZhZTNTKuZRK4nACsPUMmw3spG1JlkokB0k63TLKOu_MugkCNM3ng2z5VRdgfcx10_IkP83_jH5oC8bVifqEAC0JeXcp448zYgTeiiG2oguQFCdkmluKY3ey40ACM1vXyDCuwMTIOV9DAvhI5H3qwhKfrPkSyH-VDhMFYUnNNmwDXwzAbhKGtrbJFAejIa4HYqUOaw1wrBQZ0rk-OLV4b6cYXo01MWiyOD65tvSYJxD_i1765dG8IUx0V3S1cjV3pcM1P4DZvcE9t-3utWpttbhySGBI-6TDiRLEzg0CYimxi1rMOOa8l3bpDpbBzkdgIS3HhLEb3ZIuGDMAxTfq65Qx6tiODx3SofHI-IgSAy4Q8RIek1h1KSZEkDlyQvppgHBMK_ChE/media?maxWidthPx=400&key=AIzaSyAgucJSAxcE0tpOe1l47Xy0Rw4QehRSg94,Hemstädning|Flyttstädning|Kontorsstädning|Övriga städtjänster,"Personlig, kundanpassad hemstädning, flyttstädning och kontorsstädning sedan 2011; tjänster inom RUT-avdraget för privatpersoner samt städtjänster åt företag, kommun och landsting",Helsingborg,"Städkompaniet Öresund AB grundades 2011 med visionen att varje kund är unik och att bemötandet alltid ska vara personligt. Bolaget levererar hemstädning, flyttstädning och kontorsstädning i Helsingborg och har 14 anställda. Omsatte 9,4 miljoner kronor 2024.",2011,,14,Aktiebolag,Ja,4.5,8,Kundcitat: 'Jag är så glad och nöjd över den hjälpen jag får ifrån er. Utan er hade jag inte klarat mig' / 'Det var med stolthet vi lämnade över nycklarna av vår gamla bostad till de nya ägarna. Allt var så fint och rent.',,F-skattebevis,Snabb prisförfrågan via kontaktsida stadkompaniet.com eller telefon 042-300 91 20,,,http://www.facebook.com/Städkompaniet-Öresund-AB-209103402486678/,https://maps.google.com/?cid=9369140771745642664,ChIJO6OL-WIzUkYRqDiHXuTfBYI,"High — website, registry (allabolag.se/letabolag.se org.nr 556845-7427, founded 2011-03-14) and address (Dannfeltsgatan 12A, Ramlösa) all match exactly. Gap: no founder/board name surfaced; detailed hourly/sqm pricing not published on site (subpages returned 503/404 during crawl).","stadkompaniet.com (hem, kontakt-stad-pris-helsingborg); allabolag.se org.nr 556845-7427; letabolag.se company profile",2026-07-04
Harris Fönsterputs - fönsterputs i Helsingborg,,,Lilla Möllevångsgatan 9A,254 35,Helsingborg,Norr,070-945 80 65,info@harrisfonsterputs.se,https://harrisfonsterputs.se/,https://harrisfonsterputs.se/wp-content/uploads/2023/11/cropped-Harrisfonsterputs_logo_new-scaled-1.jpg,https://places.googleapis.com/v1/places/ChIJcc4FExEzUkYROKYXrw6VbAU/photos/AaVGc3lrOQtJSpcOTpeK2df-VZ2jXdnSXMTeHh7xSYQGNWuJEi0cp9YVy4t3LhDWfDJROUEp86SKJ1wGpvrP0E4pZOqwIQRKcfa-Ncjka9fUBy58iK5pLZUjlAiDJzQzus8BiMBC4OcADXjH4qeudIuX64ICKMV4bxACL1IPfjVkV4BZNfl9U06lMvihLOwxqqLpf3H5AU6K5eGqQYLoTc2BaKeag1o07YJoFC7tAq5mxXQ6N_aMMO9E7GYn1rQM_w5UfVMYz7eBkqIR0zI-9HDyD_6p-LvUZvEhx4jYwN32GhCo_90X-_9361rk9QnRmpQlQt4S3Y1CmTdIk05U_ktrYh5nSHZ2ZjqYuaCeTUsjIq_TCjom25Wy0Nwb3ZwQWuPlKitKb_nX5H_R381cTSrjz-PUhsVCQ8s35rwGE_WwlWoN2g/media?maxWidthPx=400&key=AIzaSyAgucJSAxcE0tpOe1l47Xy0Rw4QehRSg94,Fönsterputs,"Fönsterputsning för privatpersoner och företag i Helsingborg, garanterat skinande rena fönster",Helsingborg|Göteborg (kvarvarande kunder),"Harris Fönsterputs startades av Lars Harris i Göteborg 1987. Verksamheten flyttade sin huvudsakliga bas till Helsingborg 2017, dit man behöll en del kunder kvar i Göteborgsområdet. Med över 40 år i branschen fokuserar företaget enbart på fönsterputsning.",1987,Lars Harris,,,Okänt,5,5,,,,Telefon 070-945 80 65 eller e-post info@harrisfonsterputs.se,,,,https://maps.google.com/?cid=390851157974033976,ChIJcc4FExEzUkYROKYXrw6VbAU,"Low-Medium — website and address (Lilla Möllevångsgatan 9A) confirmed via multiple directory sources, and founder/history well documented on own site. Gap: no org.nr or Bolagsverket/allabolag registry entry found despite targeted searches — company is likely an enskild firma (sole proprietorship) below/without a searchable AB registration, so legal_name/org_number/legal_form/employees left blank rather than fabricated; RUT-avdrag eligibility not stated on site so marked Okänt; site shows two slightly different email domains (info@harrisfonsterputs.se vs. infot@harrisfonsterputs.com) — primary .se domain email used.",harrisfonsterputs.se (hem); proffsen.hk-r.se and foretagsproffs.advokater24.nu directory listings (address/phone cross-check); allabolag.se search (no AB entity found),2026-07-04
Rena Fönster Sverige AB,Rena Fönster Sverige AB,559385-6569,Välluvsvägen 4,253 51,Helsingborg,Påarp,0771-42 42 42,kundtjanst@eriksfonsterputs.se,https://xn--renafnster-icb.se/,https://xn--renafnster-icb.se/wp-content/uploads/2018/05/logo_renafonster-icon.png,https://places.googleapis.com/v1/places/ChIJr257qlLLU0YRT2qAppKE2pE/photos/AaVGc3nJYwWtoOzhgjOeiHEENxjgUpmGeYm4uUtcPz_NzlOLzVOMh5HOU_vzCSrzb-qam6Ov9fUtqz1VzLLP9UzmKQdCTQA0VnL0nUntc_wfUTNHuP2SZhWI5GeC9Z2IJINiwl0toY1nxN8II8vrV46vKQMK0QPrS3JBiq1bDclEpY-sSBOVfmElcHTFPf10HxEjs8ZuL0tvvnpql_KMgQnUYyciVmTDm9lthOB5CIpZJ2NmPrrwLjD8aN3W9VFXRbGAsVHlx7ii-uqDl-LQDchc-8pccjGWTvSW4Mw9gJs1p3ok68yfjLVqmCrgEZZZcNI8_GTzj9N1w3IE84M5kyEp7ls2YHz55ZMrWoQW5Q2uLaVZCyU2LJSolLOdn9GkUrcQPwMrwwj5-TizSSf0M0Q3zoNOxvtzjSqMvP0e6OoDgHYA6n_UO6FHqvG1Ja1TCOIK/media?maxWidthPx=400&key=AIzaSyAgucJSAxcE0tpOe1l47Xy0Rw4QehRSg94,Fönsterputs utvändigt|Fönsterputs invändigt|Fönsterputs abonnemang|Fönsterputs bostadsrättsföreningar och företag,"Fönsterputsning sedan 2010 för privatpersoner samt större uppdrag för bostadsrättsföreningar, företag och industriparker, med renvatten-teknik, lift och ropeaccess",Helsingborg|Påarp,"Rena Fönster Sverige AB (org.nr 559385-6569, registrerad adress Välluvsvägen 4, Påarp) verkade sedan 2010 inom fönsterputsning. 2022 sålde grundaren Ola Gustafsson bolaget till moderbolaget bakom Eriks Fönsterputs i Sverige AB, och den 4 juni fusionerades verksamheten fullt in i Eriks Fönsterputs i Sverige AB (org.nr 556668-9716). All fakturering och kundservice sker numera via Eriks Fönsterputs.",2010,Ola Gustafsson,,Aktiebolag,Okänt,4.9,29,,,Fullt försäkrade; elbilar för miljöprofil,Bokning via www.eriksfonsterputs.se/rena-fonster eller telefon 0771-42 42 42,,,,https://maps.google.com/?cid=10509858445815999055,ChIJr257qlLLU0YRT2qAppKE2pE,"Low — SIGNIFICANT GAP NOTE: This entity has been merged/absorbed. Registry (krafman.se) confirms org.nr 559385-6569 registered at Välluvsvägen 4, Påarp (matching backbone address exactly) with status 'Fusion tillåten 2024-04-12' into org.nr 556668-9716. The company's own website confirms founder Ola Gustafsson sold the business in 2022, with a formal fusion into Eriks Fönsterputs i Sverige AB completed '4 juni' (2024). Eriks Fönsterputs' actual operating address is now Verkstadsgatan 2B, Höganäs (NOT Påarp) — the Påarp address only reflects the pre-merger registered entity. Phone/email provided are Eriks Fönsterputs' current contact channels since that is the only way to reach this service today; local Påarp presence may no longer be operative. Employees and RUT status not disclosed post-merger. Treat this row as historical/transitional — verify directly before referring customers.","xn--renafnster-icb.se (hem, kontakt); krafman.se org.nr 5593856569; allabolag.se/hitta.se for Eriks Fönsterputs i Sverige AB org.nr 556668-9716",2026-07-04
SaVi Städ,SaVi Städ AB,559371-9700,Rausvägen 742,253 51,Helsingborg,Söder,076-093 8228,info@savistad.com,https://www.savistad.com/,https://static.wixstatic.com/media/3bc304_6940fea94d0a4c45a58d6eff999f87bb%7Emv2.png/v1/fill/w_192%2Ch_192%2Clg_1%2Cusm_0.66_1.00_0.01/3bc304_6940fea94d0a4c45a58d6eff999f87bb%7Emv2.png,https://places.googleapis.com/v1/places/ChIJB9pSokMzUkYRFhWE5nKPmQM/photos/AaVGc3mJ5FRLRirV_MCY2jBxzyCApRBAqsmzS8GwrUrP5-3LID0oLWXjliWkNNQ6xtWWBVlYtchHcZVB1B9D_hFWPeyOzSTprLDdWSn_XGNQ3tyPCGPFurJxrkjCZ5NDYW8VGY3AD789vdqm_Tc-UiLF4Z870u-yZ5jExu0RRYpBQUT2sPs21NIUP5Ny62da7FIA4NSSX8uj7otcibfE6hvaEuQO-9GQf9KYbaJtzMy1kx0gVmmYBfEhkHCJI3BkjRMDhY9BikoHpKTu1mGrnYEiHiicIlC7gU9S8eB80QrFcQNA-D65b_HXwWOpavIUob1ynTYXV-6vhOu0E8Ro2551ItC-5w0Fbj5PEqdMXz6DMya9_2EdU5sF9rCCUq4fWeC3ozNXmk-h52SyDRiieAgXQWPQ7UweOkt-ES5qln1cHsLJWwQl/media?maxWidthPx=400&key=AIzaSyAgucJSAxcE0tpOe1l47Xy0Rw4QehRSg94,Hemstädning|Kontorsstädning|Fönsterputs,"Städning av kontor, hem och fönsterputsning för privatpersoner och företag i Helsingborg och Skåne, med fokus på flexibilitet och kundanpassning",Helsingborg|Skåne,"SaVi Städ AB (org.nr 559371-9700) är ett växande städföretag i Helsingborg/Påarp, aktivt sedan 2022-03-23, med fokus på kvalitet och personlig service inom kontors-, hem- och fönsterstädning. Bolaget har 5 anställda och omsatte 3,5 miljoner kronor 2024 (+14,1% mot 2023).",2022,,5,Aktiebolag,Okänt,5,39,,,Innehar F-skatt och momsregistrering,E-post info@savistad.com eller telefon 076-093 8228,,"Svenska|Engelska (enkel svenska/engelska efterfrågas av personal i platsannonser, tyder på flerspråkig arbetsmiljö)",,https://maps.google.com/?cid=259396177206973718,ChIJB9pSokMzUkYRFhWE5nKPmQM,"Medium — GAP NOTE: Registry confirms an active 'SaVi Städ AB' (org.nr 559371-9700, Aktivt status, registered 2022-03-23) at Rausvägen 742, Påarp — matching backbone address exactly, resolving an earlier concern about a differently-named, deregistered 'SaVi Städ Handelsbolag' (org.nr 969787-0203) which appears to be an unrelated or predecessor entity, not this one. Own website (savistad.com) confirms active operations and matches services. A separate third-party directory listing showed a different address (Gånge Rolfs Gata 35) which was NOT used — backbone address preserved per instructions. RUT-avdrag not explicitly stated on site. No founder name found (board: Agnieszka Jolanta Glinska, styrelseledamot; Osama Safwat Azmy Doss, VD/suppleant — listed under employees/legal_form context, not as 'founder' since founding role unconfirmed).","savistad.com (om-oss); upplysningar.syna.se org.nr 5593719700; vakanser.se job listings (org.nr 559371-9700 cross-check, address confirmation)",2026-07-04
Ren & Flytt - Flyttfirma & Städ,Ren&flytt Sverige AB,559485-9612,Smugglargränd 1,252 36,Helsingborg,Centrum,042-495 85 45,,https://www.renochflytt.se/,https://www.renochflytt.se/wp-content/uploads/2024/02/cropped-renflytt_logga-32x32.png,https://places.googleapis.com/v1/places/ChIJd58xwzLNCKwRDNa7DLFsztA/photos/AaVGc3nSgCQtX0uAEkqiOj4xDDBFZtKpGGVm0IAUZs9wMNHWuWlz7GtV3uqegJ6AFsch9bJpa88m1y2KiyaCZF1dRFlgrisr3PmN4yH53rB7M17_I2j7Z6IhL_TKx9Fr1KdThsNc8t9FgC72wjT5EGxPuIFDC4yAs560_vo65zFjD_wtm2Wg0ZhdQurSbIJm9idccxqNpiW_bTVIru_i4tcvP8-5aVtGydFQsJ0jItINFqoeV3kvJGSC2ncEV9dHCQXqOny8Iul960GYK4o54Qlr5Z1VJJCkIaPVpQPJxSRlutQl_U5Yt6TWLXhK2bPB2jMia5-zDXg39V5vBu84ZtuOSw-yHsCiFmpbRXFZhC_ljSj1RQtAQusNnZtOkuXijbUwsLYwjI4DVxhH45t-chuBIb4WCsHtgK7cpm-vmqXsawXF3bX-6BeUjuyYPLbp7szB/media?maxWidthPx=400&key=AIzaSyAgucJSAxcE0tpOe1l47Xy0Rw4QehRSg94,Bohagsflytt|Företagsflytt|Flyttstädning|Packning och montering|Utlandsflytt|Dödsbo|Tungalyft,"Bohagsflytt skräddarsydd med valfri packning och städning|Företagsflytt med flera lastbilar för att minimera avbrott|Flyttstädning med kostnadsfri besiktning och städgaranti, kan även bokas fristående|Packning och montering/demontering av möbler|Utlandsflytt inom EU|Dödsbo-tömning med sortering, bortforsling, städning och ev. försäljning|Tungalyft av piano, kassaskåp, arkivskåp från 2499 kr",Helsingborg|Malmö|Lund|Landskrona|Halmstad|Båstad|hela Skåne|EU,"Ren & Flytt (Ren&flytt Sverige AB, org.nr 559485-9612) är en flyttfirma i Helsingborg som erbjuder flytt- och städtjänster i hela Skåne och inom EU. Bolaget registrerades 2024-06-05 och har kontor i Malmö, Helsingborg, Lund, Landskrona, Halmstad och Båstad. VD är Noor Farman Salman. Omsatte 662 000 kr med 291 000 kr rörelseresultat (44% vinstmarginal) under första verksamhetsåret 2024.",2024,Noor Farman Salman,1,Aktiebolag,Ja,4.9,103,,,F-skatt och momsregistrering (enligt hitta.se),Offertförfrågan via kontaktformulär på hemsidan (svar inom 24h) eller telefon 042-495 85 45 (Helsingborgskontor),"Fasta priser: 2 man + lastbil från 495 kr/h, 3 man + lastbil från 695 kr/h, 4 man + 2 lastbilar från 990 kr/h; alla priser inkl. 25% moms och justerade efter 50% RUT-avdrag; minimidebitering 4 timmar + 500 kr startavgift; gratis flyttlådor (utkörningsavgift tillkommer); ingen extra avgift inom Skåne; tungalyft från 2499 kr",,,https://maps.google.com/?cid=15046082912770053644,ChIJd58xwzLNCKwRDNa7DLFsztA,"High — website, registry (hitta.se/allabolag.se org.nr 559485-9612, registered 2024-06-05) and address (Smugglargränd 1, 252 36 Helsingborg) all match exactly. RUT-avdrag explicitly confirmed on pricing page. Gap: no direct email address found on site (contact via form only); VD Noor Farman Salman listed as founder given sole-founder/CEO structure of newly registered company, though not explicitly labeled 'founder' in sources.","renochflytt.se (hem, priser, tjanster, kontakt); hitta.se org.nr 559485-9612; allabolag.se organisation listing 2KJ19B0I5YIR3",2026-07-04
Städ Time & Redo för Renovering få offert för Flyttstädning i Helsingbog & Landskrona Företag städning Fönsterputs,Städ Time & Redo för Renovering,880825-XXXX,Håkan Lundbergs gata 26,252 33,Helsingborg,Centrum,076-410 97 67,stadtime@hotmail.com,https://www.xn--stdtime-6wa.com/,https://www.google.com/s2/favicons?domain=xn--stdtime-6wa.com&sz=128,https://places.googleapis.com/v1/places/ChIJ2YqTK2kzUkYRBoo565Jamic/photos/AaVGc3meJMsB8DoHCqe0MjHbw1R1Lv1hP1RYFs-LBAiwhk_MpYkcl4hmFox8OdV1JTEmcFV_31B3u4NQmvPbxWRKbp-h2CMSdpQZeeKlmKrg4qxemhO1d6_6xIPFE94H46qghSBsi3gtaqM1te-e1_SCNpO-oD1WE7-PLGk5VrVcFYT3aXxHGamg0OBRAjwOusUBtNPVWxc3hbao5DkpdFRzklzMJeQHHWj3OyrGGpYNYMWeubcjl_Lbe8h-_d30F_ol8w7_XRafZJ19D8JDHs_RTATTV_fA3FMPQsSpoykGjWhUA3R6hJPQ-DK7P1fi9IV619SicaGnzgIuK_5tYDXBAGg8DgbrzP_z8b3gMMCO2k1XeK4hj0zlFnCYzy3uK5h9KptKxsArOr-J4xQ5gRaRbUkNZwDLmWVd7Q0igifyyXPQajMrhVTFZibVMV8Ky9c2/media?maxWidthPx=400&key=AIzaSyAgucJSAxcE0tpOe1l47Xy0Rw4QehRSg94,Flyttstädning|Hemstädning|Renovering|Snickeriarbeten,Flyttstädning och hemstädning i Helsingborg och Landskrona. Enskild näringsidkare som även erbjuder renoverings- och snickeritjänster vid sidan av städuppdragen.,Helsingborg|Landskrona,"Lokal enskild firma i Helsingborg som erbjuder städtjänster (flyttstädning, hemstädning, fönsterputs) samt renovering/snickeri. Drivs av Songül Kirac.",2024,Songül Kirac,0 (enskild näringsidkare),Enskild näringsidkare,Okänt,5,35,,,,Telefon (076-410 97 67) eller e-post (stadtime@hotmail.com),,,,https://maps.google.com/?cid=2853692900950772230,ChIJ2YqTK2kzUkYRBoo565Jamic,Low,"xn--stdtime-6wa.com (om-oss); merinfo.se (880825-XXXX); hitta.se; vakanser.se jobbannonser (Kirac, Songül)",2026-07-04
Predx AB – Flytt • Städning • Hantverk,Predx AB,559266-2927,Landskronavägen 7C,252 32,Helsingborg,Centrum,042-400 00 33,info@predx.se,https://predx.se/,https://predx.se/wp-content/uploads/2024/08/cropped-B52A4B-1-32x32.jpg,https://places.googleapis.com/v1/places/ChIJZ_vx2vgzUkYRUsIEn4hTBCk/photos/AaVGc3lbINyefpVOLmZqK6xrxtCZcmPSQMFOiKBbGlH6erql43szVeJJt8JEyDMLxMxmjS1mrDJiPbKGLQJMULmYh_WoX9eJ9axCQHQCwhjfAnsQpXgRZOjSFvDliYY5N8DPVUUsJNcAvXNfjlH0bflmoYbhn8wHTdUAhk0krE7b3fjwtkt8n8UpGsltqeS-b389Kq9xiFkQVwf8TDX2BhC40rV-cv-U74wHY81PJ5TOq5pEmByjzqCzmx7Bzjl6-722dugL9fnMuEifzrnFQ62sRZD3PGs3fM-4NuQVZrXK6B6_ybYo04H7267QC9D6ifBi8YEpGD8Ozfbhsq4_LIgZC9qR2ch-I_gBrYvRMilYb5DcuruxCOaST2UMlUP0VMl5W5sc8zMDG1ZMvIsV7BzfYi5TEKalNA2wsuTa1zgXKZEhuROfvZNY-eVSflR-og/media?maxWidthPx=400&key=AIzaSyAgucJSAxcE0tpOe1l47Xy0Rw4QehRSg94,Hemstädning|Flyttstädning|Kontors- och företagsstädning|Storstädning|Fönsterputs|Rengöring av mattor och möbler,"Flyttstädning omfattar rumsvis genomgång: golv, golvlister, fönsterbrädor, element, garderober och fönster; badrum inkl. badkar, toalett, väggar, ventiler, avlopp, skåp, tvätt-/torkmaskin; kök inkl. skåp, vitvaror, ugn, spishäll, kyl/frys, diskmaskin och vask. Skriftlig 100% nöjd-kund-garanti och 10 dagars garanti på flyttstädning.",Helsingborg,"Predx AB är ett Helsingborgsbaserat företag som erbjuder flytt, städning och hantverkstjänster (montering, transport, trädgård) till privatpersoner och företag i Skåne, med fokus på trygghet och fasta priser.",2020,,5-9,Aktiebolag,Ja,4.9,69,,"Sajtens egen uppgift: 4.9/5 baserat på ca 200 recensioner (avser sannolikt flera orter/plattformar, ej enbart Google Helsingborg)",,"Telefon (042-400 00 33), e-post (info@predx.se), eller offertformulär på predx.se","Flyttpaket 1999/2999/3999 kr (litet/medel/stort, inkl. moms och rutavdrag). Exempel: flyttstädning 60 kvm cirka 1749 kr + 299 kr materialkostnad (ej rutberättigat).",,,https://maps.google.com/?cid=2955579101710434898,ChIJZ_vx2vgzUkYRUsIEn4hTBCk,Medium,"predx.se (start, om-oss, tjänster/flyttstädning, stad/helsingborg); allabolag.se (559266-2927); upplysningar.syna.se (559266-2927)",2026-07-04
Hemstädning & Flyttstädning - Da Silva Städ,,,Nedre Långvinkelsgatan 32,252 34,Helsingborg,Centrum,+46 73 442 48 92,,,,,Hemstädning|Flyttstädning|Kontorsstädning|Byggstädning|Grovstädning/sanering|Trappstädning|Fönsterputs,"Hushållsnära tjänster med fokus på personlig relation och pålitlighet enligt firmans egen beskrivning: ""Den personliga relationen och den sociala kontakten till kunden är oerhört viktig... Pålitlighet och noggrannhet är våra ledord.""",Helsingborg,"Lokal städfirma på Nedre Långvinkelsgatan i Helsingborg som erbjuder hem-, kontors-, bygg- och trappstädning samt fönsterputs.",,,,,Okänt,5,1,,181 gilla-markeringar på Yoys.se-profilen,,Telefon,,,,https://maps.google.com/?cid=13039840704313111111,ChIJP5t5OzYyUkYRRzJDVAjS9rQ,Low,"yoys.se (+46734424892, exakt adressmatch); infoisinfo.se (Da Silva Trading Ab, näraliggande adress Nedre Långvinkelsgatan 49); flyttstadning-direkt.se (avvikande telefonnr 042-424 25 40)",2026-07-04
Städ PLUS HELSINGBORG,Städ PLUS HELSINGBORG Handelsbolag,969786-4453,Edwin Berlings gata 2A,252 50,Helsingborg,Centrum,073-545 39 17,kontakt@stadplushelsingborg.se,https://stadplushelsingborg.se/,https://stadplushelsingborg.se/wp-content/uploads/2021/08/Transparant_logo.png,https://places.googleapis.com/v1/places/ChIJGWngSdwzUkYREnfpXe-heCo/photos/AaVGc3meJMsB8DoHCqe0MjHbw1R1Lv1hP1RYFs-LBAiwhk_MpYkcl4hmFox8OdV1JTEmcFV_31B3u4NQmvPbxWRKbp-h2CMSdpQZeeKlmKrg4qxemhO1d6_6xIPFE94H46qghSBsi3gtaqM1te-e1_SCNpO-oD1WE7-PLGk5VrVcFYT3aXxHGamg0OBRAjwOusUBtNPVWxc3hbao5DkpdFRzklzMJeQHHWj3OyrGGpYNYMWeubcjl_Lbe8h-_d30F_ol8w7_XRafZJ19D8JDHs_RTATTV_fA3FMPQsSpoykGjWhUA3R6hJPQ-DK7P1fi9IV619SicaGnzgIuK_5tYDXBAGg8DgbrzP_z8b3gMMCO2k1XeK4hj0zlFnCYzy3uK5h9KptKxsArOr-J4xQ5gRaRbUkNZwDLmWVd7Q0igifyyXPQajMrhVTFZibVMV8Ky9c2/media?maxWidthPx=400&key=AIzaSyAgucJSAxcE0tpOe1l47Xy0Rw4QehRSg94,Hemstädning|Storstädning|Flyttstädning (All Inclusive)|Visningsstädning,"Hemstädning väljs i intervall 1+ ggr/vecka till 1 gång/månad. Storstädning rekommenderas 1-2 ggr/år. Flyttstädning ""All Inclusive"" inkluderar allt (balkong, fönster) utan tilläggskostnad; kunden behöver kunna göra rent fönster inifrån. Visningsstädning för bostadsförsäljning.",Helsingborg,"Handelsbolag som erbjuder städtjänster till privatpersoner och företag i Helsingborg utan dolda avgifter, med egna redskap/produkter, ingen bindningstid och tillgänglighet årets alla dagar inkl. utanför kontorstid.",2018,,1-4,Handelsbolag,Ja,5,7,,,"SRY-utbildad personal (Servicebranschens Yrkesnämnd, sedan 1985)|F-skattsedel|Ansvarsförsäkring|Kollektivavtal","Telefon (073-545 39 17), e-post (kontakt@stadplushelsingborg.se) eller kontaktformulär på stadplushelsingborg.se",Fast prisplan eller skräddarsydd prisplan (samma timpris). Ingen bindningstid. 10% rabatt för pensionärer; 10% rabatt om granne också nyttjar hemstädning.,,,https://maps.google.com/?cid=3060373996243089170,ChIJGWngSdwzUkYREnfpXe-heCo,High,"stadplushelsingborg.se (kontakt, privatpersoner, personal); allabolag.se (969786-4453)",2026-07-04
M Dasilva Städ AB,M Dasilva Städ AB,556967-1968,Erik Dahlbergs gata 8b,254 38,Helsingborg,Norr,070-640 00 97,info@dasilvastad.com,https://www.mdasilvastad.se/,https://www.google.com/s2/favicons?domain=mdasilvastad.se&sz=128,https://places.googleapis.com/v1/places/ChIJhdpIEl0zUkYRSK4NtxSfnF4/photos/AaVGc3k3GWw_m8XPMnd5iTEiX4M4NFGP1Kn4tKV_rnDYYfCgcAkw7ftiQiGEYvNtDNFMRt0b7s04GGGWxY01V-HeDE9H1tJmyCouSTx8wppdg2vRotNRGAX77ylCDMZlxAkxrYGf07Y6HYKbh6YZXnBxY0Zd-FAaIU7poQwMfTeLhQBksbaOXh56HfsYu7ENgYVq8lhhcKuvkxJFPoG2CFhJwAJupju-F157oZ6lTqUyY2owPfy7f2DW16LVEyWVmqd0U_NunTXJxt5g1Dk0xgEuIWZA0TOVOe-eDPbp1_8wS8XQLfH9N4_AR-jw1AfR1ChCs6XU9WYNAEZPfj8BB4WV0wsGdfdeNjGJyODe4uQ4M6mnwKDi6dyLSlC0bLMxWxJb87qUl-i2gKF8VtRm3LE7giCISE8WJTP76b-rEeALwtyFVP2P/media?maxWidthPx=400&key=AIzaSyAgucJSAxcE0tpOe1l47Xy0Rw4QehRSg94,Hemstädning|Trappstädning|Fönsterputsning|Byggstädning|Flyttstädning|Storstädning,"Trappstädning inkluderar sopning, våttorkning, dammtorkning av karmar/räcken, tvättstuga, fönsterputs och hisstädning där hiss finns. Fönsterputsning: invändig, utvändig och mellan glasrutor. Byggstädning: förhandsbesiktning på plats för prissättning. Flyttstädning täcker alla ytor plus detaljerad kök/badrum. Storstädning: dammsugning, mopping, dammtorkning av möbler/lampor/tavlor, spegel-/tavelputs.",Helsingborg,"Familjeföretag grundat 2005 av Angela Dasilva, har växt från enmansföretag till flera medarbetare. Arbetar efter värdeorden pålitlighet, glädje och kompetens. Team: Manuela, Angela, Delma, Merlinda, Ilona, Christina, Corina, Helena.",2005,Angela Dasilva,10-19,Aktiebolag,Ja,5,3,,,,Telefon (070-640 00 97) eller e-post (info@dasilvastad.com) via mdasilvastad.se/kontakt,RUT-avdrag upp till 50 000 kr per person. Nöjd kundgaranti (gratis omstädning om ej nöjd).,,,https://maps.google.com/?cid=6817498847251377736,ChIJhdpIEl0zUkYRSK4NtxSfnF4,High,"mdasilvastad.se (start, om-oss, tjänster, kontakt); ratsit.se (556967-1968)",2026-07-04
Städ Eliten - En del av A.L Group Syd AB,A.L Group Syd AB,559564-7370,Tranemansgatan 48,252 49,Helsingborg,Centrum,079-340 13 96,,https://www.xn--stdhjlphelsingborg-mtbd.com/,https://www.google.com/s2/favicons?domain=xn--stdhjlphelsingborg-mtbd.com&sz=128,https://places.googleapis.com/v1/places/ChIJgVneTlLgRA4RWXa8KYayipI/photos/AaVGc3nK83iwNfN846u701akRVKhB4bMvps3boD2Iv1Rub4MOvcSj570g0hhXSSlqbGTD6XiUL4PDUa0qPA7pf6ONwQs_Y9YTJPogSmaooJEmZKmGtLdAinFQ0n5M2xREQhnibj9iYaVO8BCBnX9KvAhZbgmCeFnQOmsMAkxo1c4UVpyorS1p4nAQJy_K5NoJgHkCS5yJFy5-eYwhFPSCNl6opUAT6p8Xbj-5kATjml2eOrcA-WouRUpMKHo8GUjFEMmPQhdP8qlde4z5O66q38KEIXtKwqH7Hp_POZ_VHY8_3J3gdt_8arJNTdFcmnI-RSOCaw387YqsgRq36ggJUywfKgtH7WdoRlMCxyzawqvao-1LkDK65FazGhqeEoNkJxrVKFln5Mziuq5sl-K0ie64ZEmfRtMHkEELR-rTONUm62xmjGJZkxASXwTY7keIqCX/media?maxWidthPx=400&key=AIzaSyAgucJSAxcE0tpOe1l47Xy0Rw4QehRSg94,Flyttstäd|Hemstäd|Kontorsstäd|Byggstäd|Visningsstädning|Dödsbostädning,"Flyttstäd, hemstäd, kontorsstäd, byggstäd, visningsstädning inför bostadsförsäljning samt dödsbostädning (städning av dödsbon).",Helsingborg,"Städ Eliten (varumärke/bifirma, äldre namn: Eliten Flyttservice, Städ Eliten Skåne) drivs som del av A.L Group Syd AB. Webbplatsen anger 10+ års branscherfarenhet och 100+ städningar/månad, men det legala bolaget A.L Group Syd AB registrerades först 2025-12-22 - sannolikt en nyare juridisk struktur kring en äldre verksamhet/varumärke.",,,,Aktiebolag,Ja,4.9,24,"""Utmärkt"" (5.0) - kundrecensioner på städhjälphelsingborg.com bl.a. från Peter Garnvik, Arjeta Shala, Linnéa H, Alban Asani (nov 2025)",,Ansvarsförsäkring|F-skatt,Telefon (079-340 13 96) - offert inom 2-4 timmar,,,,https://maps.google.com/?cid=10559448565619127897,ChIJgVneTlLgRA4RWXa8KYayipI,Medium,"xn--stdhjlphelsingborg-mtbd.com (Städhjälp Helsingborg, anger org.nr 860310-4236); stadeliten.se; hitta.se & en.syna.se (A.L Group Syd AB, org.nr 559564-7370, styrelseledamot Armend Lajqi, suppleant Arieta Lajqi)",2026-07-04
Cleaning Kraft,Städkraft i Helsingborg AB,556560-0680,Karlsgatan 12,252 24,Helsingborg,Centrum,042-24 44 40,info@stadkraft.se,https://stadkraft.se/,https://www.stadkraft.se/wp-content/themes/stadkraft2016/img/inline/stadkraft-logotype.png,https://places.googleapis.com/v1/places/ChIJX3UMDTEyUkYRAHOJLAjHfEs/photos/AaVGc3nkw7TH4_Z1ON-YTVqNLRlifCEoW7XpWwuGSQQ7oFH8ds8KN1k3CtdNtyZHD6jK_EZitYXANtN07pGSM44NLF9KQLR5uJfOtJsvdF9FNL9f06eJB_O4dVo85WMErXidVPWx3OeCiMUoNSs_Y6WOBNRDXEwU5_QOlvbV-HF-4h67hdcj0F1WIeRdKUQ4SOqw3hUKxa4FBR5vEwbxqLFLipcuOAfqMWuhM6-ZajV2c9dwN_Scfv1IDGH-3ft3j5ATSppun3ICLTFOyfyEC-mhzN-ULQ0IFjgAeNVFOS8OyhDb9K0itxGQJjBMwpcDQJEjBrEVI5MZZdCDXpM4b-A8MvER51hzfJhYNZJhqtbP9rIYjvTZn1TK8A48Z47lxeSl9HuOKuW0tTk_U1wCAMySIJBDpAj_LRk-OpmgwRFVRKtGFSGx/media?maxWidthPx=400&key=AIzaSyAgucJSAxcE0tpOe1l47Xy0Rw4QehRSg94,Kontorsstädning|Flyttstädning|Trappstädning,"Kontorsstädning anpassad efter kundens behov för ökad trivsel. Flyttstädning med 100% skriftlig garanti. Trappstädning till fastighetsbolag, privata fastighetsägare, bostadsrättsföreningar och företag.",Helsingborg|Malmö|Halmstad,"Medelstort städbolag (Städkraft) som erbjuder professionell städservice till företag, fastighetsbolag och kommuner i Helsingborg, Malmö och Halmstad. Kombinerar stora bolagets resurser med personlig omtanke.",1998,,18,Aktiebolag,Okänt,5,8,,,Kollektivavtal med Fastighetsanställdas Förbund|Medlem i Svenskt Näringsliv|F-skatt|Bra Miljöval/Svanen-märkta produkter,Telefon (042-24 44 40) eller e-post (info@stadkraft.se),,,,https://maps.google.com/?cid=5439441287877587712,ChIJX3UMDTEyUkYRAHOJLAjHfEs,Medium,"stadkraft.se; svenskahantverkare.se (Cleaning Kraft, Karlsgatan 12); allabolag.se (556560-0680); kollen.hk-r.se",2026-07-04
Fina Utsikter Fönsterputs,Fina Utsikter AB,559456-0202,"Södra Stenbocksgatan 122B, Gamla Tågarpsvägen 246",252 44,Helsingborg,Centrum,073-526 93,,https://www.finautsikter.se/,https://www.finautsikter.se/wp-content/uploads/2020/11/cropped-kvadrat-32x32.jpeg,https://places.googleapis.com/v1/places/ChIJdbsWOO0zUkYRUX2H9MyDBAk/photos/AaVGc3lkZNcGaKtrdSvEAVvuH8V-dld54OZzPlCNAetCv6rWoYMA6sj-o7inOzop81wjCYTWsezZ4LBVu16pfShOTlZ1BG74l2o80sV8sWPZZWZcFqLqc3cWx-h69cbJu0xSF9Kh7sr4epMVg9XYsfSLiFPq25gsCQdXZDcGMsLUMP9kYBlpifj6kg-VEtO3I-rWmKnBPFSU1PCOcdOEKoZB8dkinZxvEtJLSnQL6-vDlsZmDs14M8c-48esazcxbOiGjLgZ0Lx3gTFq0sHWzdLq5fQNm8mje-zVgL1jKCNkpvUIAZVeBYPcoRe1g3IZ_TG_UNFmEXQJgFx5haPmc0xcUKPvIOxRBXdJm8UqitOKS-qQH0Fv5IjLSoY9ys6E1kjSlVIa5-4UPm-kGu2-K3wAojA-FS_GKKfrfIMKNH8YxnA/media?maxWidthPx=400&key=AIzaSyAgucJSAxcE0tpOe1l47Xy0Rw4QehRSg94,Fönsterputs|Tvätt av solpaneler,Fönsterputs (in- och utvändig) med prenumerationsplaner var 2-3:e månad; direkt digital prissättning online utan hembesök. Även tvätt av solpaneler.,Helsingborg|Ängelholm|Lund|Landskrona|norra Skåne,"Simon startade Fina Utsikter Fönsterputs 2012 som eget företag i Västra Frölunda, Göteborg, och byggde snabbt upp ett gott rykte. Efter flytt till Helsingborg (sedan 2020) är firman aktiv i hela norra Skåne. Bolaget ombildades senare till aktiebolag (2023-11-07). Kunder inkluderar Clarion Grand Hotel, Clarion Hotel Sea U, Heimstaden, Pålsjö krog och Vasatorps Golfklubb.",2012,Simon Mikael Harris,1-4,Aktiebolag,Ja,4.9,102,"""Utmärkt, baserat på 94 recensioner"" - namngivna recensenter bl.a. Ann-Louise Alenius, Karin Andersson, Stefan Rietz Norgren, mikael mathiasson (2025)",,F-skatt|Momsregistrerad,Direkt prisberäkning och bokning online via finautsikter.se (inget hembesök krävs),Från 175 kr per tillfälle vid prenumeration (var 2-3:e månad). RUT-avdrag halverar priset för privatkunder.,,,https://maps.google.com/?cid=649789162547281233,ChIJdbsWOO0zUkYRUX2H9MyDBAk,Medium,"finautsikter.se (start, fonsterputs-kullavik om-sidan); ratsit.se (559456-0202); en.syna.se; hitta.se",2026-07-04
SEM Städ & Flytt,SEM Solutions AB,559067-9126,Kungsgatan 13,553 31,Jönköping,Centrum,010-199 72 32,info@semstad.se,https://www.semstad.se,https://www.semstad.se/wp-content/uploads/2021/01/sem-logo.png,https://places.googleapis.com/v1/places/ChIJKztOx3xpWkYRmmghpEi1gww/photos/AaVGc3my-C1B9tAWZDaRfXfgZUUjVB2xln9xq8pIYSeGeOEsrBEjYNP3EVVXUD12Dzdt-K1ib1VJUVxONmy3atgS4He81eKLBX0dTV67sr4TEth_gCMK_WBrafHeDLpuOgPT-L6rKIZX6UgS9GkDZchQgRV3_76V81XN7dnkvqrkmJGVtK9g1n6dXJMPYdVC_4F-XC267PWZDby2x7amLrX1ItZTGguUBqCoIGlcst8G_PDAGGlTWZWRI-Fiqm0eo5tJ_0kptdQYuObAFWPsLK4SdbaVi4XuRj1wVL71UbdZUyFajWZI61KWE0Sr-ZIGX18-4Qa-gizdBACs13YYHrMAtpGn3M6bZTbPmBYkJqEmP-9l7dllFoOZ82u_4JUlDV45JiVbtZlI3P_9zUYEWCtb4YnHjm6XUwOunxZHltfCrnlQkFe2/media?maxWidthPx=400&key=AIzaSyAgucJSAxcE0tpOe1l47Xy0Rw4QehRSg94,Hemstädning|Flyttstädning|Kontorsstädning|Fönsterputs|Storstädning|Trappstädning,"Hemstädning: återkommande städning av bostad enligt schema. Flyttstädning: grundlig städning vid flytt, ofta med kvalitetsgaranti/besiktning. Kontorsstädning: löpande städning av kontors- och verksamhetslokaler. Fönsterputs: putsning av fönster invändigt och utvändigt. Storstädning: engångsinsats med extra grundlig rengöring.",Jönköping,"SEM Städ & Flytt (SEM Solutions AB) är en städfirma verksam i Jönköping som erbjuder hemstädning, flyttstädning, kontorsstädning och fönsterputs till privatpersoner och företag. Företaget grundades ursprungligen som NEO Tjänster och bytte namn/varumärke 2016.",2016,,,Aktiebolag,Ja,4.8,276,,,,Telefon och kontaktformulär på webbplats,,,,https://maps.google.com/?cid=901763674000156826,ChIJKztOx3xpWkYRmmghpEi1gww,"Medium — Kärnuppgifter (webbplats, telefon verifierat mot Google Maps-platsen, grundarhistorik NEO Tjänster→SEM 2016) bekräftade från flera källor. Saknas: exakt org.nr-verifiering mot ett primärregister i denna session, antal anställda, priser, sociala medier och språk. Telefonnummer 010-199 72 32 är ett nationellt/växelnummer men verifierat matcha exakt denna Google-plats.",https://www.semstad.se|Google Maps (place_id ChIJKztOx3xpWkYRmmghpEi1gww)|syna.se|ratsit.se,2026-07-04
Dreamclean (Del av Hemfrid),,,Österängsvägen 4,554 63,Jönköping,Österängsvägen,036-14 15 00,,https://www.dreamclean.nu,https://www.google.com/s2/favicons?domain=dreamclean.nu&sz=128,https://places.googleapis.com/v1/places/ChIJ5c6G08kSWkYRzbifhQXWVIA/photos/AaVGc3lOQDhUL5eIHKr9cdZjGJ2aSvw_W530g3IqCiD9PBCF1pWD2JLsCfEoKWEpfBtHMjkq1YI8DDMRP10AeVCjrytzEkoepZyncmaEFGNihSOHyTP-qTyrBLURW0993Wukq-8EhHXc3Q7STL9dGV27KLkvMa-NfDhq8ZnKxsHNnJ0GOUfa2_9puZ-CXdm84Q_WfKsIl6NH8yFR_h0lh6JjdS7P4FAoKE_Py0t5NWIfpLwfuA9ppd0rzh0Uro12w-3xVSH9zi21QKzMLMtq9uLIA8RDgJDB7fnJZNcsGlaLttfeJamN_SlfUVClniL3V5a2zpHWK0ut7lsA7OsFpgjbh1nSEvwIUIYP1Ca1u-DLq_ZhwhCSaUnVsgDVAGokBRrumA_LXytP0YFkeosjH5_tPMtzL0Arzohs8tzfraknK2grZQ/media?maxWidthPx=400&key=AIzaSyAgucJSAxcE0tpOe1l47Xy0Rw4QehRSg94,Hemstädning|Flyttstädning|Kontorsstädning|Trappstädning|Fönsterputs|Storstädning,Hemstädning: regelbunden städning av hem. Flyttstädning: städning vid flytt med kvalitetsgaranti. Kontorsstädning: städning av kontorslokaler. Trappstädning: städning av trapphus/gemensamma ytor. Fönsterputs: fönsterputsning på abonnemang eller engångsvis.,Jönköping|Bankeryd|Huskvarna,"Dreamclean var en städfirma i Jönköpingsområdet (Jönköping, Bankeryd, Huskvarna) som erbjöd hemstädning, flyttstädning, kontorsstädning och trappstädning. Varumärket är nu helt integrerat i Hemfrid — enligt Hemfrids egen webbplats (dreamclean.nu) utförs alla städtjänster i området numera av Hemfrid.",,,,,Ja,4.6,99,"Väldigt bra service och bemötande. Städningen var noggrann och väl genomförd. (Reco.se, verifierad kund)",Reco.se: 4.7/5 (572 omdömen),,Bokningsformulär via dreamclean.nu (hanteras nu av Hemfrid),,,,https://maps.google.com/?cid=9247251254103488717,ChIJ5c6G08kSWkYRzbifhQXWVIA,"Low/Medium — VIKTIG LUCKA: Dreamclean-varumärket är enligt dreamclean.nu numera helt uppgått i Hemfrid (""Dreamclean är nu en del av Hemfrid""). Reco.se listar dock en fristående 'Dreamclean' på Huskvarnavägen 60 (inte samma adress som denna Google-post på Österängsvägen 4, vilket är Hemfrids egen adress). Det är oklart om denna Google-post är en kvarvarande/duplicerad profil för samma verksamhet som nu drivs som Hemfrid, eller en tidigare fristående enhet. Org.nr, grundår, anställda kunde inte fastställas för just denna post utan att riskera sammanblandning med fel juridisk person. Lämnat tomt enligt instruktion att aldrig gissa.",https://www.dreamclean.nu|https://www.reco.se/dreamclean|https://hemfrid.se/en/dreamclean,2026-07-04
Hemfrid i Jönköping AB,Hemfrid i Sverige AB,556529-8444,Österängsvägen 4,554 63,Jönköping,Österängsvägen,0770-45 00 45,,https://www.hemfrid.se,https://www.google.com/s2/favicons?domain=hemfrid.se&sz=128,https://places.googleapis.com/v1/places/ChIJF_2tvNFtWkYR0rw44jglF5o/photos/AaVGc3lXadi1FcZ1W144trAeg6kxbT9CK9I_JKv1WjgWwCiYyoZNX7PautYgJh4XN71Nij5GySVLO15PJ3mLp0Ca087ETVlbeJeH1C-Gph5BqKSKXHNxJW4xbINYZ25NLdTIVk35E0biRxdEYN_T6pq_ffre4yqVWe_ND0K1UZ-Vqb1LZerv376EaUV8JIABLLB1PF0RFPnEadynirsJVrGdDPN-Yhz6OXh2IKGeXgCog2cs5Ng6F2INyswQeu9YayQYp9ibQxcbYLNBlbc97k5OiL4xMjFrInszKVNYvqeWQvyfcnY64PEPzR_ngwe6srwvwdJHae_dqYA9Gc_ojCEpjBaCSlT_gBh6f3ec0GiJRqy6VcSiIQ1KB5s4M9YBbV0fmsGtX5eQbr5oHJ6472JybopTB0ghBVlz8GfH6SH9gINT-uRYqM91D_mqHfd3_WcJ/media?maxWidthPx=400&key=AIzaSyAgucJSAxcE0tpOe1l47Xy0Rw4QehRSg94,Hemstädning|Flyttstädning|Kontorsstädning|Storstädning|Fönsterputs|Trappstädning (BRF),"Hemstädning: regelbunden städning av bostad inklusive Hemfrids egna städmedel. Flyttstädning: professionell flyttstäd som klarar besiktning. Kontorsstädning: städning av kontorsmiljöer. Storstädning: grundlig engångsstädning. Fönsterputs: på abonnemang eller engångstjänst. Trappstädning: för bostadsrättsföreningar (BRF), gemensamma ytor och trädgård.",Jönköping,"Hemfrid är ett av Sveriges ledande städföretag med verksamhet sedan 1996. I Jönköping erbjuder Hemfrid hemstädning, flyttstädning, kontorsstädning, storstädning och fönsterputs till privatpersoner, företag och bostadsrättsföreningar. Bokning och hantering av tjänster sker via Hemfrids app.",1996,,,Aktiebolag,Ja,4.2,23,,,,"Onlineformulär, app och telefon",,,,https://maps.google.com/?cid=11103384332549012690,ChIJF_2tvNFtWkYR0rw44jglF5o,"Medium — Verksamheten på denna adress drivs under det nationella bolaget Hemfrid i Sverige AB (org.nr 556529-8444); ingen separat registrerad juridisk person ""Hemfrid i Jönköping AB"" kunde hittas i registerkällor, vilket förklarar skillnaden mot Google-postens visningsnamn. Handelsnamnet (company_name) är oförändrat bevarat enligt instruktion. Saknas: lokal kontorstelefon (nationellt kundtjänstnummer använt), e-post, antal anställda på orten, priser, certifieringar.",https://www.hemfrid.se|https://www.hitta.se (Hemfrid i Sverige AB)|https://www.dreamclean.nu,2026-07-04
Tidsbrist AB,Tidsbrist AB,,Östra Storgatan 101,554 52,Jönköping,Östra,,,https://www.tidsbrist.se,https://www.google.com/s2/favicons?domain=tidsbrist.se&sz=128,https://places.googleapis.com/v1/places/ChIJ7zUNA-9tWkYRa1N-zXFCkNA/photos/AaVGc3mSztLaLjj6Fc2Bu0lni2RAQBKRkhEALMjBDQWK7se1Nr0hlYQNJ3CfbCwjZQiq5bdVAFzFlb6sl6mqR1Ff-wkDzsro7ePROuKsAvsuZmK5WG_WgvHXHiyECMhx9onrjpaD_IAXNUfuwLFlF1OrtqhBz3RMRIZjI-MoeZ36LOr2uGguQkap-v0ZRAOcYNI7OvEBNCH_adDlKDhRul3fFMxqXQ89ZO9PfbG7701CTWPK0mNnd4A9v2W_C2jFiNx0yhVu7OYpQYYKM1gquOPYto49nw2tXB7c5JIsyo0l5zEJk0uE3PPkKl1Uzmc4tdKT44BrSgY3ooB7ZnhuXYLP4QOEqvHxnPycNWzdGTqtA8rjxcMkMKScL2LMbBS8Ho7kkW20gCLdg-oSnrj-3PVa8C-ySzWQCJEi1CeVS9NXlKT5xRew/media?maxWidthPx=400&key=AIzaSyAgucJSAxcE0tpOe1l47Xy0Rw4QehRSg94,Hemstädning|Flyttstädning|Storstädning|Kontorsstädning|Fönsterputs,Hemstädning: löpande städning av privatbostäder. Flyttstädning: städning vid in- och utflytt. Storstädning: grundlig engångsstädning av hela hemmet. Kontorsstädning: städning av företagslokaler. Fönsterputs: putsning av fönster.,Jönköping,"Tidsbrist AB är en städfirma i Jönköping som erbjuder hemstädning, flyttstädning, storstädning och kontorsstädning till privatpersoner och företag i regionen. Företaget lyfter fram kundomdömen och nöjda återkommande kunder som en central del av sin marknadsföring.",,,,Aktiebolag,Ja,4.8,15,,,,Kontaktformulär på webbplats,,,,https://maps.google.com/?cid=15028585013081690987,ChIJ7zUNA-9tWkYRa1N-zXFCkNA,"Low/Medium — Egen webbplats (tidsbrist.se) bekräftad med tjänsteutbud och kundomdömen, men org.nr kunde inte slutgiltigt fastställas mot ett primärregister (allabolag/ratsit) i denna session, och telefon/e-post kunde inte extraheras med säkerhet från kontaktsidan. Grundår, anställda, priser och certifieringar saknas. Lämnat tomt enligt instruktion att aldrig gissa.",https://www.tidsbrist.se|https://www.tidsbrist.se/kundomdomen/,2026-07-04
Städkul,Städkul,559270-8753,Mejerigatan 10,553 38,Jönköping,Centrum,0707458007,,,,,Hemstädning|Flyttstädning|Kontorsstädning,,Jönköping,Städkul är en personlig städfirma i Jönköping vars affärsidé är att erbjuda hög kvalitet på städning till låga priser. Enligt uppgift har personalen utbildning och omfattas av kollektivavtal.,,,,,Okänt,4.8,13,,,Kollektivavtal (enligt uppgift i katalogtext),,,,,https://maps.google.com/?cid=8015763940635101815,ChIJFaWnBQltWkYRd8rwrNW2PW8,"Low — Ingen egen/officiell webbplats hittades; enda källan är en tredjepartskatalog (Alla Städföretag) som anger en avvikande adress (""Fordonsvägen, Jönköping"", utan gatunummer) jämfört med Google-postens Mejerigatan 10. Org.nr 559270-8753 kunde inte verifieras mot allabolag.se eller ratsit.se (inga träffar på detta org.nr i dessa register under denna sökning). Google-posten saknar även foto (image_urls tom, i enlighet med källdata). Telefon, RUT-status, grundår, anställda och juridisk form kunde inte bekräftas och lämnas tomma/Okänt.",https://www.xn--allastdfretag-gfb6y.se/foretag/stadkul-5b3b40,2026-07-04
SnyggtHemtrevligt,,,Dalviksringen 27,554 45,Jönköping,Dalviksringen,,,https://www.snygghemtrevligt.se,https://www.google.com/s2/favicons?domain=snygghemtrevligt.se&sz=128,https://places.googleapis.com/v1/places/ChIJY8CGva9vWkYR4PYhjFlPwvU/photos/AaVGc3nTDRGWqR21hcxr79LvQKfOs7ABSLkCADQhn_owIHlCCDAuhzLnwp6_0Q6kb4jPo_ghsu6T09KOsohGQzRfyK_duV7Gz6oct_jviaKR_zNSMSWzfSAt3wAjbzSgVCTH9GXlZmz4n-3gr0NIYTxlKQb9TNJ8Q0ZtzIFSe_fPqK2gFjFkt5ls6vxq2bxdFss1PPgU5dLyRcFdcwVytZDwg3M9C3lKNvNeY6hnmh1UPMUM04uguiD4Kx6jqxIPmkYESgGnuBexdNq45LVsLCBOSoS1opVz2gah3IXZ7yxZiM1YqB9XupvPcd2Hzs8j4rFBNoJKR5qsMx7YmO8RW5Aqjfm_XdUdPAfpf2WYK862KGZVtqo1NOw8fvLDnzw5LS5onUgxu3F1DSSpePoLRCDOS8hrV-POMhhXmpLToYAbCkK1ejx1Ks3vRQOTSHJGGw/media?maxWidthPx=400&key=AIzaSyAgucJSAxcE0tpOe1l47Xy0Rw4QehRSg94,Hemstädning|Flyttstädning|Storstädning|Fönsterputs,Hemstädning: regelbunden städning av privatbostäder. Flyttstädning: städning vid flytt. Storstädning: grundlig engångsstädning. Fönsterputs: putsning av fönster.,Jönköping,"SnyggtHemtrevligt är en städfirma i Jönköping som erbjuder hemstädning, flyttstädning och storstädning till privatpersoner i regionen.",,,,,Ja,4.7,15,,,,"Kontaktformulär (""Mejla oss""/""Ring oss"" på webbplats)",,,,https://maps.google.com/?cid=17708803930795931360,ChIJY8CGva9vWkYR4PYhjFlPwvU,"Low — Webbplats hittad och bekräftar tjänsteutbud, men innehåller endast knapptexter (""Mejla oss"", ""Ring oss"") utan utskrivet telefonnummer/e-postadress som gick att extrahera med säkerhet. Ratsit.se gav ett maskerat/ofullständigt organisationsnummer (""930221-XXXX-00001"", där XXXX är dolda siffror bakom betalvägg) som INTE bedöms tillförlitligt nog att registrera som bekräftat org.nr — lämnat tomt istället för att gissa på de dolda siffrorna. Grundår, juridisk form, anställda och org.nr kunde därför inte fastställas.","https://www.snygghemtrevligt.se|https://www.ratsit.se (maskerad post, org.nr ej verifierbart)",2026-07-04
Complett Service i Jönköping AB,Complett Service i Jönköping AB,559058-1780,Brahegatan 59,553 34,Jönköping,Centrum,036-550 15,,https://complettservice.se,https://www.google.com/s2/favicons?domain=complettservice.se&sz=128,https://places.googleapis.com/v1/places/ChIJuQZ4H2EXWkYRUi4GorlRW0s/photos/AaVGc3mB5RrAczES-7UW5qLISvwS-alrwLi_GGw0pSwHc-TzvMa-EF1H8ELU7YFelViXSo4MLWD9Eo6lTEImdmKi07Hqc6j8RQVGDRM7VJDVM-IF963gWglY33zBy67m8YdJp31OeYXdwV_DGnOEpPPKOGvSwdxQ3CcqFx2388k70aYhjc_QTsTkd6LyS9wdY9y_RNlJpPURhqtyQHtwt9lduZrrGSdQ98CAxi_VPJo2uuKQj5xZ_hSWab1cnLVuKA9vv7RxxeNSlPVfRRCvzo1CL279vONuCkF6mAxkMFNaTyP31V-vJguhaiTjBIO8bIcx6HbFpM9IRMtUXYY3GhK2FMCS4jIXGgL63dDgAAMmrSwTuqXFMQjwBuRlNajIaw3-9wJVQt-en09OWhd1z4JooQZMkK4ie9P91RpcwLy7ssA/media?maxWidthPx=400&key=AIzaSyAgucJSAxcE0tpOe1l47Xy0Rw4QehRSg94,Hemstädning|Kontorsstädning|Butiksstädning|Flyttstädning,"Hemstädning: städtjänster för privata bostäder, ca 225 kr/timme. Kontorsstädning: städning av kontorslokaler. Butiksstädning: städning av butikslokaler. Flyttstädning: städning vid flytt.",Jönköping|Huskvarna|Bankeryd|Norrahammar|Taberg|Hovslätt,"Complett Service i Jönköping AB startades våren 2016 av Svitlana Heroldsson och erbjuder städtjänster med hög kvalitet och flexibilitet för kontor, butikslokaler och privata bostäder i Jönköping med omnejd, inklusive Bankeryd, Norrahammar, Taberg, Hovslätt och Huskvarna.",2016,Svitlana Heroldsson,3,Aktiebolag,Ja,4.2,6,,,F-skatt registrerad|Momsregistrerad (SE559058178001),"Kontaktformulär på webbplats (""Skicka en förfrågan"")",Hemstädning cirka 225 kr/timme (enligt uppgift på webbplatsen),,,https://maps.google.com/?cid=5430023633454378578,ChIJuQZ4H2EXWkYRUi4GorlRW0s,"Medium — Grundare (Svitlana Heroldsson, 2016), org.nr och finansiell data (7 881 tkr omsättning 2024, 3 anställda, F-skatt/moms Ja) väl bekräftade via allabolag.se, hitta.se och LinkedIn samstämmigt. VIKTIG LUCKA: Både företagets egen kontaktsida och allabolag/hitta.se anger registrerad/besöksadress som Hunnerydsvägen 9, 561 46 Huskvarna — inte Brahegatan 59 som anges i Google-baspostens adress. Backbone-adressen har bevarats oförändrad enligt instruktion, men det är oklart om Brahegatan 59 är ett tidigare kontor, en alternativ serviceadress eller en felaktig Google-uppgift.",https://complettservice.se/om-oss/|https://complettservice.se|https://www.allabolag.se/foretag/complett-service-i-j%C3%B6nk%C3%B6ping-ab|https://www.hitta.se/verksamhet/complett-service-i-jonkoping-a-llnqzzfm|https://linkedin.com/in/svitlana-heroldsson-74b80612b,2026-07-04
Saba Städtjänst AB,Saba Städtjänst AB,,Lovisagatan 117,554 74,Jönköping,Söder,,,https://www.sabastadtjanst.se,https://www.sabastadtjanst.se/wp-content/uploads/logo.svg,https://places.googleapis.com/v1/places/ChIJM516Uw9zWkYR1Ra1aiAleFc/photos/AaVGc3kZFPgDiYb0vtLooy4T41Er5Vjkb28fCT2pVl2UVTvNS_XsUHQEuRVnrXF0kzXQd-rn3zGBhFo783RJCaNZb5fXHdwU8XDya5KZT2EqSTeHQ1_2DolbUoZ26zbgb54jyj4kAa0MrIzDOEIYHnHeAIfQplcNn34qgMNDGu9MBu7Ice9iuY1bbbKDjDGoL4slTFY4vJ16b3kbdQssDvQPdY4bdguMIGMxbFEOLlhVi7DgW5wg8TSsglg88MZxh8KG3wArn9OBNEBD0HjfQ5WmUvKCC-V8EOvXyEMImdabqtGWVdya7j0PdgLNLEfQEs5nmPNmTjAo1j7dKbmAOuiuw4QYTy07s3hlaMTZgKclzDvAyrBDxUNc9h-p5NZ5fM8ciTKcYfcKC_UgABypOWIH-7PxMsuJWfOxJRHnNy8-njCI4fSJcGJ1VLaMiCaangrV/media?maxWidthPx=400&key=AIzaSyAgucJSAxcE0tpOe1l47Xy0Rw4QehRSg94,Hemstädning|Flyttstädning|Kontorsstädning|Storstädning,Hemstädning: regelbunden städning av privatbostäder. Flyttstädning: städning vid flytt. Kontorsstädning: städning av kontorslokaler. Storstädning: grundlig engångsstädning.,Jönköping,"Saba Städtjänst AB är en städfirma i Jönköping (Söder) som erbjuder hemstädning, flyttstädning, kontorsstädning och storstädning till privatpersoner och företag i området.",,,,Aktiebolag,Ja,5,5,,,,Kontaktformulär på webbplats,,,,https://maps.google.com/?cid=6302828499664443093,ChIJM516Uw9zWkYR1Ra1aiAleFc,"Low/Medium — Egen webbplats hittad och bekräftar tjänsteutbud, men org.nr kunde inte slutgiltigt fastställas mot allabolag/ratsit i denna session, och telefon/e-post gick inte att extrahera med säkerhet från webbplatsens kontaktsida. Grundår, anställda, priser och certifieringar saknas och lämnas tomma enligt instruktion att aldrig gissa.",https://www.sabastadtjanst.se,2026-07-04
Rena Höjder,,,Gjuterigatan 9,553 18,Jönköping,Centrum,,,,,https://places.googleapis.com/v1/places/ChIJvWKKLfJtWkYR2z2kIVO6aOQ/photos/AaVGc3kEjMn7rBRwMZrdF1bEHlcWWMBVWOrdsMys_t5vtHLpDeZdS-jlSXqTvU65iMZbY0Oy-JKTT4DwymN14TtjHHTYah_CiuafdKAdm01Sb6xiWs5jCl0PMApDKbZ68L_tyL6xUrFWUlS6Jjr5boVZ0T3fCSrBaa3fwhCS-NVycFNh45OW2_zBWaD1bUKCVVAu3FgmXO9Te67FGJMl6HW4CLAylSoor1OwbS1q6bBhVyCJ_WD7aHD-zZcVS4LPtatVnXbWujocTsn1yVF6UoEC-8hBOVfLLKZW4G1h6VjqUDazxgxv-UF_usYgfKzKOeSEC7egoyfRAEKwYvjxlNgFTdGfhJIe_tVOofRjAx5VVd3ufZaIF9AtF9wZKQZrCYCggIqs2vssOeV0P6ltMva-EZd1BrJTIfl6XufE5584h4ihInh2tZ-AIndmnv61jg/media?maxWidthPx=400&key=AIzaSyAgucJSAxcE0tpOe1l47Xy0Rw4QehRSg94,,,,,,,,,Okänt,,,,,,,,,,https://maps.google.com/?cid=16458609704434941403,ChIJvWKKLfJtWkYR2z2kIVO6aOQ,"Low - Could not identify a website, phone, or registry entry matching this exact business name at Gjuterigatan 9, Jönköping. Web search surfaced only a same-named but unrelated drone-based facade/roof/window washing company (renahojder.se, founded 2025 by Axel Jacobsson & Oskar Celander, no listed address matching Gjuterigatan 9) - this appears to be a different 'Rena Höjder' and was NOT used as the source for this row given the address mismatch. No allabolag.se/ratsit.se entry found under this exact name at this address. All enrichment fields left blank per anti-fabrication rule.",Google Places (backbone data only); ExaSearch queries for 'Rena Höjder Gjuterigatan 9 Jönköping' and 'Rena Höjder städfirma Jönköping hemstädning' returned no matching business,2026-07-04
Liniq städ & hemservice ab,Liniq Städ & Hemservice AB,559571-7868,Brunnsgatan 30,553 17,Jönköping,Centrum,,,,https://www.google.com/s2/favicons?domain=hitta.se&sz=128,https://places.googleapis.com/v1/places/ChIJMzgJFjltWkYRTnKyuB7pZy0/photos/AaVGc3kEjMn7rBRwMZrdF1bEHlcWWMBVWOrdsMys_t5vtHLpDeZdS-jlSXqTvU65iMZbY0Oy-JKTT4DwymN14TtjHHTYah_CiuafdKAdm01Sb6xiWs5jCl0PMApDKbZ68L_tyL6xUrFWUlS6Jjr5boVZ0T3fCSrBaa3fwhCS-NVycFNh45OW2_zBWaD1bUKCVVAu3FgmXO9Te67FGJMl6HW4CLAylSoor1OwbS1q6bBhVyCJ_WD7aHD-zZcVS4LPtatVnXbWujocTsn1yVF6UoEC-8hBOVfLLKZW4G1h6VjqUDazxgxv-UF_usYgfKzKOeSEC7egoyfRAEKwYvjxlNgFTdGfhJIe_tVOofRjAx5VVd3ufZaIF9AtF9wZKQZrCYCggIqs2vssOeV0P6ltMva-EZd1BrJTIfl6XufE5584h4ihInh2tZ-AIndmnv61jg/media?maxWidthPx=400&key=AIzaSyAgucJSAxcE0tpOe1l47Xy0Rw4QehRSg94,Lokalvård,,Jönköping,,2026,,0 (nyregistrerat 2026),Aktiebolag,Okänt,,,,,,,,,,https://maps.google.com/?cid=3271839972464947790,ChIJMzgJFjltWkYRTnKyuB7pZy0,"Medium - Registry entry (hitta.se/SYNA, org.nr 559571-7868) confirms exact legal name, address match to Brunnsgatan 30, and SNI 81210 (Lokalvård), registered 2026-02-10. No dedicated company website, phone, or social media presence found despite targeted searches, so contact/service-detail fields are blank. Board: Linnéa Leijon (styrelseledamot), Jan Anders Lejon & Lisbeth Lejon (styrelsesuppleanter) - not populated as 'founder' since role is unclear (suppleant vs. actual founder).",hitta.se/verksamhet/liniq-stad-och-hemservice-ab-lllcrxzh; upplysningar.syna.se/foretag/5595717868/liniq-stad--hemservice-ab,2026-07-04
QT Services,,,Östra Storgatan 71,553 21,Jönköping,Östra,+46103308444,,,,https://places.googleapis.com/v1/places/ChIJ55qLXMNtWkYRy3yOIZ7rk84/photos/AaVGc3kEjMn7rBRwMZrdF1bEHlcWWMBVWOrdsMys_t5vtHLpDeZdS-jlSXqTvU65iMZbY0Oy-JKTT4DwymN14TtjHHTYah_CiuafdKAdm01Sb6xiWs5jCl0PMApDKbZ68L_tyL6xUrFWUlS6Jjr5boVZ0T3fCSrBaa3fwhCS-NVycFNh45OW2_zBWaD1bUKCVVAu3FgmXO9Te67FGJMl6HW4CLAylSoor1OwbS1q6bBhVyCJ_WD7aHD-zZcVS4LPtatVnXbWujocTsn1yVF6UoEC-8hBOVfLLKZW4G1h6VjqUDazxgxv-UF_usYgfKzKOeSEC7egoyfRAEKwYvjxlNgFTdGfhJIe_tVOofRjAx5VVd3ufZaIF9AtF9wZKQZrCYCggIqs2vssOeV0P6ltMva-EZd1BrJTIfl6XufE5584h4ihInh2tZ-AIndmnv61jg/media?maxWidthPx=400&key=AIzaSyAgucJSAxcE0tpOe1l47Xy0Rw4QehRSg94,Städtjänster|Flytt & Städ,,Jönköping,QT Services är en verksamhet baserad i Jönköping specialiserad inom städtjänster (Flytt & Städ).,,,,,Okänt,5,1,,,,,,,,https://maps.google.com/?cid=14885500257789967563,ChIJ55qLXMNtWkYRy3yOIZ7rk84,"Low-Medium - Address and phone (+46103308444) independently confirmed across 4 aggregator directory listings (allaproffs.hk-r.se, kollen.hk-r.se, hittat.hk-r.se, stenkoll.hk-r.se), all consistently describing the business as 'QT Service - Flytt & Städ'. However the actual website URL could not be extracted (aggregators mask the link as generic text 'Besök QT Servicess hemsida'), and a domain candidate (qtservices.se) could not be confirmed as belonging to this specific Jönköping firm vs. being expired/repurposed. No allabolag.se/ratsit.se registry entry found under this name. Legal name, org number, founded year, employees left blank.",allaproffs.hk-r.se/qt-services---212962; kollen.hk-r.se/qt-services---212962; hittat.hk-r.se/qt-services---212962; stenkoll.hk-r.se/qt-services---212962,2026-07-04
Mr Cleaning AB,Mr. Cleaning Sweden AB,559553-1400,Gnejsvägen 2,553 03,Jönköping,Väster,070-026 02 62,info@mrcleaning.se,https://mrcleaning.se/,https://mrcleaning.se/wp-content/uploads/2025/11/logo.png,https://places.googleapis.com/v1/places/ChIJXyBgyiBtWkYRlPJXzgcu9ys/photos/AaVGc3kEjMn7rBRwMZrdF1bEHlcWWMBVWOrdsMys_t5vtHLpDeZdS-jlSXqTvU65iMZbY0Oy-JKTT4DwymN14TtjHHTYah_CiuafdKAdm01Sb6xiWs5jCl0PMApDKbZ68L_tyL6xUrFWUlS6Jjr5boVZ0T3fCSrBaa3fwhCS-NVycFNh45OW2_zBWaD1bUKCVVAu3FgmXO9Te67FGJMl6HW4CLAylSoor1OwbS1q6bBhVyCJ_WD7aHD-zZcVS4LPtatVnXbWujocTsn1yVF6UoEC-8hBOVfLLKZW4G1h6VjqUDazxgxv-UF_usYgfKzKOeSEC7egoyfRAEKwYvjxlNgFTdGfhJIe_tVOofRjAx5VVd3ufZaIF9AtF9wZKQZrCYCggIqs2vssOeV0P6ltMva-EZd1BrJTIfl6XufE5584h4ihInh2tZ-AIndmnv61jg/media?maxWidthPx=400&key=AIzaSyAgucJSAxcE0tpOe1l47Xy0Rw4QehRSg94,Byggstädning|Storstädning|Kontorsstädning|Hemstädning|Fönsterputs|Flyttstädning|Flytt|Mattorrengöring,Byggstädning: konstruktion/efter-bygg städning; Storstädning: djupgående helstädning; Kontorsstädning: städning av kontorslokaler; Hemstädning: återkommande städning av hem; Fönsterputs: fönsterrengöring; Flyttstädning: städning vid flytt med fokus på besiktningsklart resultat; Mattorrengöring: rengöring av mattor,Jönköping|Tranås|Värnamo|Nässjö|Eksjö|Sävsjö|Vetlanda|Habo|Mullsjö|Gnosjö|Gislaved|Vaggeryd,"MR.Cleaning AB är en nystartad, professionell städfirma i Jönköping som erbjuder hållbara städlösningar med miljömärkta produkter, elbilar och vatten-/kemikaliesnåla metoder. Företaget lovar 100% nöjdhetsgaranti, inga långa bindningstider och tydliga, rättvisa priser. Målet är att bli den mest pålitliga städfirman i Jönköping genom flexibilitet, transparens och lokalt engagemang.",2025,,"0 (nyregistrerat, uppgift om anställda ej rapporterad)",Aktiebolag,Okänt,5,1,Anders L. (Jönköping): 'Slitit med att hitta en pålitlig städare i Jönköping. Nu är det ett problem som är löst! De kommer alltid i tid och städar jättenoga.' | Sara M. (Huskvarna): 'Att boka en hemstädning via er har varit en livräddare... Fem stjärnor!' | Filip K. (Vetlanda): 'Äntligen ett städföretag i Vetlanda som tar sin tid och gör ett riktigt grundligt jobb.',hitta.se: 4.5/5 (2 omdömen),,"Online bokningsformulär på webbplatsen (namn, företag, e-post, telefon, önskad tjänst, stad, yta, datum) samt kostnadsfri offert","Rättvisa/transparenta priser, kostnadsfri offert - inga exakta priser publicerade",,,https://maps.google.com/?cid=3168051473939952276,ChIJXyBgyiBtWkYRlPJXzgcu9ys,"High - Website (mrcleaning.se) and registry (hitta.se, org.nr 559553-1400, SNI 49420 Flyttjänster + 81210 Lokalvård, registered 2025-11-05, F-skatt/moms Ja) both confirm identical address (Gnejsvägen 2, Jönköping) and phone number. Gap: no founder name, employee count, RUT-avdrag status, languages, or social media links disclosed on-site or in registry.",https://mrcleaning.se/; https://mrcleaning.se/om-oss/; https://mrcleaning.se/kontakt/; hitta.se/verksamhet/mr-cleaning-sweden-ab-cqteeico,2026-07-04
Vätterbygdens Städ AB,Vätterbygdens Städ AB,559339-5097,Gjuterigatan 9,553 18,Jönköping,Centrum,,,https://vatterbygdensstad.se/,https://www.google.com/s2/favicons?domain=vatterbygdensstad.se&sz=128,https://places.googleapis.com/v1/places/ChIJ-S3eNExtWkYROALFZqHiDkI/photos/AaVGc3kEjMn7rBRwMZrdF1bEHlcWWMBVWOrdsMys_t5vtHLpDeZdS-jlSXqTvU65iMZbY0Oy-JKTT4DwymN14TtjHHTYah_CiuafdKAdm01Sb6xiWs5jCl0PMApDKbZ68L_tyL6xUrFWUlS6Jjr5boVZ0T3fCSrBaa3fwhCS-NVycFNh45OW2_zBWaD1bUKCVVAu3FgmXO9Te67FGJMl6HW4CLAylSoor1OwbS1q6bBhVyCJ_WD7aHD-zZcVS4LPtatVnXbWujocTsn1yVF6UoEC-8hBOVfLLKZW4G1h6VjqUDazxgxv-UF_usYgfKzKOeSEC7egoyfRAEKwYvjxlNgFTdGfhJIe_tVOofRjAx5VVd3ufZaIF9AtF9wZKQZrCYCggIqs2vssOeV0P6ltMva-EZd1BrJTIfl6XufE5584h4ihInh2tZ-AIndmnv61jg/media?maxWidthPx=400&key=AIzaSyAgucJSAxcE0tpOe1l47Xy0Rw4QehRSg94,Kontorsstädning|Flyttstädning|Byggstädning,"Kontorsstädning: städning av kontorslokaler; Flyttstädning: städning inför flytt/besiktning, 15% rabatt vid onlinebokning, fastpris och städgaranti; Byggstädning: städning efter byggarbete",Jönköping|Värnamo|Nässjö,"Vätterbygdens Städ AB är en miljövänlig städfirma i Jönköping med fokus på kundbemötande i världsklass, rätt kompetens för kundens behov, nöjd kundgaranti och schyssta priser. Ledorden är kundfokus, engagemang och kvalité. Vill vara en hållbar partner för personal, kunder och miljö och följer alltid gällande arbetsmiljölagar.",,,,Aktiebolag,Okänt,,,,,,Onlinebokning på webbplatsen (15% rabatt vid bokning av flyttstädning online),"Fastpris, städgaranti, 15% rabatt vid onlinebokning av flyttstädning",,,https://maps.google.com/?cid=4759991039018992184,ChIJ-S3eNExtWkYROALFZqHiDkI,"Medium-High - Website (vatterbygdensstad.se) confirms company name, Jönköping focus and service list; org number (559339-5097, Aktiebolag) identified via prior registry search matching legal name exactly. Address on backbone (Gjuterigatan 9) not independently re-confirmed via a registry address field in this pass, and phone/email/founder/employee count not published on-site or found in registry excerpt.",https://vatterbygdensstad.se/; https://vatterbygdensstad.se/om-oss; https://vatterbygdensstad.se/kontakt,2026-07-04
Darya Städ,,,Östra Storgatan 33A,553 21,Jönköping,Östra,,,,,https://places.googleapis.com/v1/places/ChIJBe5riaJtWkYRjPvf9t0oPW8/photos/AaVGc3kEjMn7rBRwMZrdF1bEHlcWWMBVWOrdsMys_t5vtHLpDeZdS-jlSXqTvU65iMZbY0Oy-JKTT4DwymN14TtjHHTYah_CiuafdKAdm01Sb6xiWs5jCl0PMApDKbZ68L_tyL6xUrFWUlS6Jjr5boVZ0T3fCSrBaa3fwhCS-NVycFNh45OW2_zBWaD1bUKCVVAu3FgmXO9Te67FGJMl6HW4CLAylSoor1OwbS1q6bBhVyCJ_WD7aHD-zZcVS4LPtatVnXbWujocTsn1yVF6UoEC-8hBOVfLLKZW4G1h6VjqUDazxgxv-UF_usYgfKzKOeSEC7egoyfRAEKwYvjxlNgFTdGfhJIe_tVOofRjAx5VVd3ufZaIF9AtF9wZKQZrCYCggIqs2vssOeV0P6ltMva-EZd1BrJTIfl6XufE5584h4ihInh2tZ-AIndmnv61jg/media?maxWidthPx=400&key=AIzaSyAgucJSAxcE0tpOe1l47Xy0Rw4QehRSg94,,,,,,,,,Okänt,,,,,,,,,,https://maps.google.com/?cid=8015607845584108428,ChIJBe5riaJtWkYRjPvf9t0oPW8,"Low - WEBSITE/BUSINESS NOT FOUND. Multiple targeted searches (name + address, name + city, allabolag.se lookups) found no business named 'Darya Städ' at or near Östra Storgatan 33A, Jönköping. The closest name matches found were unrelated entities: 'Darias Städ AB' (org 559468-4812, actually named Abd Partner AB, located in Järfälla - not Jönköping) and several other Jönköping städfirmor with different names (Städdax, Städkvalitet, LW Städ, Vi fixar städet) that do not match 'Darya' or this address. No website, phone, registry entry, or social media presence could be confirmed for this specific business. All enrichment fields left blank per anti-fabrication rule.","Google Places (backbone data only); ExaSearch queries 'Darya städ Jönköping Östra Storgatan' and '""Darya"" städ Jönköping AB org nummer allabolag' returned no matching business",2026-07-04
SENOVA AB,Senova AB,559530-7314,Kungsgatan 9,553 31,Jönköping,Centrum,036-400 46,info@senova.se,https://senova.se/,https://senova.se/wp-content/uploads/2025/11/logo_transperent-170x26.png,https://places.googleapis.com/v1/places/ChIJ9UvmhNdtWkYRMxBRX8gXy4A/photos/AaVGc3kEjMn7rBRwMZrdF1bEHlcWWMBVWOrdsMys_t5vtHLpDeZdS-jlSXqTvU65iMZbY0Oy-JKTT4DwymN14TtjHHTYah_CiuafdKAdm01Sb6xiWs5jCl0PMApDKbZ68L_tyL6xUrFWUlS6Jjr5boVZ0T3fCSrBaa3fwhCS-NVycFNh45OW2_zBWaD1bUKCVVAu3FgmXO9Te67FGJMl6HW4CLAylSoor1OwbS1q6bBhVyCJ_WD7aHD-zZcVS4LPtatVnXbWujocTsn1yVF6UoEC-8hBOVfLLKZW4G1h6VjqUDazxgxv-UF_usYgfKzKOeSEC7egoyfRAEKwYvjxlNgFTdGfhJIe_tVOofRjAx5VVd3ufZaIF9AtF9wZKQZrCYCggIqs2vssOeV0P6ltMva-EZd1BrJTIfl6XufE5584h4ihInh2tZ-AIndmnv61jg/media?maxWidthPx=400&key=AIzaSyAgucJSAxcE0tpOe1l47Xy0Rw4QehRSg94,Hemstädning|Storstädning|Fönsterputs|Flyttstädning|Trädgårdshjälp|Kontorsstädning,"Hemstädning: löpande städning för ett rent och harmoniskt hem; Storstädning: nystädat hem, perfekt för stora och små tillfällen; Fönsterputs: regelbunden eller enstaka fönsterrengöring; Flyttstädning: skinande rent hem redo för besiktning; Trädgårdshjälp: trädgårdsskötsel; Kontorsstädning: städning som stärker företagets varumärke",Jönköping,"Senova AB skapar mer tid och mindre stress i kundernas vardag genom hög kvalitet, personlig omtanke och detaljfokus, med målet att hem och trädgårdar blir rena, välskötta och trivsamma miljöer. Erbjuder skräddarsydda lösningar för både privatpersoner och företag med fokus på trygghet och långsiktiga kundrelationer.",2025,,,Aktiebolag,Okänt,5,2,,,,,,,,https://maps.google.com/?cid=9280537606487085107,ChIJ9UvmhNdtWkYRMxBRX8gXy4A,"High - Website (senova.se) confirms exact address (Kungsgatan 9D, 553 31 Jönköping matches backbone Kungsgatan 9), phone (036-400 46) and email (info@senova.se, faktura@senova.se). Registry (SYNA/hitta.se, org.nr 559530-7314, SNI 81210 Lokalvård, registered 2025-05-13, Aktiebolag, F-skatt/moms Ja) confirms legal name and address match. Board: George Nisan (VD/styrelseordförande), Basel Andraos, Peter Chanko (styrelseledamöter) - not populated as 'founder' since registry does not explicitly label a founder role, only board/executive positions. Gap: employee count, booking method, pricing, certifications, RUT status, and social links not published.",https://senova.se/; https://senova.se/tjanster; upplysningar.syna.se/foretag/5595307314/senova-ab; hitta.se/företagsinformation/senova+ab/5595307314,2026-07-04
Transist - Flytt & Städ firma,Transist Handelsbolag,969801-6160,Sälggatan 5,554 58,Jönköping,Söder,036-338 00 38,,https://transistab.se/,https://www.google.com/s2/favicons?domain=transistab.se&sz=128,https://places.googleapis.com/v1/places/ChIJNUueVDAd_WURWRagC8FeC-E/photos/AaVGc3kEjMn7rBRwMZrdF1bEHlcWWMBVWOrdsMys_t5vtHLpDeZdS-jlSXqTvU65iMZbY0Oy-JKTT4DwymN14TtjHHTYah_CiuafdKAdm01Sb6xiWs5jCl0PMApDKbZ68L_tyL6xUrFWUlS6Jjr5boVZ0T3fCSrBaa3fwhCS-NVycFNh45OW2_zBWaD1bUKCVVAu3FgmXO9Te67FGJMl6HW4CLAylSoor1OwbS1q6bBhVyCJ_WD7aHD-zZcVS4LPtatVnXbWujocTsn1yVF6UoEC-8hBOVfLLKZW4G1h6VjqUDazxgxv-UF_usYgfKzKOeSEC7egoyfRAEKwYvjxlNgFTdGfhJIe_tVOofRjAx5VVd3ufZaIF9AtF9wZKQZrCYCggIqs2vssOeV0P6ltMva-EZd1BrJTIfl6XufE5584h4ihInh2tZ-AIndmnv61jg/media?maxWidthPx=400&key=AIzaSyAgucJSAxcE0tpOe1l47Xy0Rw4QehRSg94,Flytthjälp|Flyttstädning,"Flytthjälp: professionell flyttservice i Jönköping; Flyttstädning: grundlig flyttstädning med besiktningsgaranti, miljövänliga produkter, RUT-avdrag möjligt",Jönköping|Tranås,"Transist erbjuder professionell flytt- och städservice med dedikerad tjänstesida för Jönköping. Företagets registrerade kontor (Transist Handelsbolag) ligger i Tranås (Bäckagatan 36), men man har en tydlig lokal närvaro och tjänsteutbud riktat mot Jönköping, som anges som backbone-adress (Sälggatan 5).",,,,Handelsbolag,Ja,5,6,,,,Boka online eller ring för kostnadsfri offert,"Kostnadsfri offert, RUT-avdrag möjligt på flyttstädning",,,https://maps.google.com/?cid=16216159066494342745,ChIJNUueVDAd_WURWRagC8FeC-E,"Medium - IMPORTANT DISCREPANCY: website (transistab.se) confirms a dedicated 'flytt-jonkoping' service page and phone number pattern matching Jönköping-area service, but the only matching registry entity found ('Transist handelsbolag', org.nr 969801-6160) is registered in TRANÅS (Bäckagatan 36, phone 036-338 00 38), not Jönköping, and is a Handelsbolag (not the 'firma' implied by backbone name). It is unclear whether the Sälggatan 5, Jönköping address (backbone) represents a genuine branch/service office or if this business primarily operates from Tranås and simply serves Jönköping customers. Org number, legal_form, and phone are reported from the Tranås registry entry with this caveat; legal_name may not exactly correspond to the Jönköping-listed 'Transist - Flytt & Städ firma' trading name. Founder, employees, email not found.","https://transistab.se/; https://transistab.se/tjanster/flytt-jonkoping; https://transistab.se/tjanster/flytt-tranas (registry/address for Bäckagatan 36, Tranås, org.nr 969801-6160)",2026-07-04
Asoxxa AB,Asoxxa AB,556706-5338,Kompanigatan 1-2,553 05,Jönköping,Väster,+46707489467,,http://www.asoxxa.se/,https://www.google.com/s2/favicons?domain=asoxxa.se&sz=128,https://places.googleapis.com/v1/places/ChIJUbYkFhFtWkYRaFNbDnqtkdU/photos/AaVGc3kEjMn7rBRwMZrdF1bEHlcWWMBVWOrdsMys_t5vtHLpDeZdS-jlSXqTvU65iMZbY0Oy-JKTT4DwymN14TtjHHTYah_CiuafdKAdm01Sb6xiWs5jCl0PMApDKbZ68L_tyL6xUrFWUlS6Jjr5boVZ0T3fCSrBaa3fwhCS-NVycFNh45OW2_zBWaD1bUKCVVAu3FgmXO9Te67FGJMl6HW4CLAylSoor1OwbS1q6bBhVyCJ_WD7aHD-zZcVS4LPtatVnXbWujocTsn1yVF6UoEC-8hBOVfLLKZW4G1h6VjqUDazxgxv-UF_usYgfKzKOeSEC7egoyfRAEKwYvjxlNgFTdGfhJIe_tVOofRjAx5VVd3ufZaIF9AtF9wZKQZrCYCggIqs2vssOeV0P6ltMva-EZd1BrJTIfl6XufE5584h4ihInh2tZ-AIndmnv61jg/media?maxWidthPx=400&key=AIzaSyAgucJSAxcE0tpOe1l47Xy0Rw4QehRSg94,Flyttstädning|Lokalvård|Hushållstjänster,Flyttstädning: städning vid flytt; Lokalvård/Hushållstjänster: allmän städning och hushållsnära tjänster för privatpersoner och företag,Jönköping,"Asoxxa (kallas även Vardagshjältar) startades av Lesya Andersson 2009 som enmansföretag och har vuxit till ca 10 anställda. Företaget erbjuder arbetstillfällen som hjälper till att integrera individer i det svenska samhället, med språkstöd på modersmål, engelska och svensklektioner. NOT: Registret (allabolag.se) för org.nr 556706-5338 listar en annan verksamhetsbeskrivning (IT/mjukvara, skogsentreprenad, fastigheter, med städ som sekundär verksamhet) och en Huskvarna-adress (Ådalsvägen 22, c/o Johan Andersson) - se confidence-notering.",2009,Lesya Andersson,10,Aktiebolag,Okänt,5,3,,,,Kostnadsfri offert via telefon,,Svenska|Engelska|flera modersmål (enligt egen beskrivning),https://linkedin.com/company/asoxxa-ab,https://maps.google.com/?cid=15389272141440177000,ChIJUbYkFhFtWkYRaFNbDnqtkdU,"Medium - IMPORTANT DISCREPANCY: Address (Kompanigatan 1-2), phone (+46707489467) and website (asoxxa.se, though currently redirecting to an unrelated IT-consulting site 'Uplinx AB') are independently confirmed via 3 directory sources (yoys.se, allastadforetag.se, foretagsproffs.advokater24.nu) as a dedicated cleaning firm ('städfirma') founded by Lesya Andersson in 2009 with ~10 employees. However, the only 'Asoxxa AB' entry in allabolag.se (org.nr 556706-5338) is registered at a DIFFERENT address (Ådalsvägen 22, Huskvarna, c/o Johan Andersson, since 2006) with a primarily IT/software/forestry business description, listing cleaning only as a secondary activity, and LinkedIn lists Johan Andersson (not Lesya Andersson) as the sole employee/owner. It is possible these are the same legal entity operating from two addresses/described differently across sources, or two distinct entities sharing the name 'Asoxxa AB' - this could NOT be conclusively resolved. Org number is reported with this significant caveat; founder/employees/founded_year reflect the Kompanigatan-specific business description (allastadforetag.se), which may not align with the org number's officially registered founder.",https://www.allastdfretag.se/foretag/asoxxa-ab (allastadforetag.se); https://www.yoys.se/phone-46-707489467-städfirma-Jönköping-SE45570.html; https://foretagsproffs.advokater24.nu/asoxxa-ab---18317; allabolag.se/foretag/asoxxa-ab/huskvarna (org.nr 556706-5338); linkedin.com/company/asoxxa-ab,2026-07-04
Klassiska städ Jönköping,Klassiska Städ i Jönköping AB,559303-1147,Värnamovägen 2,553 39,Jönköping,Söder,072-885 30 30,info@klassiskastad.se,https://klassiskastad.se/,https://mlftr2hmrtdg.i.optimole.com/w:32/h:32/q:mauto/f:best/dpr:2/https://klassiskastad.se/wp-content/uploads/2022/09/cropped-Klassiska-Sta%CC%88d-Logo.webp,https://places.googleapis.com/v1/places/ChIJ4WtrZbdtWkYRf08h27TWCCY/photos/AaVGc3mgd9_M7_TrR8--9Gq6s8UWAwJCFlL_OZ-kAkeqMJ1uGOAYtIfrGy0YzGD4MRvyRYN2dMTF8zubOv5u4sqYvsPok6ftd7d28apLPrp2cNd5-jUevNXL6jpNSXZH1hd98RLBc69FcKoxrn40hesaUznSP3RhSDDHz2RFNbrUzm5H50jhw5vZcS9TmpFDQTykiVbfHxSUOsI-Ce-i6k53qTqKw7Z2nonHkxD_QY4j_IGoEgV7QcR8GPNMeZtU9faUKzIRCG6djg1XLy1vfY5ZqDlZlGfzXbveoy4w4JcjZYD3BEzwuiHZJfDnUNHLTXsmvMxX6JHpbGyvb2-5E-KS0hDUYygvjNZQj_4oqqvai1l5b0nwTmwVFQlJmbMY4uQXYBRfJ_HBmsU6Yc6vc4Urts12Lia_97PIOQw2BInOrfFDZpM6/media?maxWidthPx=400&key=AIzaSyAgucJSAxcE0tpOe1l47Xy0Rw4QehRSg94,Hemstädning|Kontorsstädning|Flyttstädning|Fönsterputsning|Visningsstädning|Storstädning,"Hemstädning: regelbunden städning av privatbostäder anpassad efter kundens schema och behov. Kontorsstädning: professionell städning av kontors- och företagslokaler. Flyttstädning: grundlig städning vid ut- eller inflytt. Fönsterputsning: puts av fönster invändigt och/eller utvändigt, enstaka eller abonnemang. Visningsstädning: extra noggrann städning inför bostadsvisning.",Jönköping,"Klassiska Städ är ett lokalt städföretag i Jönköping som erbjuder hemstädning, kontorsstädning, flyttstädning, fönsterputsning och visningsstädning till privatpersoner och företag. Verksamheten startade i praktiken 2017 och bolaget registrerades som aktiebolag senare.",2017,,,Aktiebolag (AB),Ja,5,4,,,,Telefon|Kontaktformulär på webbplatsen|E-post,Pris lämnas efter offert/kontakt; RUT-avdrag tillämpas för privatkunder.,,,https://maps.google.com/?cid=2740676445513797503,ChIJ4WtrZbdtWkYRf08h27TWCCY,"High — Website (klassiskastad.se) directly confirms name, address area, services, contact details, and RUT eligibility. Minor uncertainty: practical start year (2017, stated on site/registry context) vs. possible later formal AB-registration date could differ slightly; exact org number sourced from registry aggregator (allabolag-type source) and not independently re-verified on Bolagsverket; employees count and certifications not stated anywhere found.",https://klassiskastad.se/ | https://klassiskastad.se/om-oss/ | https://klassiskastad.se/kontakt/ | allabolag.se (org.nr lookup),2026-07-04
Städdax I Jönköping AB,Städdax i Jönköping AB,556934-8955,Östra Storgatan 154,554 52,Jönköping,Östra,036-71 26 91,info@staddax.com,https://staddax.com/,https://usercontent.one/wp/staddax.com/wp-content/uploads/2020/11/cropped-staddax-2-32x32.png,https://places.googleapis.com/v1/places/ChIJGV1cMaBtWkYRKIxSUPSIK2A/photos/AaVGc3lkNTxJcPhthVozW0PhsY7lHY38ZsAVdZ4Nq9dcuPry4i0-HrO9O4t4B1eI96NpcsI-Sil4rJFN3Puj7WVxYLquhHbFo6cy4vXXH5Rt7ZsFckBwWhHUfduhqUFOf4mH389b0SRlR7gjmiJDraKY8Tu43ayRpyS8Id9EFUYUZWGZ1cZEfIjgfWkW2tiZnsS_95TO3oDUdniFYD1zBjaDstE5tdZ9RlykipJnsK_rrrMZhC0DbTuIJaS8B4SfatdLYRKiV---nlZPXphkIBclaeTCuj7v1ldNV9ehu1ZsiQBKrSG1KKD9sQP3USqz-7v75JYLSC3P4Hf3a4LKmWXUmGPJhdNICf3xft73EnU3RTWAlQUJtFHj18Lfcm4VUiqf8_sFcnTeVJQzvk3tiNE2fqgQTbAkRhBJwKRmrv1pgzvTFw/media?maxWidthPx=400&key=AIzaSyAgucJSAxcE0tpOe1l47Xy0Rw4QehRSg94,Kontorsstädning|Hemstädning|Privatstädning|Fönsterputsning|Flyttstädning|Trappstädning|Visningsstädning,"Kontorsstädning: städning av kontorslokaler för gott första intryck och trivsam arbetsmiljö. Hemstädning/Privatstädning: regelbunden städning i hemmet. Fönsterputsning: puts efter överenskommelse, abonnemang eller enstaka tillfällen. Flyttstädning: städning vid flytt från lägenhet, kontor eller villa. Trappstädning: städning av trapphus. Visningsstädning: städning inför bostadsvisning.",Jönköping,"Städdax är ett personligt städföretag i Jönköping som värnar om kundernas vardag. Företaget erbjuder städtjänster till både privat och offentlig sektor, med kunder som Medborgarskolan, Bygginvest och Jönköpings Bildemontering. Städdax har en 100% nöjd kund-garanti eller pengarna tillbaka.",,,,Aktiebolag (AB),Okänt,5,3,,,,Telefon|Kontaktformulär på webbplatsen,,,,https://maps.google.com/?cid=6929783034540624936,ChIJGV1cMaBtWkYRKIxSUPSIK2A,"Medium — Company website's dedicated kontakt/ page confirms 'Östra Storgatan 154, 554 52 Jönköping', matching the backbone address exactly, plus phone/email. However, the same website's homepage footer lists a different address ('Östra storgatan 57, 554 64 Jönköping'), an unresolved internal inconsistency (likely an outdated footer) — flagged here rather than acted on, since kontakt/ page and backbone data agree. RUT-avdrag not explicitly stated on site despite offering home cleaning (typically RUT-eligible in Sweden), so left as Okänt rather than assumed. Founded year, employees, and founder not found.",https://staddax.com/ | https://staddax.com/kontakt/ | allabolag.se (org.nr lookup),2026-07-04
Proputs Fönsterputs AB,Proputs Fönsterputs AB,,Kärrhöksgatan 26,556 12,Jönköping,Väster,,,https://www.proputs.nu/,https://usercontent.one/wp/www.proputs.nu/wp-content/uploads/2024/03/logo-1.png?media=1769686008,https://places.googleapis.com/v1/places/ChIJGXAjmjIMxkQRnN6V0uuLu7Y/photos/AaVGc3kNZr1rjnfijs71cd_7bN77jx1c6dWFASCwZADE3iEjCUWGgF4EP_WHSyYxisj9cq0CQ0rIYrA-vSSBkIhCrgoWrCOdxro8eszT0DnqJa3ibTfr1-oMk9LERV6UUvMHbJx2XLwAXooTfRut_u-oy4IwJ3CAUgcO-CVUw7oS5pR8Shd8WWXgK2arX5RkEdrRHlsPVYymDxsUzhy9blVlKo0kE6dB-O_lboL_9x26mqqM9Xq-OI5DHcwvQ4uZ4s6kBzty7kCUaf9oKHi0fpch43mhGy80wgIOVgV9x8kn1BdmEq3Ehbn0apzdN29NYEOdOeA6QtH9RN7zWAI2H1sBhDY1Ml2mp5Con6PlJhaWmqI-14hSZIJV5TQtUTwfONGNsBM5paRGbMlBeD_D2q_tUXSOLlJlBMYnsHdq2gZg50Fi9v1qiN1J5jVXMZWDcVIu/media?maxWidthPx=400&key=AIzaSyAgucJSAxcE0tpOe1l47Xy0Rw4QehRSg94,Fönsterputs|Solcellstvätt,Fönsterputs: professionell fönsterputsning för privatpersoner och företag. Solcellstvätt: rengöring av solpaneler för att bibehålla effektivitet.,Jönköping,"Proputs är ett fönsterputs- och solcellstvättföretag i Jönköping, grundat av Halit Kapan. Företaget har fått starkt positiva omdömen från kunder som namnger både företaget och grundaren.",,Halit Kapan,,Aktiebolag (AB),Okänt,5,72,,,,,,,,https://maps.google.com/?cid=13167271780514389660,ChIJGXAjmjIMxkQRnN6V0uuLu7Y,"Medium — Website (proputs.nu) confirms company name, service focus (window cleaning + solar panel washing), Jönköping location, and founder name Halit Kapan (corroborated by independent customer reviews naming him). Org number, phone, email, founded year, employees, and RUT-avdrag status were not found on the site or via registry search within available sources — left blank rather than guessed.",https://www.proputs.nu/ | customer review corroboration (founder name),2026-07-04
Ekbergs Fönsterputs & Städ AB,Ekbergs Fönsterputs & Städ AB,556656-7433,Linnégatan 2,554 54,Jönköping,Östra,076-814 56 43,jonkoping@ekbergsstad.se,https://ekbergsstad.se/,http://ekbergsstad.se/wp-content/uploads/2020/04/ekbergs-logo.png,https://places.googleapis.com/v1/places/ChIJyX_VEtltWkYRhqu2yECR5Wg/photos/AaVGc3n3Sz8pg0jiJq2HmdnUBgTCdGYXatnGUxMlU0Pu3-MDFXMjh3UwWqEirVpb_XEv1iH4jUv4a6b23wtn33sIb2-S9MNFomEick4SRh1Sw2LiNk37HTzD9obzaZujMVslHJSOkPCdo7my-7RwFnacrLuowE6tseFIHgpnJc3jJL8Wf_4HbtMoU_-Er-RPJPNrGgPzMXuG3NOwcnj6h-VnJLElJ8xGb6GpKAIuAmGr0cWARRTCHWWCVW_21uiWhsb3nJIXeANfoH7hJjqhWPFRfqoDcjtj-Hcz_Ek2HpYN0U1PqXKFjuv34tD4vSN48WCXCTAqNCQZOdzQAnn8mX7nq_ZsHiOZWRERvUc2ar9tJrkfVnVnj6TNcQqq9lRJ5A_KUCNm7JgVPafJwQ05p6-vhCoe_Fv2KwIT3y2AIQxeKfCe4B8/media?maxWidthPx=400&key=AIzaSyAgucJSAxcE0tpOe1l47Xy0Rw4QehRSg94,Fönsterputs|Hemstädning|Kontorsstädning|Flyttstädning|Storstädning|Golvvård|Sanering|Fasadrengöring,"Fönsterputs: fönsterputsning för alla typer av boenden och företag, enstaka tillfälle eller abonnemang, in- och utvändigt. Hemstädning: regelbunden städning av hem. Kontorsstädning: anpassad företagsstädning efter verksamhetens schema. Flyttstädning: noggrann städning vid flytt. Storstädning: grundlig helhetsstädning. Golvvård: rengöring och underhåll av golv. Sanering och fasadrengöring: erbjuds som del av det bredare tjänsteutbudet.","Jönköping (kontor på Linnégatan 2, mittemot Rosenlundsbadet, nära Elmia); företaget har även kontor i Kinna, Borås, Svenljunga, Ulricehamn och Varberg","Ekbergs Fönsterputs & Städ AB grundades 1981 av Lennart Ekberg, som började med att cykla runt och putsa fönster i Skene. Företaget är idag ett av de ledande lokala städföretagen i Sjuhärad med omnejd och har cirka 130 medarbetare fördelat på sex kontor: Kinna (huvudkontor), Borås, Svenljunga, Ulricehamn, Jönköping och Varberg. Jönköpingskontoret på Linnégatan 2 leds av arbetsledare Amela Crnojevic. Nuvarande VD för koncernen är Mathias Eriksson.",1981,Lennart Ekberg,"~130 (företaget totalt, samtliga 6 kontor)",Aktiebolag (AB),Ja,5,3,,,,Telefon|Kontaktformulär på webbplatsen,Exempel introduktionspriser (jubileumserbjudande): Hemstäd abonnemang 166 kr/tim inkl moms och efter RUT; Fönsterputsabonnemang 200 kr inkl moms och efter RUT.,,,https://maps.google.com/?cid=7558607257042594694,ChIJyX_VEtltWkYRhqu2yECR5Wg,"Medium-High — This is a well-documented multi-city company; org number, founding story, founder, and current leadership are confirmed via the company's own site and registry-adjacent sources. Important structural note: legal headquarters is in Kinna (Slättängsgatan 4, 511 57), not Jönköping — the Linnégatan 2 address is a confirmed local branch office (site explicitly lists Jönköping among its office locations with a named local team leader), so backbone street_address is a legitimate branch location, not a mismatch. Employee count of ~130 is company-wide (across all 6 offices), not Jönköping-office-specific — no Jönköping-only headcount was found, so this is noted as an approximation rather than fabricated as exact. A separate structured-data field elsewhere suggested '13' employees, which appears stale/unreliable compared to the direct site text ('drygt 130 medarbetare') — the direct text was used as more trustworthy.","https://ekbergsstad.se/ | https://ekbergsstad.se/stadtjanster-jonkoping/ | https://ekbergsstad.se/stadtjanster-privatpersoner/fonsterputs-jonkoping/ | https://ekbergsstad.se/kontakt/ | registry aggregator (org.nr, Kinna HQ address)",2026-07-04
Eco Miljövänlig Städ i Jönköping,,,Östra Storgatan 107,554 52,Jönköping,Östra,,,https://ecostad-jkpg.com/,,https://places.googleapis.com/v1/places/ChIJA-6MDqVzWkYRffOgfXR21qE/photos/AaVGc3nyDfJPJYTf6YJifYitQttBLimudR_2fT0-FJ0EQ_ipFz4fj08q36MFynmTx5e4cBsOc7iqerm0wREn8EJN0WTB41bO9m-Obn3LYrZBKeRnytTTxQJvhFcv8FquvQ0_GCahw3toLnF2mZBv9yD-X66Q-tRRqrCX5Cv-lchH3w-cB-VYl_FwlY8c7ftM_Z-ClICqkNakrApaYT3Ftf2w9F3c0v7RwkwmWUUdswpUP5MD3V5oWCB0e_htUvV79eziG6uLbKd7w0n4A9gw8Z42jnx8hejJ5FLUY_HI5gAUl1ocmLq8UrbwW6EP1iQCyEEcTTa5-X_l1ZF8yQbx3fw79k2KwaUrl1RKM2CL5v_ET0bWrTA8npl4d6hMNcjRrDLr6m9xD8omKljIYL0V7nc541OiOzKE5XIExjHgTUjGihJAig/media?maxWidthPx=400&key=AIzaSyAgucJSAxcE0tpOe1l47Xy0Rw4QehRSg94,Miljövänlig städning,,Jönköping,,,,,,Okänt,5,4,,,,,,,,https://maps.google.com/?cid=11661638527818462077,ChIJA-6MDqVzWkYRffOgfXR21qE,"Low-Medium — Website domain (ecostad-jkpg.com) was identified via a third-party business directory (foretagsproffs.advokater24.nu) explicitly listing it as this firm's 'Hemsida', but the site itself could not be directly verified: three separate attempts to fetch its homepage/kontakt/om-oss pages all failed with HTTP 503 errors (site currently unreachable or blocking crawlers). Three independent third-party sources consistently give a different address (Fogdegatan 1A, 554 54 Jönköping) than the backbone data (Östra Storgatan 107) — this is a real, repeated discrepancy, not a single-source error, but per instructions the backbone address is preserved verbatim; the conflict is flagged here rather than resolved. No phone, email, org number, founded year, or detailed services could be confirmed from a directly-verified first-party source, so those fields are left blank rather than fabricated from the unverified website.","foretagsproffs.advokater24.nu (domain identification + alternate address) | ecostad-jkpg.com (domain unreachable, HTTP 503, content not independently verified)",2026-07-04
Prisma Fönsterputs,,,Strandängsgatan 7C,553 09,Jönköping,Centrum,,,,,https://places.googleapis.com/v1/places/ChIJu-IWrcNtWkYR-IIV6SW4du4/photos/AaVGc3no3_smQB9Nu5ZriWD3aYdzy0TZd6Wg7fbf-9HM8rJIa-O2enG1hBwRsA5elegdUxFV61DBAWyn2g3vj5Tro8-sadK9zTScoIQvXCz-FprdudDGHJmWj43fXdzR_BehR2y2r80ALiWVMiqyseG2H_qI3ogqFvCT5ywJStMrP3MMMsLMOgaP_VnqNWP1Wrap6P0jfRbA-pmp0Ah7iOaEeNMBqsfF2JISvGoBw9C_4eu9rdiuYEyo2JcNMs1l8RjFw8XBc7r024XCMi3kr1OJXof6b86Wfqk6yf0K3KQYw-VdjOw-6pOCaM5OnJ9QWBqQgnjV5FVwW4r19syONSdBr1TZpn5lQBuRaPoJcB7irMZttgwCEOYbFniyfVxnmrW08taDChN2ujdx3V8ZKhfVxtf3D6m2CXCYvR1yXpxPVXKnqK-NpBHtJCkIaKSuMttQ/media?maxWidthPx=400&key=AIzaSyAgucJSAxcE0tpOe1l47Xy0Rw4QehRSg94,Fönsterputs,,,,,,,,Okänt,5,7,,,,,,,,https://maps.google.com/?cid=17183123901242508024,ChIJu-IWrcNtWkYR-IIV6SW4du4,"Low — No website, registry entry, or business-directory profile could be found for this firm under this exact name and address after multiple targeted searches (including direct allabolag.se registry search for 'Prisma Fönsterputs Jönköping', which returned zero matching entities — only an unrelated Stockholm real-estate holding company and an unrelated, unrelated/defunct window-cleaning company). It is possible this is a very small, sole-proprietor or informally-operating business with no online presence, or a name variant not indexed under this exact spelling. No fields beyond the pre-existing backbone data (name, address, service category inferred from name) could be confirmed; all enrichment fields left blank per the no-fabrication rule.","allabolag.se (searched, no match found) | web search (no independent website or directory listing found)",2026-07-04
dags fönsterputs,,,Kärrhöksgatan 16,556 12,Jönköping,Väster,076-189 74,,,,https://places.googleapis.com/v1/places/ChIJo53ILuZzWkYRrtFDtONanp4/photos/AaVGc3kNvtMWU0khI5xlkbURzx_3NkfBDoQXeBgge-6o6Juk287xljJCY8iLYAwVDuKGTJ7erbjiDp52c9ryOxPCi-7q1QNAu-KowXwhXFQj-5HrOMGt2xVwQRrELJhqSl4pkDyDWRoWUKeuPfXsBHEDNIZFFDNCxjMe8BJwOV6I0q7eFpcszF4fUnJ0nHQP6vm69y_2y_7PmWiUmduMxeQ0BDjW-Nf5UwMBK6yycZls9vw4AsQAOHsY0Cs0nxcFpZEqHQGz352nB_RmtcIegdNGl4Kg80rjt581V_ErsmapwAfRIMJ9yOFGyDGoxeX_SNLF-LZjAKCYbmf4Ac5Rza_ukbR4jHBln8ZC3O6Q_J3gJB1iLzsq_NRdP7Oq_ulC1r-4Y55qBQnUCWekWHrND1cPZjPh6qQPSR4vHOkzDfZYK93jPSHCMX_CeBGJyJUKCZiQ/media?maxWidthPx=400&key=AIzaSyAgucJSAxcE0tpOe1l47Xy0Rw4QehRSg94,Fönsterputs,Fönsterputs med fokus på precision och hållbart resultat; erbjuder skräddarsydda lösningar efter kundens individuella behov.,Jönköping,Dags Fönsterputs är en enskild firma i Jönköping som erbjuder fönsterputsning med fokus på ett resultat som håller länge.,,,,Enskild firma,Okänt,5,8,,,,Telefon,,,,https://maps.google.com/?cid=11429672838341317038,ChIJo53ILuZzWkYRrtFDtONanp4,"Low — Confirmed as an 'Enskild firma' (sole proprietorship) via hitta.se business directory, which also confirms the address (Kärrhöksgatan 16, lgh 1003) matching the backbone data, and lists a phone number. However, the directory's phone display was partially masked/truncated ('076-189 74 Visa21'), so the digits shown may be incomplete — recorded as-is without guessing the missing portion. No independently discoverable company website, email, org number, founded year, or social media presence was found despite targeted searches; the directory's generic 'Webbsida' link placeholder does not expose an actual URL. All further enrichment fields left blank per the no-fabrication rule.",hitta.se business directory listing,2026-07-04
Putsman,PutsMan Aktiebolag,556212-3918,Hagstensgatan 27,561 36,Jönköping,Huskvarna,0370-198 76,,https://putsman.se/,https://putsman.se/wp-content/uploads/2022/10/logo.png.png,,Fönsterputs|Hemstädning|Kontorsstädning|Flyttstädning|Storstädning,"Fönsterputs och städtjänster för privatpersoner och företag i regionen, inklusive Huskvarna som ett av de uttryckligen listade serviceorterna.",Värnamo (huvudkontor)|Huskvarna|Jönköping (region),"Putsman (PutsMan Aktiebolag) är ett städ- och fönsterputsföretag med huvudkontor i Värnamo, verksamt sedan över 40 år. Bolaget ägs av moderbolaget KAAL Holding AB och har mellan 20-25 anställda. Huskvarna listas uttryckligen bland de kommuner/orter företaget betjänar.",1981,Karl-Alfred (Alfred) Olsson,20-25,Aktiebolag (AB),Okänt,5,10,,,,Telefon|Kontaktformulär på webbplatsen,,,,https://maps.google.com/?cid=17008224208172606132,ChIJiVyNlAtuWkYRtOJTzM1ZCew,"Medium-High — Legal entity fully confirmed via three independent registry-adjacent sources (allabolag.se, hitta.se, letabolag.se) agreeing on org.nr 556212-3918, VD Karl-Alfred/Alfred Olsson, ~20-25 employees, and parent company KAAL Holding AB. Registered founding date per registry sources is 1981-01-01; one directory (letabolag.se) separately claims the company 'grundades 1992' — the earlier, registry-sourced 1981 date was used as more authoritative, but this minor conflict is flagged here rather than silently resolved. Important structural note: legal headquarters is in Värnamo (Järnvägsgatan 7 / Box 239), not Jönköping/Huskvarna — the Hagstensgatan 27 (Huskvarna) address is a confirmed service location, since the company's own 'om oss' page explicitly lists Huskvarna among its served municipalities, so the backbone address is a legitimate branch/service area, not a mismatch. Phone number found is the general/HQ contact line, not confirmed as Huskvarna-specific. RUT-avdrag not explicitly stated despite offering home cleaning.",https://putsman.se/ | https://putsman.se/om-oss/ | https://putsman.se/kontakt/ | allabolag.se | hitta.se | letabolag.se,2026-07-04
Dunsta AB,Dunsta AB,559367-0853,Finspångsvägen 63,602 13,Norrköping,Lundatorps,072-023 63 11,info@dunsta.se,https://dunsta.se,https://dunsta.se/cdn/shop/files/Grafisk_profil_Urbine_partners_500_x_500_px_1.png?crop=center&height=128&v=1708991863&width=128,https://places.googleapis.com/v1/places/ChIJzWYEl9o7WUYRQ6ZYvvkZqO8/photos/AaVGc3kvGAjG6WxR7USubgth_wUZZkh6m8drSFpMPdYoFC7DXysjLR0Q8Ru-OtmksjNynQqpf7o1rvPmGwd33eriw7maIovfdkhFFL8cwA-FH15VBSb0SUrbMfzf36J4VSMF22ZmunsM2o9GJ4OHuOhzuOs8SmiMI8DnLGPjBRWVKnnQt4s5Uyq9FY5YAxVeTM3mMlgK5R4pMut-REDkr5_RH0HG0PtRGj-MpTy8I89px7JXXiFHRro-lGaeyT-dZYCq3V6nEbaN9LYr4lItBcPPZnkJ8kJIY56zivW_VzpRcoJbC819UirDgwH8rLZD5lelPTVdCARVTRg_QpcNV1aPyIaZeOZQUhjZB7pa4X-wgsECrSUlT8Cz6XKQ07EevOaMsAibSpj1l_Q4gEeoHBH0hx9XNWTIG5-bbXwkO-7vYyURewvX/media?maxWidthPx=400&key=AIzaSyAgucJSAxcE0tpOe1l47Xy0Rw4QehRSg94,Hemstädning|Kontorsstädning|Byggstädning|Flyttstädning|Fönsterputs|Ångstädning,"Hemstädning: kemikaliefri torr ångstädning (180°C) anpassad efter kundens behov, med timpotten-system för flexibel bokning. Kontorsstädning: ren och fräsch arbetsmiljö med ångmetod. Byggstädning: professionell byggstäd med torr ånga. Flyttstädning: stressfri städning inför eller efter flytt. Fönsterputs: tilläggstjänst. 50% rabatt vid första städtillfälle för nya kunder.",Norrköping med omnejd,"Dunsta AB är ett nytänkande miljövänligt städföretag i Norrköping som revolutionerar städbranschen med torr ångstädning vid 180°C – utan kemikalier eller rengöringsmedel. Metoden dödar bakterier och mögel och är särskilt lämplig för allergiker, astmatiker och familjer med småbarn och husdjur. Vann utmärkelsen Årets Nyföretagare i Norrköping 2025 och Östergötlands Miljönätverks pris 'Årets gröna frö' 2024. VD Oliver Hörnstedt grundade bolaget 2022 och har uppmärksammats i Dagens Industri och Norrköpings Tidningar.",2022,Oliver Erik Hörnstedt,5–9,Aktiebolag,Ja,4.9,19,,,Årets Nyföretagare Norrköping 2025|Östergötlands Miljönätverk – Årets gröna frö 2024,Kontaktformulär på hemsida; telefon 072-023 63 11; kostnadsfritt hembesök,"Hemstädning 250–450 kr/tim; 1-rums ca 500–800 kr, 2-rums ca 700–1 200 kr, 3-rums ca 1 000–1 800 kr, 4-rums/villa ca 1 500–2 500 kr, villa 150+ kvm ca 2 500–4 500 kr. 50% rabatt vid första städtillfälle. RUT-avdrag hanteras direkt.",Svenska,https://www.facebook.com/dunstaab|https://www.instagram.com/dunsta.se/|https://www.tiktok.com/@dunsta.se,https://maps.google.com/?cid=17269081331583198787,ChIJzWYEl9o7WUYRQ6ZYvvkZqO8,"High – website confirmed (dunsta.se), allabolag.se match on address/org-nr, registry data from Bolagsverket/SCB",https://dunsta.se|https://dunsta.se/pages/om-oss|https://dunsta.se/pages/contact|https://www.allabolag.se/foretag/dunsta-ab/norrkoping/stadservice/2KIBS1XI5YH6T,2026-07-24
S köna Gröna Städ AB,Sköna Gröna Städ AB,,Lindövägen 17,602 28,Norrköping,Lindö,0705-65 03 75,,https://skonagronastad.se,https://skonagronastad.se/wp-content/uploads/2024/10/skonagronastad-logo-white.png,,Hemstädning|Företagsstädning|Trappstädning|Fönsterputs,Hemstädning från 250 kr efter RUT-avdrag. Företagsstäd för kontor och verksamheter. Trappstädning för fastigheter. Fönsterputs. Alltid miljövänliga produkter så långt möjligt. Kollektivavtal för personalen.,Norrköping,"Sköna Gröna Städ erbjuder professionell och miljövänlig städning för hem och företag i Norrköping under mottot 'Grön städning, skinande resultat.' Företaget använder miljövänliga städprodukter och har kollektivavtal. Hemsida lanserad 2024.",,,,Aktiebolag,Ja,5,6,,,Kollektivavtal,Telefon 0705-65 03 75 eller 0708-14 29 12; kostnadsfri offertformulär på hemsida,Hemstädning från 250 kr/tim efter RUT-avdrag; kostnadsfri offert,Svenska,,https://maps.google.com/?cid=5779156503735894732,ChIJ67Rz_ME7WUYRzAKRijiwM1A,Medium – website confirmed and address matches Google listing; org-nummer ej hittad i sökning; phone på hemsidan ej e-postadress; grundat år okänt,https://skonagronastad.se,2026-07-24
Einarsson & Lundgren Städservice & Miljövård AB,Einarsson & Lundgren Städservice & Miljövård AB,556689-8671,Sprängstensgatan 1,603 79,Norrköping,Hageby,076-106 31 00,,http://www.einarsson-lundgren.se,https://www.google.com/s2/favicons?domain=einarsson-lundgren.se&sz=128,,Lokalvård|Kontorsstädning|Golvvård|Fönsterputs|Byggstädning|Flyttstädning|Renoveringsstädning,"Lokalvård och städservice för företagskunder. Golvvård, fönsterputs, bygg-, flytt- och renoveringsstäd samt övriga uppdrag beställda av företagskunder. Öppettider vardagar 08–18.","Norrköping, Östergötland","Einarsson & Lundgren Städservice & Miljövård AB är ett städföretag i Norrköping med inriktning på lokalvård och miljövård. Bolaget ägdes sedan 2015 av Estate FM Group. Beläget på Sprängstensgatan 1, Hageby. 3 anställda. Hemsidan www.einarsson-lundgren.se var ej åtkomlig vid verifiering (503-fel).",,,3,Aktiebolag,Okänt,5,1,,,,Telefon 076-106 31 00; hemsida www.einarsson-lundgren.se (ej åtkomlig vid verifiering),,Svenska,https://www.linkedin.com/company/einarsson-&-lundgren-st%C3%A4dservice-&-milj%C3%B6v%C3%A5rd-ab,https://maps.google.com/?cid=12192580062512547023,ChIJ573m9bw7WUYRzwSSwfe-NKk,Medium – org-nummer bekräftat via foretagsbas.se; telefon bekräftat; hemsida refereras i katalog men returnerade 503 vid åtkomstförsök; ägarskap Estate FM Group från jobbannons 2018 (kan ha förändrats); e-post ej hittad,http://foretagsbas.se/foretag/Einarsson_amp_Lundgren_Staedservice_amp_Miljoevard_AB/170189|https://www.infoisinfo.se/kort/einarsson-lundgren-stadservice-miljovard-ab/norrkoping/1969564|https://vakanser.se/jobb/lokalvardare+6609/,2026-07-24
Finspångs Fönsterputs & Städ AB,Finspångs Fönsterputs & Städ AB,559106-7441,"LILLSTUGAN, ULLEVI",617 91,Norrköping,Kimstad kommun,073-44 88 777,sebastian@finspangsfonsterputs.se,https://www.finspangsfonsterputs.se,https://www.finspangsfonsterputs.se/files/finspangsfonsterputs-og.png,,Fönsterputs|Hemstädning|Kontorsstädning|Flyttstädning|Höghöjdsstädning|Golvvård|Verkstadsskurning|Altanrengöring/inoljning,"Fönsterputs för privatpersoner, företag och butiker – abonnemang med fast pris. Hemstädning anpassad efter kund (valfri frekvens och timantal). Kontorsstädning och butiksfönsterputs. Höghöjdsstädning med liftcertifikat. Golvvård (linoleum, plastgolv, trägolv). Verkstadsskurning. Rengöring/inoljning av altan inför sommar. Certifikat för liftanvändning. Mer än 30 års branscherfarenhet.","Finspång, Norrköping med omnejd, Östergötland","Finspångs Fönsterputs & Städ AB är ett aktiebolag registrerat i Finspång kommun (säte: Finspång, Östergötlands län) med besöksadress Ullevi Lillstugan, 617 91 Kimstad. Bolaget grundades 2017 och drivs av Sebastian Svensson. Företaget utgår från Finspång och Norrköping och erbjuder fönsterputs och städning till privatpersoner, bostadsrättsföreningar och företag. Har F-skattsedel, företagsförsäkring och certifikat för liftanvändning. OBS: Bolagets säte är Finspång kommun – det är assignerat till Norrköping i katalogen då det även betjänar Norrköping, men adressen ULLEVI/LILLSTUGAN, 617 91 Kimstad faller inom Norrköpings kommun (Kimstad är en ort i Norrköpings kommun).",2017,Sebastian Svensson (Johannes Sebastian André Svensson),3,Aktiebolag,Ja,5,5,,,F-skattsedel|Företagsförsäkring|Certifikat för liftanvändning,Telefon 073-44 88 777; kontaktformulär på hemsida,Prisoffert via telefon eller hemsida; abonnemangspris för fönsterputs (fast lågt pris); timpris för hemstädning,Svenska,,https://maps.google.com/?cid=14025830189212708313,ChIJ0fvlk0Q7WUYR2S35uz7CpcI,"High – website confirmed (finspangsfonsterputs.se) med adress/telefon/e-post; allabolag/bolagsfakta bekräftar org-nr, grundat år, ägare. NOTERA: Bolagets juridiska säte är Finspång kommun; besöksadress 617 91 Kimstad tillhör Norrköpings kommun. Adressen LILLSTUGAN/ULLEVI i Kimstad är korrekt för bolaget.",https://www.finspangsfonsterputs.se|https://www.bolagsfakta.se/5591067441-Finspangs_Fonsterputs_%26_Stad_AB|https://www.allabolag.se/foretag/finsp%C3%A5ngs-f%C3%B6nsterputs-st%C3%A4d-ab/kimstad/st%C3%A4dservice/2KGRZ8XI5YH6T|https://www.hitta.se/verksamhet/finspangs-fonsterputs-och-stad-ab-mudjjaqt,2026-07-24
Amiva AB kontoret,Amiva AB,556903-2781,Sprängstensgatan 2,603 79,Norrköping,Hageby,073-891 31 28,monika@amiva.se,https://www.amiva.se,https://www.amiva.se/wp-content/uploads/2023/06/amiva_logo_firmowe_min.gif,https://places.googleapis.com/v1/places/ChIJSe0SRbw7WUYR-BbDxen-Ek4/photos/AaVGc3nKjaRisvPNfJNnsEEuiOKKX_YiwehnwZMfYpkkm3YHK8com-gTUpd3RG92Ka0-1A2ww_PlqmPAIXcbYSVZR9_9HmEXXM8-xIoB1KhqVpqGdNUbADVJsSuL-5YjvUYUVWSlmwuXwx5jCsRvqU9Me6PjrThgLEsVYf_Od9CW403_euDufCHJyY_XeTDG6mvPxgfEGDUYQ94Quy3D5ySWTH853MxLZsjG_tAZo6ghmhVhd9r4S42dOPoeX1_oshsqy_qZ2wxw4FODmo_Q61VGqLK5MllhUtpOWZG1sRLHvB4I6ZkRHTmKmBIttzonnc-0_hOebBojbL7Aqp63CKMWEj7syxm-JZpXIamL3LbhPZbi5AcsDGVEKaW1DBnOWNo_O6XhSaEgdBnUgPJMEuKoddaDf-LsdZWA7xwC1tsGp2-P5w/media?maxWidthPx=400&key=AIzaSyAgucJSAxcE0tpOe1l47Xy0Rw4QehRSg94,Hemstädning|Kontorsstädning|Fönsterputs,Hemstädning med abonnemang (varannan vecka eller varje vecka) med fast månadskostnad. Städning inkluderar framkörning och tidbank för avbokade tillfällen. Kontorsstädning. Fönsterputs som tilläggstjänst. Kostnadsfritt hembesök för att planera och anpassa städningen. Kundtjänst mån–fre 08:00–17:30.,"Norrköping, Söderköping, Linköping, Åby, Kimstad, Kolmården, Arkosund","Amiva AB är ett lokalt städföretag med personlig service som erbjuder hemstädning i hela Norrköping, Söderköping och Linköping sedan 2010. Bolaget har 16 års branscherfarenhet, ansvarsförsäkring och många nöjda kunder. VD och grundare Monika Katarzyna Hämäläinen. Besöksadress: Sprängstensgatan 2, Norrköping. Registrerad adress: Mässvägen 45, Åby. Godkänd för F-skatt.",2012,Monika Katarzyna Hämäläinen,5–9,Aktiebolag,Ja,4.8,5,"Väldigt duktig, noga och det blev riktigt bra.|Hälsa henne att hon gjorde ett kanon jobb.|Det var en fröjd att komma hem till vårt nystädade hus.",,F-skatt godkänd|Ansvarsförsäkring,Telefon 073-891 31 28 (mån–fre 08:00–17:30); e-post monika@amiva.se; kontaktformulär på hemsida; kostnadsfritt hembesök,"Varannan vecka: 2h=1 620 kr/mån, 2,5h=1 860 kr/mån, 3h=2 110 kr/mån, 4h=2 610 kr/mån, 5h=2 970 kr/mån, 6h=3 480 kr/mån. Varje vecka: 2h=2 970 kr/mån, 3h=3 720 kr/mån, 4h=4 580 kr/mån. Priser after RUT. 375 kr/tim efter RUT. Priser gäller fr.o.m. 2025-09-01.",Svenska,https://www.facebook.com,https://maps.google.com/?cid=5625839164537902840,ChIJSe0SRbw7WUYR-BbDxen-Ek4,"High – website confirmed (amiva.se) med kontaktuppgifter, priser, tjänster; allabolag.se bekräftar org-nr, grundat år, VD, anställda; adress Sprängstensgatan 2 är besöksadress (registrerad adress Mässvägen 45, Åby)",https://www.amiva.se|https://www.amiva.se/kontakt/|https://www.amiva.se/priser/|https://www.allabolag.se/foretag/amiva-ab/%C3%A5by/st%C3%A4dservice/2K3NP71I5YH6T,2026-07-24
Komplett Städ,Komplett städ Norrköping AB,559074-8215,Importgatan 24,602 28,Norrköping,Lindö,011-470 90 72,stadning@komplettstad.se,https://www.komplettstad.se,https://www.google.com/s2/favicons?domain=komplettstad.se&sz=128,,Hemstädning|Kontorsstädning|Byggstädning|Trappstädning|Storstädning|Flyttstädning|Fönsterputs|Mattvätt|Industristädning|Golvvård,Hemstädning (privat) – anpassad efter behov med gratis offert och möjlighet till provstädning. Kontorsstädning och företagsstädning. Byggstädning och industristädning. Trappstädning. Storstädning. Flyttstädning. Fönsterputs. Mattvätt. Golvvård. Kollektivavtal för personal. Ansvarsförsäkring. Nöjd-kund-garanti (reklamation inom 7 dagar). Verksamma i Norrköping och Linköping.,"Norrköping, Linköping, angränsande städer i Östergötland","Komplett Städ är ett ungt, modernt och nytänkande städbolag i Norrköping (och Linköping) sedan 2015, ägt av Komplett städ Norrköping AB (org.nr 559074-8215), dotterbolag till Haziel AB. VD/styrelseledamot Sebastian Michael Molina Preuss. Kundfokuserat med välutbildad personal, tydliga checklistor och nöjd-kund-garanti. 18 anställda (2024). Kollektivavtal och ansvarsförsäkring.",2015,Sebastian Michael Molina Preuss,18,Aktiebolag,Ja,4.2,15,,Reco-omdömen (antal okänt),Kollektivavtal|Ansvarsförsäkring|Miljöpolicy,Telefon 011-470 90 72; e-post stadning@komplettstad.se; gratis offert; provstädning erbjuds,Gratis offert – pris sätts efter behov och bostadens storlek. RUT-avdrag tillämpas.,Svenska,,https://maps.google.com/?cid=14736685840800893781,ChIJPVhOpsI7WUYRVUt3o7E5g8w,"High – website confirmed (komplettstad.se) med adress Importgatan 24 bekräftad; allabolag/bolagsfakta bekräftar org-nr 559074-8215, grundat 2016 (varumärke/verksamhet från 2015 per Exa-entitet); kontaktuppgifter bekräftade; moderbolag Haziel AB",https://www.komplettstad.se|https://www.komplettstad.se/kontakt|https://www.allabolag.se/foretag/komplett-st%C3%A4d-norrk%C3%B6ping-ab/norrk%C3%B6ping/st%C3%A4dservice/2KGL4XJI5YH6T|https://www.bolagsfakta.se/5590748215-Komplett_stad_Norrkoping_AB,2026-07-24
Östgöta miljöstäd,Vattengrändens Vandrarhem & Hotel kommanditbolag,969798-4343,Vattengränden 7,602 22,Norrköping,Centrum,+46 73 231 94 22,,https://www.ostgotamiljostad.com/,https://www.google.com/s2/favicons?domain=ostgotamiljostad.com&sz=128,https://places.googleapis.com/v1/places/ChIJ_V9l3ls7WUYR7-kHVVBDqGY/photos/AaVGc3mGnUGYh47Hgg5QSY4bSYqJayTwjIUCiitC8WAVe_wijZxkrqTS-e_QZFO2SYEnkccfzO-_5zEPf707tvQQFxnO_4_tt13Hm6WJICjX9AhHSIEpuqX2kYjFd_hxDEYXdKuWX4hOB7LECBSAD37mj4ERqgVD06rxyVPHPgMbzDjDKOG7LSdOQ1Y_BNJO0Hmrs1suyT69yQqO87_SFBzRTqsZTY8EdmWwiFAswRpLdw160tobZq_TNIAxMkrgQQcNjdXhUw9GqMl04CsWfxOLC6MfN_H80XNHK9ZhimPt1IqasMCtZWUXjNRAXhI2Ucjnp048QZrHbD8LcEV6Mx8mL60Bv0T8kUrX6nYD2UYuaXkEEmkTb6aAql3ghtgYuR9iIx900DH4EvB9uzy_N6P7lBN3Q7_jjZMj-nSrfdd1i6q70XQ0Lcs1iKBQ9LZ4UE58/media?maxWidthPx=400&key=AIzaSyAgucJSAxcE0tpOe1l47Xy0Rw4QehRSg94,Hemstädning|Flyttstädning|Företagsstädning|Möbel- & mattvätt|Byggstädning,Hemstädning: återkommande städning anpassad efter kundens behov. Flyttstädning: professionell städning med fokus på hög kvalitet. Företagsstädning: anpassade städlösningar för verksamheter. Möbel- & mattvätt: tvätt av möbler och mattor. Byggstädning: slutstädning efter bygg och renovering.,Östergötland|Norrköping,"Trygg, miljövänlig städning med personlig service. Östgöta Miljöstäd erbjuder professionell flyttstädning, hemstädning och möblerad flyttstädning med hög kvalitet och hållbarhet i fokus. Företaget drivs som ett handelsnamn under Vattengrändens Vandrarhem & Hotel kommanditbolag och är verksamt i Östergötland. Städningarna sker med noggrant utvalda produkter och metoder som är bra för både kunden och miljön. Produkter med Bra Miljöval och microfibersystem används.",2022,,1–4,Kommanditbolag,Ja,4.6,11,,,Bra Miljöval|Microfibersystem,Telefon|Offertförfrågan via webformulär,Kostnadsfri offert på begäran,Svenska,,https://maps.google.com/?cid=7397236400259066351,ChIJ_V9l3ls7WUYR7-kHVVBDqGY,Medium – website unreachable (500 error); registry confirmed via allabolag; phone from third-party directory,allabolag.se|xn--allastdfretag-gfb6y.se|easeaid.se,2026-07-24
Städoteket AB,Maic Sema AB,559209-7603,Lundatorpsvägen 15,602 13,Norrköping,Lundatorps,011-71000,,http://www.stadoteket.com/,https://www.google.com/s2/favicons?domain=stadoteket.com&sz=128,https://places.googleapis.com/v1/places/ChIJK1SRUH07WUYRrmh8L9mZi3M/photos/AaVGc3nzSipuAguQi_r99BnXFFEam3YK0_tlebXA5W80Pcre2BMHXj7lLxaCGLn_qBi1Sl8Cd9n4ddSsCtKrdhqKCTYFY-KDdwbcx6LwK-rKpkTV9243wb0k2aWp64vqHWxiFlRNMTBHSSltWKfHt0ozu3UI23aFarSY1fOcpUKQapiQhqYW33nfzdDwPPTityHn5zKGgGTtHON_xeMsCS4hZmODjJOoTNGKfyYn4OP6ezI8ISt3tc_n2RGC1fWPHu7XzKRc_5maCV7-usdGSfHuMVbieZRN7mo_5gKI9Z9lTuOhe279UjIiyCcKQnQmME4ZH6cnGauRMOccNf4DCXfBfjUg63p-5cV7VXkulX2wW0-4IvprchGecUtAFtmFCpa2t5K1uKS3xZVHSxHqyKAJtO8J6Vv1UQE-Jk-fzbmCLNi_5w2V/media?maxWidthPx=400&key=AIzaSyAgucJSAxcE0tpOe1l47Xy0Rw4QehRSg94,Hemstädning|Flyttstädning|Storstädning|Visningsstädning|Trappstädning|Fönsterputs|Företagsstädning,Hemstädning: återkommande hemstädning. Flyttstädning: städning vid flytt. Storstädning: grundlig storstädning. Visningsstädning: städning inför bostadsvisning. Trappstädning: städning av trapphus. Fönsterputs: fönsterputs. Företagsstädning: städning för företag.,Norrköping,"Städoteket erbjuder hemstädning, flyttstädning, storstädning, visningsstädning, trappstädning, fönsterputs och företagsstädning. Bolaget är registrerat som Maic Sema AB med säte i Norrköping och har drivit verksamhet sedan 2019. Städoteket är handelsnamnet under vilket städtjänsterna marknadsförs.",2019,Maic Sema,0 (ej registrerade anställda),Aktiebolag,Ja,4.9,15,,,,Telefon|Webb,,Svenska,,https://maps.google.com/?cid=8325917494208129198,ChIJK1SRUH07WUYRrmh8L9mZi3M,Medium – website returned 503; registry via hitta.se/syna; legal name Maic Sema AB differs from trading name,hitta.se|foretagsproffs.advokater24.nu|bolagsfakta.se|syna.se,2026-07-24
Master Allstäd,Master Montage AB,556844-4557,Importgatan 48,602 28,Norrköping,Lindö,011-345 53 05,info@masterallstad.se,http://www.masterallstad.se/,http://www.masterallstad.se/index_htm_files/142.png,,Kontorsstädning|Hemstädning|Flyttstädning|Fönsterputsning|Sanering|Snöskottning|Trädgårdsskötsel|Möbelmontering,Kontorsstädning: professionell städning för kontor. Hemstädning och flyttstädning: städning i hem och vid flytt. Fönsterputsning: puts av fönster. Sanering: sanering av lokaler. Snöskottning: snöröjning. Trädgårdsskötsel: skötsel av trädgård. Möbelmontering: montering av möbler. Miljömärkta produkter används.,Östergötland|Södermanland|Norrköping,Master Allstäd AB erbjuder alla typer av städning till förmånliga priser. Företaget har drivits av Roger Fyrebo (VD) sedan 2008. Innehar f-skattsedel och trygghetsförsäkring. RUT-avdrag gäller för privatpersoner. Distriktet omfattar Östergötland och delar av Södermanland. Bolaget är registrerat som Master Montage AB och har varit aktivt sedan 2011. Miljöpolicy: använder enbart miljömärkta produkter och arbetar aktivt för en bättre miljö.,2011,Roger Fyrebo,4,Aktiebolag,Ja,4.7,3,,,Miljömärkta produkter,Telefon|E-post|Kostnadsfritt kundbesök,Förmånliga priser; kostnadsfri offert vid kundbesök,Svenska,,https://maps.google.com/?cid=4789361812447863154,ChIJvw3K8DM6WUYRcqHGezE7d0I,"High – website confirmed, registry via hitta.se, founder and org.nr verified",masterallstad.se|hitta.se|infoisinfo.se,2026-07-24
MV-Hushållstjänster,,,Timmermansgatan 22,603 59,Norrköping,Hageby,076-256 93 01,mv-hushallstjanster@hotmail.com,https://www.infoom.se/mysite/?user=16761,https://www.google.com/s2/favicons?domain=infoom.se&sz=128,,Flyttstädning|Villastädning|Lägenhetstädning|Veckostädning|Storstädning|Fönsterputs|Kontorsstädning|Lokalstädning,Flyttstädning: städning vid flytt (annonseras från 20 kr/kvm). Villastädning: städning av villor. Lägenhetstädning: städning av lägenheter. Veckostädning: regelbunden veckostädning. Storstädning: grundlig storstädning. Fönsterputs: putsar fönster. Kontorsstädning: städning av kontor. Lokalstädning: städning av lokaler. Städmaterial ingår. Arbetar alla dagar inkl. kvällar och helger.,Norrköping,MV-Hushållstjänster är en städfirma i Norrköping som erbjuder professionell städning till konkurrenskraftiga priser. Innehar F-skattsedel. RUT-avdrag tillämpas direkt på faktura. Erfarenhet av städning för privatpersoner och företag. Lämnar kvalitetsgaranti på utfört arbete. Städmaterial medföljer alltid.,,,,,Ja,4.8,11,,,,Telefon|E-post,Konkurrenskraftiga priser; flyttstädning från 20 kr/kvm; RUT-avdrag på faktura,Svenska,https://se.linkedin.com/in/mv-hush%C3%A5llstj%C3%A4nster-00301555,https://maps.google.com/?cid=10425455586578251952,ChIJt3Ayn7U7WUYRsMCbm56orpA,Medium – no official registry entry found; contact details from infoom.se micro-site and third-party directories; org.nr not located,infoom.se|stenkoll.hk-r.se|xn--allastdfretag-gfb6y.se,2026-07-24
Städ & Allservice i Norrköping AB,Städ och Allservice i Norrköping AB,556778-0621,Hospitalsgatan 52,602 27,Norrköping,Centrum,011-17 06 32,,,https://www.google.com/s2/favicons?domain=google.com&sz=128,,Kontorsstädning|Butiksstädning|Lokalstädning|Dödsbostädning|Hemstädning|Flyttstädning|Fönsterputsning|Byggstädning|Trappstädning|Storstädning|Industristädning|Visningsstädning|Golvvård|Avfuktning|Mögelsanering|Avlopps- och brunnsrengöring,"Kompletta miljöanpassade lokalvårdstjänster för företag och privatpersoner. Kundanpassade helhetslösningar med hög kvalitet, engagemang, personlig service och flexibilitet. Verksamhetsområden inkluderar hela Östergötland och angränsande kommuner.",Norrköping|Boxholm|Finspång|Kinda|Linköping|Mjölby|Motala|Söderköping|Vadstena|Valdemarsvik|Ydre|Åtvidaberg|Ödeshög,"Norrköping Städ & Allservice är ett professionellt och serviceinriktat städföretag som erbjuder allt inom städbranschen. Bolaget erbjuder företag och privatpersoner kompletta miljöanpassade lokalvårdstjänster med kundanpassade helhetslösningar. Registrerat 2009-02-25 och aktivt sedan dess. Ledamot: Ermin Javor (f. 1960). Registrerad för moms, F-skatt och arbetsgivaravgift.",2009,Ermin Javor,1–4,Aktiebolag,Ja,4.2,6,,,,Telefon|Offertförfrågan,,Svenska,,https://maps.google.com/?cid=14967309875585858115,ChIJXVT-sE06WUYRQ7p9GQiRts8,High – registry fully confirmed via allabolag.se and hitta.se; no website found,allabolag.se|hitta.se|dorunner.se|foretagsbas.se,2026-07-24
"HomeMaid Norrköping - Hemstäd, flyttstäd & fönsterputs",Top Städ Service i Sverige AB,556539-4813,Fridhemsvägen 3,602 13,Norrköping,Lundatorps,011-10 41 00,info@homemaid.se,https://homemaid.se/,https://homemaid.se/media/w2lpyhs3/seo-default-image-2.png,https://places.googleapis.com/v1/places/ChIJu___rzM6WUYRvhDbFKKVdRY/photos/AaVGc3kSc2WYDSdiEn2ln7OY4ixH9RgiHSq3VXQDD8eTo_sUrHzdOw7s8X9zvqoNaBQ4_6zrdMBwIMB0aIUH5Md-ANfwH71GDpaTEkCnbUMK4o5RIJpLBiZTkYpHprNk9o12wQRqkkJwJgxqaXmshcyi5UVgTVD7J3hWzxSXl-i5xYLKgGBYFj0sTB8qPAK5KrRDAEnfaND8L3VT6tOkvU3Dhyk64xmTWnkSNcGmssDP0vHbUFxzUklCKevGoEdUuUjgGRLrV3Ogyf8qQ_dEtmNkzys5aU9FdxNC5HHIdclaGfpZsd6gvTwH_flUyBFmwAxLWwiN9yZRIjmaEzm94gvdKnClCq33hOXOj0fvXLthpTrqHEiaWhpmjhZdKCigooZnuGa7uJUHjHQWOzHnGhP_GXVSZSjmXDJpOmY97kmUe-Y4XA/media?maxWidthPx=400&key=AIzaSyAgucJSAxcE0tpOe1l47Xy0Rw4QehRSg94,Hemstädning|Storstädning|Flyttstädning|Fönsterputsning|Visningsstädning,"Hemstädning: återkommande hemstädning med fast serviceassistent. Storstädning: grundlig storstädning av hela hemmet. Flyttstädning: professionell städning vid flytt med nöjd-kund-garanti. Fönsterputsning: professionell fönsterputs. Visningsstädning: städning inför bostadsvisning. Tillval: tvätt och strykning, golvboning, passning av hem under semester, silverputs.",Norrköping|Östergötland,"HomeMaid grundades 1997 av Birgitta Josefsson. Idag är HomeMaid AB (publ) noterat på Spotlight och har ca 960 anställda på 61 orter i Sverige. I Norrköping drivs verksamheten av dotterbolaget Top Städ Service i Sverige AB (556539-4813). Bolaget erbjuder trygg hemstädning med hållbarhet i fokus, klimatanpassade val och kollektivavtal för personalen. Kunderna får alltid samma serviceassistent. Nöjd kund-garanti på alla tjänster.",1997,Birgitta Josefsson,ca 960 (koncernen HomeMaid AB),Aktiebolag (dotterbolag till HomeMaid AB publ),Ja,4.3,16,Jag har anlitat Homemaid både för hem och flyttstädning och har alltid blivit väldigt nöjd. (Lukas Jidell)|Vi hade vår uppstarts städ igår och helt otroligt vad duktiga ni är... 10/10 alla dagar (Marcus Norén),4.4/5 Google Reviews (nationellt genomsnitt),Kollektivavtal|Försäkringar|Avtalspension,Webb (homemaid.se)|Telefon,Pris beror på städfrekvens och ort; RUT-avdrag tillämpas; prisuppskattning via webformulär,Svenska,,https://maps.google.com/?cid=1618364164476702910,ChIJu___rzM6WUYRvhDbFKKVdRY,High – website confirmed; registry fully verified; large established national chain,homemaid.se|allabolag.se|letabolag.se|hitta.se,2026-07-24
Granlund Fastighetsvård,Granlund Fastighetsvård AB,559539-8818,Björkebergavägen 8,605 95,Norrköping,Hageby,070-876 60 80,,,https://www.google.com/s2/favicons?domain=google.com&sz=128,https://places.googleapis.com/v1/places/ChIJzew8A-kB3WkRJQ5K1ZyZu6E/photos/AaVGc3kejgrH4Gsbws2iCb_8XQ7DITlmB4pWKn9pI9XsMmgDUBuH1PohwC08-6dW2xYjOnl20_lroe1tZo2mqhtgaL-9c_lyahBOKkY3AQlg6Fau28j7hJKm5ui04SCXqeZYw20nxKMSPmrib7rBYExCZu57J4f7SfTeLnmaYMGhxFvYWrPCUMKKWWHnRa-2HGSlGXsMwKQj3FAcQWaO82WiXgR0cjaVzaYGXBarBhEHLOyv9iOjW2YTvMnwNIymjmGAyO9dG-xLcl4KbGvkEzearhBhf2a6TGHuNGEwoMwFagVhdIA42zMpcNbf7VY51f71eIJemY3Dc28AvVnpn4IFcOdA_5mOI_HriofWpxwJu6haK5AabYty9sQdytgGjUKO6bl8k5IgEUnib6fN3-G6AFS_pFML0S1QNfnUSWtWwtiPykorC_JvA3XJc1e7WvB4/media?maxWidthPx=400&key=AIzaSyAgucJSAxcE0tpOe1l47Xy0Rw4QehRSg94,Fönsterputsning|Högtryckstvätt|Rengöring av byggnader|Trädgårds- och utemiljöservice|Snöröjning|Altan- och stenplattsrengöring,Fönsterputsning: professionell fönsterputs med egna fönsterskrapor och putsmedel. Högtryckstvätt: rengöring med högtryck. Rengöring av byggnader: yttre och inre rengöring av fastighetsmiljöer. Trädgårds- och utemiljöservice inklusive snöröjning och snöjour. Altan- och stenplattsrengöring. Tjänsterna utförs av Emil och Filip Granlund.,Norrköping|Östergötland,"Granlund Fastighetsvård AB grundades 2025 av bröderna Filip Erik Granlund (styrelseledamot) och Emil Alexander Granlund (styrelsesuppleant). Bolaget utför fönsterputsning, högtryckstvätt, rengöringstjänster samt trädgårds- och utemiljöservice inklusive snöröjning till privatpersoner, näringsliv och offentlig sektor. Registrerat 2025-08-04. Trots att bolaget är nystartat har det mottagit mycket positiva recensioner på Reco.se och Google (5,0 i snittbetyg).",2025,Filip Erik Granlund|Emil Alexander Granlund,0 (registrerade),Aktiebolag,Okänt,5,25,"Vi anlitade bröderna Emil och Filip Granlund för fönstertvätt... noggranna, snabba, artiga och trevliga. (Reco)|Fick hjälp med rengöring av altan samt stenplattor. Mycket nöjd med resultatet. (Reco)|Kan verkligen rekommenderas proffsigt genomfört och trevliga killar. (Reco)",5.0/5 på Reco.se (8 omdömen),,Telefon,,Svenska,,https://maps.google.com/?cid=11654077359623638565,ChIJzew8A-kB3WkRJQ5K1ZyZu6E,High – registry fully confirmed via hitta.se and syna.se; founders named in reviews; no website found,hitta.se|syna.se|reco.se,2026-07-24
Top Städ Service i Sverige AB,Top Städ Service i Sverige AB,556539-4813,Fridhemsvägen 3,602 13,Norrköping,Lundatorps,010-330 05 04,info@topstad.se,https://topstad.se/,https://topstad.se/lovable-uploads/880bd7e4-293b-4255-b969-a06484ac9601.png,https://places.googleapis.com/v1/places/ChIJVVVVVVY6WUYR7IjE9uBk10c/photos/AaVGc3l9Pw6i0DSgIyzEc9ZVvhsSv376GkiMJXlBgdFhMbQR0iZQxBZxqEEPeOR4CgoKGVpwUgCXmhprcptdw7SR77AHxm3zINYSx8p5cJkP9Tg6ShSThHPbRiB8jOOUynYPf1tVMfU5O1U5t1jrFe-7iABmdacechHxOgnlxoYjOi4-Ff9TxyCjGOWlXygroc4_GSZ94QGg75IIAsOpM6XlpTHIdzU2xxte00qxUkThZQrQYiNs8dU_7gQmeqRGXhrg8AcjC2QjE4y3a_5muLyb8WBCCK2Z43tiuAytroNGZaEubGYc5NXkYhYoB87UjHxOgCiXTbW-lYl2K9D43Suw8MxwgSPscmuCZk7uSNL2k7sidW-iwkIg5mXcOeAWrWcF_CtgAcywDKDeTYuFqQ7y-EaYTsWKXXxKCFbrPgfOl69DBw/media?maxWidthPx=400&key=AIzaSyAgucJSAxcE0tpOe1l47Xy0Rw4QehRSg94,Kontorsstädning|Lokalvård|Byggstädning|Industristädning|Trappstädning|Golvvård|Fönsterputs|Facilitetsförvaltning|Sanering|Garagestädning,"Kontorsstädning: skräddarsydd daglig städning för kontor. Lokalvård: helhetslösning för fastigheter från entré till taklampa. Byggstädning: slutstädning efter byggprojekt, snabbt och noggrant. Industristädning: specialiserad städning för industrimiljöer, verkstäder och produktionsanläggningar. Trappstädning: rena trapphus. Golvvård: professionell behandling och ny finish på golv. Fönsterputs: professionell puts. Facilitetsförvaltning: avfallshantering, underhåll m.m. Sanering: efter vattenskador, brand eller kontaminering. Garagestädning.",Norrköping|Linköping|Motala|Mjölby|Finspång|Östergötland,"Top Städ Service i Sverige AB har erbjudit professionell företagsstädning sedan 1998 och ingår i HomeMaid-koncernen (moderbolag HomeMaid AB publ, 556543-8883). Bolaget är certifierat enligt ISO 9001:2015 (kvalitetsledning) och ISO 14001:2015 (miljöledning). VD: Stefan Högkvist (sedan 2026-01-07). Bolaget omsätter ca 43–44 miljoner kronor per år med ca 65–67 anställda. Kollektivanslutet och medlem i Byggföretagen.",1997,,65,Aktiebolag,Nej,4.1,32,"TopStäd sköter det dagliga städet med noggrannhet och engagemang... alltid med en tydlig och rimlig offert. (Ecochange, RP)|Otroligt professionella inom samtliga led... kan verkligen varmt rekommendera företaget. (NK, Norrköping)",,ISO 9001:2015|ISO 14001:2015|Kollektivavtal|Byggföretagen,Webb (topstad.se/kontakt)|Telefon|E-post,Kostnadsfri konsultation och skräddarsydd offert,Svenska,,https://maps.google.com/?cid=5176717214061201644,ChIJVVVVVVY6WUYR7IjE9uBk10c,"High – website confirmed; registry fully verified via syna.se, allabolag.se, letabolag.se; large established company",topstad.se|syna.se|allabolag.se|letabolag.se|largestcompanies.com,2026-07-24
TLIMS Städ,TLIMS,,Lindåkersgatan,602 23,Norrköping,Centrum,072-398 50 70,info@tlims.se,https://tlims.se,https://www.google.com/s2/favicons?domain=tlims.se&sz=128,https://places.googleapis.com/v1/places/ChIJp2-Gwrk_bGcRsF2VuFCTS_E/photos/AaVGc3mrbs7x7YvGP24FBu5aAfabTI34HnEbnAKVXxBkfALBbpjPjhQeMNYv2wDUauIU4-Qe16xEiGxf3PPhj7tswuHWGsMCFkeOPO6WUPVHC8Un841qMi8JWJMTmH1lluX7Xdy1wHnTlLN7HdePjJ1KR6mfWBmJtKltFXUgBoQL2Iftw7ZtAlk4OipzghlhH3Nx6kjYLlekpwp3kmMf5x2TybLorHN2di823LialFHlICCQ0QIcbUD2kg-YwZVEP9YP3SFDOmc1h31-TOLtF0cQN7QmfoJD94Kj1BZkl6jtTLTTTr9eAW31q1fbiGgy2Xo0QPEt3UrW5XzlHXrNAmnCULgD0Kds2ZkdhFMFVL4xzovya0XOjAGmgsTyqnrVPRR8E_jUMhU9J9gQAYjG5or5HYBpAr8sjEn-YJ2uW4rifxL48j9j-axfQxhB0WzXTgk0/media?maxWidthPx=400&key=AIzaSyAgucJSAxcE0tpOe1l47Xy0Rw4QehRSg94,Hemstädning|Flyttstädning|Storstädning|Visningsstädning|Fönsterputs|Företagsstädning|Sopkärlsrengöring|Soprumsrengöring,Hemstädning: regelbunden städning av hem. Flyttstädning: grundlig städning vid flytt. Storstädning: djupgående städning. Visningsstädning: städning inför bostadsvisning. Fönsterputs: fönsterputs för privat och företag. Företagsstädning: kontorsstädning och lokalvård. Sopkärlsrengöring och soprumsrengöring: rengöring av soprum och kärl.,Norrköping|Finspång|Linköping|Katrineholm|Söderköping|Nyköping,"TLIMS Städ är en städfirma i Norrköping som drivs av Gabriel Nuay med visionen att göra det omöjliga möjligt. Företaget erbjuder professionella städtjänster till privatpersoner och företag med fokus på noggrannhet, punktlighet och excellens. Bland kunderna finns Nordic Wellness, Aqua Dental och Simons Rosteri & Bageri. Företaget är i expansionsfas och erbjuder interna utbildningar och trygg anställning.",,Gabriel Nuay,,,Okänt,5,31,"TLIMS är noggranna, flexibla & snabba – Simons Rosteri & Bageri|TLIMS städ är väldigt målmedvetna, punktliga & organiserade – Nordic Wellness|Fräscht & fint varje gång – Aqua Dental",,,Webbformulär på tlims.se|E-post|Telefon,Offert på begäran via webbformulär,Svenska,,https://maps.google.com/?cid=17387152761297395120,ChIJp2-Gwrk_bGcRsF2VuFCTS_E,"Medium – webbplats bekräftad, org-nummer ej hittad i registret; inga allabolag-uppgifter tillgängliga",https://tlims.se | https://vakanser.se/jobb/stadare+lokalvardare+3318/,2026-07-24
Norrköping Allstäd AB,Norrköping Allstäd AB,559192-3916,Linnégatan 17,602 23,Norrköping,Centrum,0761-162 162,info@norrkopingallstad.se,https://norrkopingallstad.se,https://norrkopingallstad.se/wp-content/uploads/2024/01/cropped-jjjj-150x150.png,https://places.googleapis.com/v1/places/ChIJ1YVem4Y5WUYRuGeHRyEOmS4/photos/AaVGc3lIaShVpDr_OyhZaUddX93fMoqq67vyHenyjgcIYwBtpxTP_WzRZegcrbXL2z5bDtaLuc08mScrOJp2auoBsC2a99PvY7NmzqihdLK-sO67JgYAeqjNRd69PYCsFKtkOJGZH0ddI2WJkSpWziCk6Ra4kRkFWO6iQpgAqWO4smLkmyBIj-n3aAr8Dxt_XsGqbUgrk15mJmGyDUKOQ7YyViuAoB85pzrELrqlCI1e_fnDQGIxZKhAATifhdizq3M5OkdHHhJotgr26Wp66WACAJG6_Zo3V15-ACYJgtnU62hPTABZZ_1k11ZW6A_Y0iblO14Qe3dBUJvppONsUEAdxXXnW2imgdeBy4KcrnTW43s0-UdVhYzf9s-TWbx4nDWTn0xDBE8ZmiOdK-dFwAMX6jAa50MHeuXtuxSUuKt8_iSPQUEr/media?maxWidthPx=400&key=AIzaSyAgucJSAxcE0tpOe1l47Xy0Rw4QehRSg94,Hemstädning|Flyttstädning|Storstädning|Kontorsstädning|Trappstädning|Visningsstädning|Företagsstädning|Fönsterputsning|Byggstädning|Lagerstädning|Bodstäd|Städavtal,Hemstädning: regelbunden städhjälp i hemmet. Flyttstädning: professionell städning vid flytt med garanti. Storstädning: grundlig rengöring av hela fastigheten. Kontorsstädning: städning av kontor och arbetsplatser. Trappstädning: rena och välkomnande trapphus. Fönsterputsning: skinande rena fönster. Byggstädning: städning av byggarbetsplatser. Lagerstädning och bodstäd ingår i utbudet.,Norrköping|Östergötland,"Norrköping Allstäd AB grundades 2019 och är ett av de ledande städföretagen i Norrköping med lång erfarenhet och 10 anställda. Bolaget har Nordiskt Tillväxtcertifikat och omsatte ca 4,8 mkr år 2025. Styrelseledamot är Sebastijan Demir. Erbjuder RUT-avdrag för privatpersoner och administrerar avdraget åt kunden. 100% städgaranti med nöjd kund-policy. Öppet mån–fre 07:00–18:00 och lör–sön 10:00–17:00.",2019,Sebastijan Demir,10,Aktiebolag,Ja,4.9,42,,,Nordiskt Tillväxtcertifikat|Kollektivavtal|Ansvarsförsäkring,Webbformulär|Telefon 0761-162 162|E-post,Storstädning från några tusen kr; offert på begäran. RUT-avdrag upp till 75 000 kr/år per person.,Svenska,,https://maps.google.com/?cid=3357730533278181304,ChIJ1YVem4Y5WUYRuGeHRyEOmS4,"High – webbplats, allabolag och kontaktuppgifter verifierade",https://norrkopingallstad.se | https://norrkopingallstad.se/kontakta-oss/ | https://www.allabolag.se/foretag/norrkoping-allstad-ab | https://letabolag.se/foretag/norrkoping-allstad-ab-559192-3916,2026-07-24
Hemfrid i Norrköping AB,Hemfrid i Sverige AB,556529-8444,Gamla Rådstugugatan 18,602 24,Norrköping,Centrum,08-555 915 00,,https://www.hemfrid.se/norrkoping,https://www.google.com/s2/favicons?domain=hemfrid.se&sz=128,https://places.googleapis.com/v1/places/ChIJdQ5hVq07WUYRB4kHuK3qsTE/photos/AaVGc3noimZb_LPV55Uo6-euMfbeLhRVXUsNS8wQqBEKyHE2iiiZpN0gIMsoBn8bj0K1SBf6pJmU4FOdTzEOcf7Irez7rIOicY7eF4VaqfRxz1UW0X0wmPm04meFePcfhE1Z2Lj-VJ1FK3BC6l3SI5AiQPxO5OUuGRzStDcQIt0N2kUuUezGuKGJBgIem0ZLPjmbvdDjhzsu_SerMpsa-MqR0081JCTHzV1RRLo_pofK5M2UcTcWN_iw8keAmx5ATpwAW5KiBbPPLhj9Jal2Sjjs8FbxDRVYu9uJihY9-G3VsfGXSceaGd6H86C4vUYs0-xSpaSy9rKU9xlf57SJXVHdXQE1eicIah3TbYzlA8CC8_OA4s9p8N68sfAImONVPfBImrWhwoc4LrmC51n9ltHyg_36wMAw7--oFBizp7C1jI2CV0kdZJxvA_WgzMwOEwW-/media?maxWidthPx=400&key=AIzaSyAgucJSAxcE0tpOe1l47Xy0Rw4QehRSg94,Hemstädning|Storstädning|Fönsterputs|Flyttstädning|Kontorsstädning,Hemstädning: regelbunden städning för ett skinande rent hem. Storstädning: grundlig nystart för hemmet. Fönsterputs: skinande rena fönster på abonnemang eller engångstjänst. Flyttstädning: professionell städning som klarar besiktningen. Kontorsstädning: håller kontoret rent och representativt.,Norrköping|Sverige (nationellt),Hemfrid är Sveriges ledande hemserviceföretag grundat 1996 med ca 1 855 anställda. Bolaget ingår i KEYTO Group AB (publ) och har säte i Stockholm. Norrköpingskontoret på Gamla Rådstugugatan 18 servar Norrköping och omnejd. VD är Jenny Kristina Kessler Mertsch. Erbjuder trygg service med noggrant utvalda och utbildade medarbetare.,1996,,1855,Aktiebolag,Ja,4.3,35,,,,Online via hemfrid.se|Postnummerbaserad bokning,Offert via postnummer på hemsidan; kampanj sommaren 2026: boka hemstädning och få fönsterputs på köpet (nya kunder),Svenska,,https://maps.google.com/?cid=3580901210573998343,ChIJdQ5hVq07WUYRB4kHuK3qsTE,"High – stor nationell kedja, allabolag och webbplats verifierade; lokal e-post ej publicerad",https://www.hemfrid.se/norrkoping | https://www.allabolag.se/foretag/hemfrid-i-sverige-ab | https://www.bolagsfakta.se/5565298444-Hemfrid_i_Sverige_AB,2026-07-24
Deluxia AB,Deluxia AB,559083-4676,Albrektsvägen 73,603 50,Norrköping,Hageby,010-160 05 05,info@deluxia.se,https://www.deluxia.se,https://www.deluxia.se/wp-content/uploads/2023/11/deluxia-logo-l.webp,https://places.googleapis.com/v1/places/ChIJs8S-7Dg7WUYR3LAeWE_i8Ww/photos/AaVGc3lxp9pc60gJGoeDF15VuTsGssKLcdL7T58OTcXESWczj6jd0pokSOKJtjd2-pZLsXHu5GdJWU5afBlKZlS2tGIqwLkeghsXRA9zk6TWdHzWaYHMUrJxYK3XyOOTLpsBxx2n3a3ahP3R1fCgpvahQRsORy-5W_FTvy7EmgczJ3vdFbkG9rzWeQsBKp1m4S-oZezAHRUAvcxVmA22be1cLEqlggWeNZRwD5ydXtve81wGIh5bCDuWxji45TNFldQcYtKhXcQofJxOy1-4EfsSM5fCDK8LimaGFnhN-eTlsTO2AgwaU8Vpl7-VcymiVHsRBzr9lLOv0IfcJI479hVlLcjtQxcThfc4vrNolmQUUzm8DYvgt3ve-pw3wkOW1-NrUZpxm3hEkPZ2sVWbqDM949HgiwIBVm52dnqkHTPgUUg/media?maxWidthPx=400&key=AIzaSyAgucJSAxcE0tpOe1l47Xy0Rw4QehRSg94,Hemstädning|Flyttstädning|Fönsterputs|Storstädning|Visningsstädning|Kontorsstädning|Lokalvård|Trappstädning|Lokalvård skola och förskola,"Hemstädning: schemalagd städhjälp varje, varannan eller var fjärde vecka – provstädning ingår. Flyttstädning: grundlig städning med garanti. Fönsterputs: professionell fönsterputs. Storstädning: djupgående städning. Visningsstädning: städning inför bostadsvisning. Kontorsstädning och lokalvård: anpassad städning för kontor, butiker, lager och vårdinrättningar. Arbetar enligt SRY:s städmetodik och SS-INSTA 800-1:2018.",Norrköping|Linköping|Östergötland,"Deluxia AB grundades 2016-11-02 och har 29 anställda. Bolaget ingår i Elberium Holding AB-koncernen med VD Michael Reinhold Uvhagen. Verksam sedan 2013 i Norrköping och Östergötland med fokus på miljömedveten städning. Arbetar enligt SRY:s metoder och SS-INSTA 800-1:2018. Omsatte 18,5 mkr år 2025. Kontor i Norrköping (Albrektsvägen 73) och Linköping (Hackeforsvägen 1). Kollektivavtal och ansvarsförsäkring. 100% nöjd kund-garanti.",2016,,29,Aktiebolag,Ja,4.9,36,,,SRY-metodik|SS-INSTA 800-1:2018|Kollektivavtal|Ansvarsförsäkring|F-skattsedel,Webbformulär på deluxia.se|Telefon 010-160 05 05|E-post,Offert via webbformulär eller telefon. Öppet mån–fre 08:00–17:00. RUT-avdrag tillämpas.,Svenska,,https://maps.google.com/?cid=7850304455892185308,ChIJs8S-7Dg7WUYR3LAeWE_i8Ww,"High – webbplats, allabolag och kontaktuppgifter verifierade",https://www.deluxia.se/norrkoping/ | https://www.deluxia.se/ | https://www.allabolag.se/foretag/deluxia-ab | https://www.hitta.se/foretagsinformation/deluxia+ab/5590834676,2026-07-24
Lyckohem i Norrköping,Handelsbolaget Lyckohem i Norrköping,969790-9316,Knäppingsborgsgatan 42 b,602 26,Norrköping,Centrum,076-828 48 10,lyckohem@gmail.com,https://lyckohem.nu,https://www.google.com/s2/favicons?domain=lyckohem.nu&sz=128,https://places.googleapis.com/v1/places/ChIJReS1e607WUYRxNeIpemFHkw/photos/AaVGc3kQHVb666IOf5vRl9hFk5XsN3_8tJ1dIhXZefkQ8RfMgL4eJRUXT3unZ2IorSQpxzKYkNoGm5SAMLpbjnxYAejdXhlwN5tTM7BOG-FS2A2j0G9hsLWUHEUx7ICG3bTDvR0_ooRv8b2R4eAdwCEhB6zrh8debT14Do-UJPTA4qhhEtGYn3IE1kR091w-czEpqJ-NUxZXB4em1RGNt-jIDL2ZPWmGctoWo7coN50PcRvoJ8sa684nv3amyh3YEj280Q_lFKRpH4k5dl_JGBYTO6rLHb7vlnZbhU40uM-wPapkZYXI_S8cjJ0iclAOuCEcA3FX-6YMcyJocE4BM2YvxSqMMr-Qwj-8dMuBcB_epM1ROesKJDhF2ExrMxw2-_Kf3IC_ZS3is_xJWPbaEEJVCDr5jnf_rWplqbRNL6La8hVjaNhKGV7KanHR-Ey6JA/media?maxWidthPx=400&key=AIzaSyAgucJSAxcE0tpOe1l47Xy0Rw4QehRSg94,Flyttstädning|Hemstädning|Fönsterputs|Trädgårdstjänster|Trappstädning|Fastighetsskötsel|Snickeri|OVK-åtgärder,"Flyttstädning: med 10 dagars garanti och fast pris, fönsterputs ingår, städmaterial ingår. Hemstädning: anpassas efter önskemål utan bindande avtal. Fönsterputs: inkl. rengöring av fönsterbleck, fönsterbrädor, karmar och ramar. Trädgårdstjänster: gräsklippning, trädbeskärning, ogräsrensning, häckklippning. Trappstädning, fastighetsskötsel och OVK-åtgärder för bostadsrättsföreningar.",Norrköping|Linköping|Söderköping|Katrineholm|Finspång|Nyköping|Östergötland|Södermanland,"Lyckohem i Norrköping (Handelsbolaget Lyckohem i Norrköping, org.nr 969790-9316) registrerades 2019-07-03. Litet och personligt företag baserat i Norrköping som erbjuder städning och fastighetstjänster till privatpersoner och bostadsrättsföreningar. Arbetar för tre bostadsrättsföreningar med trappstädning och skötsel. Utbildade inom trädgård med egna maskiner. Kända för smidig kommunikation och god kvalitet till rimliga priser.",2019,Catalina Rosales,0,Handelsbolag,Ja,5,27,,,,Telefon 076-828 48 10|E-post lyckohem@gmail.com,Fasta priser på flyttstädning; offert på begäran för övriga tjänster,Svenska,,https://maps.google.com/?cid=5484968634734925764,ChIJReS1e607WUYRxNeIpemFHkw,High – webbplats lyckohem.nu och allabolag.se bekräftade; 0 anställda i registret är typiskt för handelsbolag med delägare som arbetar operativt,https://lyckohem.nu/ | https://www.lyckohem.nu/ovrigt.html | https://www.lyckohem.nu/flyttstadning.html | https://www.allabolag.se/9697909316,2026-07-24
OCD Städ AB,OCD Städ AB,559493-1569,Själagårdsgatan 8,602 41,Norrköping,Lindö,076-022 94 77,info@ocdstad.se,https://xn--ocdstd-fua.se,https://xn--ocdstd-fua.se/wp-content/uploads/2024/09/cropped-Fargad.png,https://places.googleapis.com/v1/places/ChIJGWpI8PjHGAURveCLrmmik9Q/photos/AaVGc3kLbCjGP8cX5UG3yYt0YdNJRYhm9Ge4tJHV7V-Os2dvuYvB79vxbwNX1zLWWG2Z16Tlq_VpEKtHCEzsaiKmYpa5hHy-i5BUhK0Nr3Lazhu_B528OSWCph7bMypWhD9_dGzC0OwPauuMZJuxLC0E0tuclp2yKGxSDTO4e7K7n-qasbVIpZnNeXDCQJ9v2b35pNItwNA3UszlIC28ByEpJ2GyRw9Nuopn_fATu1UUmtybYa5mkkpOev-LZIqGNaDpXDnRtCYmX1Qwx4zHEJBT8fR9mEgrkNbdfvHAcMroK7uagWnG9SPkoiuPFG4hzr6061BL-gAg7TD7msg0ZVpL6EqJPN39MYPZzPTbIJMWql55C8ilc7fleTDvjWo5fKtn5KhF1DX85LsNrf9R-vlqtI5EJvecd8IZ_BkTpcUlKFZZykZd/media?maxWidthPx=400&key=AIzaSyAgucJSAxcE0tpOe1l47Xy0Rw4QehRSg94,Hemstädning|Storstädning|Flyttstädning|Kontorsstädning|Trapphusstädning,"Hemstädning: regelbunden eller engångsstädning, dammtorkning, golvrengöring, kök och badrum. Storstädning: grundlig rensning av hela bostaden. Flyttstädning: garanti för godkännande av hyresvärd/köpare, fast pris med RUT-avdrag (2 ROK från 2 200 kr, 3 ROK från 3 000 kr, 4 ROK från 3 300 kr). Kontorsstädning: skräddarsydd städning utan bindningstid. Trapphusstädning: för bostadsrättsföreningar och fastighetsägare.",Norrköping|Linköping|Östergötland|Södermanland,"OCD Städ AB registrerades 2024-08-19 med org.nr 559493-1569 och 1 anställd. VD och styrelseledamot är Zoran Asanovic (f. 1997). Adressen är Själagårdsgatan 8, Norrköping. Omsatte 102 tkr år 2025 (juni). Registrerat för moms, F-skatt och arbetsgivaravgift. Telefontider 07:00–21:00 dagligen. Erbjuder betalning via faktura eller Swish med 15 dagars betalningsvillkor. Använder miljöcertifierade rengöringsprodukter. Omdömen: 4.8 på Servicefinder, 4.9 på Offerta.",2024,Zoran Asanovic,1,Aktiebolag,Ja,4.9,17,"De var mycket trevliga och gjorde ett fantastiskt jobb, skinande rent överallt – Kerstin|Trevlig bemötande och väldigt noggranna. Superbra! – Erik|Jätteduktiga och super trevliga, är jättenöjd! – Alice|Gjorde ett jättebra jobb! Väldigt snabb och bra återkoppling – Emil",Servicefinder: 4.7|Offerta: 4.9,F-skatt|Moms|Ansvarsförsäkring|Miljöcertifierade rengöringsprodukter,Webbformulär på ocdstäd.se|Telefon 076-022 94 77 (07:00–21:00)|E-post,"Flyttstädning: 2 ROK från 2 200 kr, 3 ROK från 3 000 kr, 4 ROK från 3 300 kr (efter RUT-avdrag). Kontorsstädning: offert baserat på yta och frekvens. Betalning: faktura 15 dagar eller Swish.",Svenska,,https://maps.google.com/?cid=15317765332400857277,ChIJGWpI8PjHGAURveCLrmmik9Q,"High – webbplats, allabolag, kontaktuppgifter och priser verifierade",https://xn--ocdstd-fua.se/ | https://xn--ocdstd-fua.se/kontakt/ | https://xn--ocdstd-fua.se/flyttstad-norrkoping/ | https://www.allabolag.se/foretag/ocd-stad-ab,2026-07-24
ABA Städ,ABA Städ,960410-2989,Sankt Persgatan 139H,602 30,Norrköping,Centrum,010-333 31 13,info@abastad.se,https://abastad.se,https://assets.cdn.filesafe.space/EziaHTZIV74ElP8CkT0C/media/6847e3b2c3029a25b66bf4df.png,https://places.googleapis.com/v1/places/ChIJJwKijJ47WUYRdLMRNJnhh90/photos/AaVGc3liZfQU_4n9csr0c0v0O8VhVWUSYh07Sf57yhGUqJzlldxDEowfMpI69NGcCZfmsnfqnxafiqRv3Rv64zErncBMRxAR6HyVccepJ9lVYK4B73la2mMBMfJTZkctmFkPbMSmWsFFlYzO-JodMa2lLurCBPN9_ivzaNKo3leI6YgPOuwPv_51vAVy635HlSGzj2g7SDkDihaz61dUD6lO0BR-5q-JC0arrAH3nwlnDZ87ZTg__VFJGIsFAYcsk3WrTDLbKgcx9H0hFmr9U63wQQCO5LijTV2_9vuN5ioxxVfby93zpXQIIpfxa_cLwlqAVYjEPm92b18cQcBXPKFdMSyEpxrOUtW4r7VbyGJA_FS0VInEA6mmJTYXf17rCAoW7AR2VwA4Tuz_FxljGDkTc5Ay-HDrS2rbjxV-SlkQwnDULxJ_tpd_KoXvjpU6Tw/media?maxWidthPx=400&key=AIzaSyAgucJSAxcE0tpOe1l47Xy0Rw4QehRSg94,Hemstädning|Flyttstädning|Storstädning|Fönsterputs|Visningsstädning|Matt- och möbeltvätt|Dödsbo städning|Kontorsstädning|Byggstädning|Trappstädning|Butiksstädning|Skolstädning,"Hemstädning: miljövänlig regelbunden städning anpassad till kundens behov. Flyttstädning: noggrann städning med RUT-avdrag och nöjdhetsgaranti. Storstädning: grundlig genomgång vid säsongsskifte. Fönsterputs: in- och utvändigt. Visningsstädning: godkänd visningsstäd. Matt- och möbeltvätt: professionell tvätt. Dödsbo städning: respektfull och grundlig rengöring. Företagsstädning inkl. kontor, trappor, butiker och skolor.",Norrköping|Linköping|Östergötland,"ABA Städ är en lokal städfirma i Östergötland med bas i Norrköping och Linköping. Org.nr 960410-2989. Erbjuder hemstädning, flyttstädning, fönsterputs och företagsstädning med försäkrad personal, RUT-avdrag och 100% nöjdhetsgaranti. Snabba offerter (inom 1 minut) och tydliga avtal utan dolda avgifter. Rekommenderat på Reco.se. Priser inkl. RUT visas direkt på hemsidan.",,,,,Ja,4.6,19,,Reco.se: rekommenderat,Ansvarsförsäkring|F-skatt|RUT-godkänd,Webbformulär på abastad.se|Telefon 010-333 31 13|SMS 070-330 00 85,Priser inkl. RUT-avdrag visas på hemsidan. Gratis offert inom 1 minut. RUT-avdrag upp till 75 000 kr/år per person.,Svenska,,https://maps.google.com/?cid=15962975452357833588,ChIJJwKijJ47WUYRdLMRNJnhh90,Medium – webbplats och org-nummer bekräftade; bolagsform och grundaruppgifter ej verifierade i allabolag (org.nr ser ut som personnummer-format – kan vara enskild firma),https://abastad.se/norrkoping | https://abastad.se/tjanster | https://abastad.se/om-oss | https://abastad.se/interigritets-cookiespolicy,2026-07-24
Fräscht och fint i Norrköping,Social Empowerment Worknet i Sverige AB,556973-7207,Hospitalsgatan 55,602 28,Norrköping,Centrum,011-444 64 10,,https://www.fraschtochfint.se,https://www.google.com/s2/favicons?domain=fraschtochfint.se&sz=128,https://places.googleapis.com/v1/places/ChIJk94PZGU7WUYRdBMdPzMR950/photos/AaVGc3nsTboHKuQugG_zrKD_7uOFYtwPvyPUv3RGjoglk6jq5fc_d1BoVMTFkbQ4jLJ68ri9bVn26_pkX0vHjR9Co32eFh5M_uAgLuR9LnE8ccA3a75uRYUg_teyy2naLgN5NNRQViGYFrbAEw0I7Pzn0MnUWFl7O84qZaDLn9cRiSbjPDbUTEjMqT0hNRUvcNxGDvroSHjFDsHJRBx5UF5JloKQ1vMjoRZBjQxr3GfSsJ9MhlapqbmXGTFJ_tEhrcRUmfCCOVXTIjSOsiFAGR0uN-QCqKiCQMmWEktOEj3CyFs3AS2xuhTzhK3q5S07p8mTn98bL5hMk-7GwTqsrIa9zuWcI0gc4c2wqjK0Fie32DXjIbg_lzFJD_FQWallCDo0yZ3EToyW7WESfyGEViM7y4vS0_R0P1lhl74kWzI2fx-oZQ/media?maxWidthPx=400&key=AIzaSyAgucJSAxcE0tpOe1l47Xy0Rw4QehRSg94,Hemstädning|Storstädning|Flyttstädning|Fönsterputs|Företagsstädning,"Hemstädning: varje, varannan eller var fjärde vecka; gratis hembesök inför avtal; kostnadsfri kundportal. Pris: 277 kr/tim (veckovis), 292 kr/tim (varannan), 333 kr/tim (var fjärde). Storstädning: grundlig genomgång. Flyttstädning: komplett städning med garanti, fönsterputs ingår; pris från 2 450 kr (50 kvm) inkl. moms och RUT. Fönsterputs och företagsstädning: anpassade lösningar. Städmedel ingår ej.",Norrköping|Linköping|Söderköping|Linghem|Norsholm|Skärblacka|Kimstad|Östergötland,"Fräscht och fint – De gröna städarna® är en bifirma till SE Worknet AB (Social Empowerment Worknet i Sverige AB, org.nr 556973-7207), grundat 2014-06-04 med 8 anställda. Verksamhet i Norrköping startade hösten 2016. Kontor på Hospitalsgatan 55 i Norrköping (huvud- och servicekontor) och Söderleden 22 i Linköping. Ingår i Social Empowerment Network Sverige AB-koncernen. Styrelseledamot Tobias Mattias Lenell. Medlem i Svenskt Näringsliv/Almega med kollektivavtal med Kommunal. Ansvarsförsäkring upp till 10 miljoner. Tydliga säkerhetsrutiner via SSF (Svenska Stöldskyddsföreningen).",2016,Tobias Mattias Lenell,8,Aktiebolag,Ja,4.8,5,Trevliga medarbetare och väldigt bra service. Det känns tryggt att få hjälp av samma personal varje gång.|Noggrann städning och smidig kontakt från start till färdigt arbete.|Vi använder Fräscht och fint till företagsstädning och är mycket nöjda med samarbetet.,,Kollektivavtal (Kommunal)|Almega/Svenskt Näringsliv|Ansvarsförsäkring upp till 10 mkr|SSF-säkerhetsrutiner,Webbformulär på fraschtochfint.se|Telefon 011-444 64 10|Online via bokahem.se,Hemstädning: 277–333 kr/tim beroende på frekvens. Flyttstädning: 2 450 kr (50 kvm) till 9 310 kr (190 kvm) inkl. moms efter RUT. Öppet mån–fre 08:00–17:00.,Svenska|Flera språk (enligt webbplats),,https://maps.google.com/?cid=11382585495002092404,ChIJk94PZGU7WUYRdBMdPzMR950,"High – webbplats, allabolag för moderbolaget SE Worknet AB (556973-7207) och kontaktuppgifter verifierade; e-post ej publicerad på webbplatsen",https://www.fraschtochfint.se/ | https://www.fraschtochfint.se/kontakta-oss | https://www.fraschtochfint.se/om-oss | https://www.allabolag.se/foretag/social-empowerment-worknet-i-sverige-ab | https://www.compify.se/fraschtochfint,2026-07-24
M.E Flytt & Städ,M.E Flytt & städ,,"Blidvädersvägen 4 J, Lgh1202",222 75,Lund,Västra,070-091 34 00,,https://meservice.se/,https://meservice.se/favicon.png,,Flyttstädning|Hemstädning|Kontorsstädning|Storstädning|Fönsterputs|Golvvård|Flytt,"Familjeägt företag med bas i Lund. Erbjuder flytt- och städuppdrag för privatpersoner, bostadsrättsföreningar och företag i hela Skåne. Skriftlig offert innan start, fullt försäkrade, nöjd-kund-garanti och dygnet-runt-öppet.",Lund|Hela Skåne,"M.E Flytt & Städ är ett familjeägt företag med bas i Lund. Startade 2011 och har genomfört över tusen flytt- och städuppdrag i Skåne. Har Yrkestrafikcertifikat för flytt. Lämnar alltid skriftlig offert, är fullt försäkrade och erbjuder nöjd-kund-garanti. Öppet dygnet runt alla dagar.",2011,,,Enskild firma,Ja,5,3,,,Yrkestrafikcertifikat,Telefon|Online offert,Kostnadsfri skriftlig offert,Svenska,,https://maps.google.com/?cid=15513392993455955732,ChIJ01lowOaXU0YRFN_567ukStc,"Medium – website confirmed, org_number not found in public registries",meservice.se|hitta.se|stadningguiden.se|foretagsproffs.advokater24.nu,2026-07-24
Nara Clean AB,Nara Clean AB,559248-7515,Stiftsvägen 6,226 57,Lund,Norra Fäladen,,,,https://www.google.com/s2/favicons?domain=narraclean.se&sz=128,,Lokalvård|Flytt|Trädgårdsarbete,"Lokalvård, flytt och trädgårdsarbete. Litet aktiebolag med 2 anställda, aktivt sedan 2020. Registrerat i Lund, Skåne.",Lund|Skåne,Nara Clean AB är ett aktiebolag verksamt inom lokalvård sedan 2020. Styrelseledamot: Hasuding Maraning. Omsättning 871 tkr (2025). 2 anställda.,2020,Hasuding Maraning,2,Aktiebolag,Okänt,4.8,16,,,,,,Svenska,,https://maps.google.com/?cid=13525826049300057905,ChIJE7WaUjGWU0YRMU9BAiFjtbs,"Medium – registry data confirmed (org 559248-7515), no website found",hitta.se|syna.se|merinfo.se,2026-07-24
Primero Flyttstädning & Hemstädning,Primero Flytt AB,559000-4023,Sunnanväg 6H,222 76,Lund,Västra,076-585 88 52,info@primeroab.se,https://primeroab.se/,https://primeroab.se/wp-content/uploads/2026/01/Primero-Flytt-AB-logo.png,https://places.googleapis.com/v1/places/ChIJu0IFhuaXU0YRRiasGCXYXDY/photos/AaVGc3m*&key=AIzaSyAgucJSAxcE0tpOe1l47Xy0Rw4QehRSg94,Hemstädning|Flyttstädning|Storstädning|Flytt|Pianoflytt|Bortforsling,"Hemstädning: provstäd 199 kr/tim, reguljär 250–290 kr/tim. Flyttstädning: fasta priser 2 295–6 000 kr baserade på bostadens storlek (0–200+ kvm), 10 dagars garanti, ansvarsförsäkring via Trygg-Hansa upp till 10 mkr. Storstädning med RUT-avdrag.",Lund|Malmö|Helsingborg|Eslöv|Landskrona|Kristianstad|Hässleholm|Ystad|Hela Skåne,Primero Flytt AB är en städ- och flyttfirma med kontor i bl.a. Lund (Sunnanväg 6H). Grundat 2013 med fasta priser. Betjänar hela Skåne. 16 erfarna städare. Nöjd-kund-garanti och försäkrade personal.,2013,,,Aktiebolag,Ja,3.7,13,"Lätt tillgängliga och smidiga! Rekommenderar varmt. (Nadia Rubin, Google)|Snabbt och smidigt. (Jane Larsson, Google)|Toppen på alla sätt! (Mattias Welinder, Google)",,Trafiktillstånd|Ansvarsförsäkring Trygg-Hansa,Telefon|Online formulär,"Hemstädning: 199 kr/tim (provstäd), 250–290 kr/tim (reguljär). Flyttstädning: 2 295–6 000 kr fast pris per kvm-intervall. Flytt: 1 999–6 499 kr fast pris per kvm-intervall.",Svenska,,https://maps.google.com/?cid=3917243429744813638,ChIJu0IFhuaXU0YRRiasGCXYXDY,"High – website confirmed, detailed pricing and services verified",primeroab.se|primeroflytt.se|flyttfirmalund.eu,2026-07-24
Home Helper Skåne AB,Home Helper Skåne AB,559278-4515,Glimmervägen 6,224 78,Lund,Östra,073-430 64 58,info@homehelper.se,https://www.homehelper.se/,https://www.homehelper.se/files/600x600/homehelper-logo.png,https://places.googleapis.com/v1/places/ChIJT8artdSRU0YRwmLp4Od988M/photos/AaVGc3n*&key=AIzaSyAgucJSAxcE0tpOe1l47Xy0Rw4QehRSg94,Hemstädning|Storstädning|Flyttstädning|Kontorsstädning|Trappstädning,"Hemstädning, storstädning, flyttstädning, kontorsstädning och trappstädning i Lund, Malmö och omnejd. Motto: Your Home Our Care. Startade som enskild firma för 15 år sedan, nu hundratals kunder dagligen.",Lund|Malmö|Bjärred|Borgeby|Burlöv|Dalby|Furulund|Hjärup|Kävlinge|Lomma|Löddeköpinge|Staffanstorp|Södra Sandby|Vallkärra|Vellinge|Åkarp,"Home Helper Skåne AB är ett aktiebolag aktivt sedan 2020. Började som enskild firma för ca 15 år sedan med motto 'Your Home Our Care'. Nu 4 anställda och omsättning 3 038 tkr (2025). SNI: Lokalvård, skötsel av grönytor, mark- och grundarbeten.",2020,,4,Aktiebolag,Ja,4.8,6,,4.7/5 på Hitta.se (40 recensioner),,Online formulär|Telefon,Kontakta för offert,Svenska,,https://maps.google.com/?cid=14119767691600945858,ChIJT8artdSRU0YRwmLp4Od988M,"High – website, registry and contact details confirmed",homehelper.se|hitta.se|svenskahantverkare.se,2026-07-24
Limani Städ AB,Limani Städ AB,556747-4506,Rudeboksvägen 150,226 56,Lund,Norra Fäladen,073-766 06 55,,https://www.listad.nu/,https://www.listad.nu/wp-content/uploads/2022/10/Limani-stad-ab.png,https://places.googleapis.com/v1/places/ChIJZQF499q9U0YRNzSSuQVV_JE/photos/AaVGc3kv*&key=AIzaSyAgucJSAxcE0tpOe1l47Xy0Rw4QehRSg94,Hemstädning|Trappstädning|Flyttstädning|Butiksstädning|Byggstädning|Fastighetsstädning|Kontorsstädning|Fönsterputs|Golvvård,"Hemstädning: 247 kr/tim inkl. moms med RUT-avdrag. Trappstädning, Flyttstädning, Butiksstädning, Byggstädning, Fastighetsstädning och Kontorsstädning: offert. Litet företag stationerat i Lund, kunder i hela Skåne. Miljövänliga metoder, 3 dagars garanti på städning, 1 månads uppsägning.",Lund|Malmö|Helsingborg|Hela Skåne,"Limani Städ AB är ett aktiebolag som funnits i städbranschen i över 22 år (bildat 2007, registrerat 2009). Styrelseledamot: Habibe Limani. Miljövänliga och allergivänliga metoder, utrustning tvättas i 90 grader. Utsett till årets branschvinnare 2026. Omsättning 0,7 MSEK (2025). 2 anställda.",2009,Habibe Limani,2,Aktiebolag,Ja,5,1,"Suveränt pålitlig och noggrann lokalvård. Sedan år anlitat för trappstädning i vår Brf. Alltid vänlig och trevlig! Rekommenderas varmt. (Walter L., Hitta.se)",4.0/5 på Hitta.se (1 recension),Kvalitets- och miljöutbildad personal|Ansvarsförsäkring,Online formulär|Telefon,Hemstädning: 247 kr/tim inkl. moms med RUT-avdrag. Övriga tjänster: offert.,Svenska,,https://maps.google.com/?cid=10519376312707200055,ChIJZQF499q9U0YRNzSSuQVV_JE,"High – website, registry (ratsit.se) and contact details confirmed",listad.nu|hitta.se|ratsit.se,2026-07-24
Proffs städning,,,Grönegatan 1A,222 24,Lund,Centrum,,,,https://www.google.com/s2/favicons?domain=proffsstadning.se&sz=128,,,,Lund,"Proffs städning, registrerad på Grönegatan 1A, Lund. Mycket begränsad offentlig information tillgänglig. Hittades i Google Maps men ingen webbplats eller företagsregisterpost kunde bekräftas.",,,,,Okänt,5,1,,,,,,Svenska,,https://maps.google.com/?cid=257328182489863738,ChIJa1WYA_SXU0YROlYBXJ42kgM,"Low – no website, no registry match found; Google Maps listing only",Google Maps (place_id),2026-07-24
Svenska Städssällskapet AB,Svenska Städsällskapet AB,556232-4284,Landskronastråtet,222 22,Lund,Centrum,046-286 32 50,,https://svenskastadsallskapet.se/,https://svenskastadsallskapet.se/wp-content/uploads/2022/03/svenskastadsallskapet_logga_2_2-300x152-1.png,,Hemstädning|Storstädning|Byggstädning|Kontorsstädning|Företagsstädning|Butiksstädning|Fönsterputs|Trappstädning|Lagerstädning|Golvvård|Trädgårdsskötsel,"Hemstädning, storstädning, byggstädning, kontorsstädning, företagsstädning, butiksstädning, labbstädning, trappstädning och lagerstädning. Tillägstjänster: mattvätt, inköp av frukost/frukt/blommor vid företagsstädning. Städmaterial ingår alltid.",Lund|Åhus|Sjöbo|Hela Skåne,"Svenska Städsällskapet AB startades 1999. År 2009 köptes Citypigorna – båda varumärkena erbjuder samma tjänster. Aktivt aktiebolag sedan 1983. 6 anställda och omsättning 4 548 tkr (2024). Besöksadress: Scheelevägen 19, 223 63 Lund. Utmärkelse för högsta kreditvärdighet.",1999,,6,Aktiebolag,Ja,5,1,,,Högsta kreditvärdighet,Telefon|Online formulär,RUT-avdrag 50% på arbetskostnad (max 75 000 kr/person/år). Kontakta för offert.,Svenska,,https://maps.google.com/?cid=3090275310191960353,ChIJb7t6xtqXU0YRIeEmigXd4io,"High – website, registry and contact details confirmed. Note: Google Maps-adress är Landskronastråtet men besöksadress i register är Scheelevägen 19.",svenskastadsallskapet.se|hitta.se|foretagsproffs.advokater24.nu,2026-07-24
HUMOLD,Humold AB,559497-4585,Gnejsvägen 6,224 78,Lund,Östra,073-913 03 77,info@humold.se,https://humold.se/,https://humold.se/og-image.jpg,https://places.googleapis.com/v1/places/ChIJNa0tMgyXU0YRnR6E-vIbNzI/photos/AaVGc3nX*&key=AIzaSyAgucJSAxcE0tpOe1l47Xy0Rw4QehRSg94,Fuktmätning|Mögelsanering|Installation av avfuktare|Krypgrundsisolering|Vindisolering|Dräneringslösningar,"Specialiserat på fukt- och mögelproblematik i krypgrunder och vindar i hela Skåne. Kostnadsfri inspektion med luftfuktighetsmätning, offert på plats. Mögelsanering med miljövänliga metoder, installation av avfuktare (Trygghetsvaktens produkter, inkl. FFS-system), krypgrunds- och vindisolering. Certifierad installatör av Trygghetsvaktens produkter.",Hela Skåne,HUMOLD (Humold AB) är ett nytt aktiebolag bildat 2024-09-01 och registrerat 2024-09-23 i Lund. VD: Marcus Langborger. Ordförande: André Kristoffer Jönsson Schoug. Specialiserat på försäljning och installation av avfuktare i krypgrunder och vindar. 1 anställd. OBS: Företaget är INTE ett traditionellt städföretag – det är ett saneringsföretag med fokus på fukt och mögel.,2024,Marcus Langborger|André Kristoffer Jönsson Schoug,1,Aktiebolag,Okänt,5,4,Jag är mycket nöjd med arbetet som Humold AB har utfört i vår krypgrund. Installatören Emil gjorde ett riktigt bra jobb! (Reco.se),5.0/5 på Reco.se (1 recension),Certifierad installatör Trygghetsvaktens produkter,Online formulär|Telefon|E-post,Kostnadsfri inspektion och offert på plats,Svenska,,https://maps.google.com/?cid=3618391556014481053,ChIJNa0tMgyXU0YRnR6E-vIbNzI,High – website and registry confirmed. Note: Ej traditionell städfirma – specialiserat på fukt/mögelsanering.,humold.se|ratsit.se|reco.se,2026-07-24
Unitedstäd Service & facility management AB,Unitedstäd service & Facility Management AB,556909-9913,"Vallmogatan, Sankt Hans gränd 2",226 42,Lund,Norra Fäladen,046-211 14 52,info@unitedstad.se,https://www.unitedstad.se/,https://www.unitedstad.se/wp-content/uploads/2021/09/favicon-150x150.png,https://places.googleapis.com/v1/places/ChIJ5yFseS-WU0YRTe5uyxiu714/photos/AaVGc3kR*&key=AIzaSyAgucJSAxcE0tpOe1l47Xy0Rw4QehRSg94,Trappstädning|Golvstädning|Golvvård|Flyttstädning|Storstädning|Hemstädning|Butiksstädning|Skol- och dagisstädning|Byggstädning|Fönsterputs|Restaurangstädning|Kontorsstädning|Akutstädning,"Specialanpassade lösningar för städ och fastighetstjänster till företag och privatpersoner. Kontorsstädning, hemstädning, flyttstädning, golvvård (inkl. ny polish), storstädning, akutstädning, butiksstädning, restaurangstädning, trappstädning, fönsterputs m.m. Säte i Hörby, betjänar hela Skåne. Nya kunder 10% rabatt.","Lund|Malmö|Helsingborg|Hela Skåne (Båstad till Ystad, Osby till Trelleborg)",Unitedstäd service & Facility Management AB har sitt säte i Hörby men har hela Skåne som arbetsplats. Levererar tjänster till både företag och privatkunder i hela Skåne-länet. Har ett Lund-kontor på Sankt Hans gränd 2. Bankgiro: 142-3789. Öppettider Lund: mån–fre 07:00–16:00.,,,,Aktiebolag,Ja,4.8,10,,,,Online formulär|Telefon|E-post,Kontakta för offert. 10% rabatt för nya kunder.,Svenska,,https://maps.google.com/?cid=6840877780514565709,ChIJ5yFseS-WU0YRTe5uyxiu714,"High – website, contact details and org_number confirmed",unitedstad.se|svenskahantverkare.se|foretagsproffs.advokater24.nu,2026-07-24
Cleantec - Kontorsstädning & allt inom städ,Cleantec Group AB,559372-6077,Prennegatan 2E,223 53,Lund,Centrum,079-350 25 10,info@cleantecsweden.se,https://cleantecsweden.se,https://cleantecsweden.se/wp-content/uploads/2022/02/Cleantec-Logotyp_Svart.png,https://places.googleapis.com/v1/places/ChIJNUbsEmWXU0YRtoaAhf10Sss/photos/AaVGc3y*&key=AIzaSyAgucJSAxcE0tpOe1l47Xy0Rw4QehRSg94,Kontorsstädning|Hemstädning|Flyttstädning|Flyttstädning student|Byggstädning|Fönsterputs|Mattvätt|Möbelrengöring|Storstädning|Visningsstädning,"Kontorsstädning: skräddarsydda städlösningar för kontor, butik och verkstad. Hemstädning: engångsuppdrag utan avtalsbindning. Flyttstädning: inkl. besiktning och nyckelinlämning med nöjd kund-garanti. Studentpaket: flyttstäd + besiktning + nyckelinlämning. Fönsterputs: miljövänlig puts med 100% återvunna putsdukar. Mattvätt: professionell mattrengöring. Byggstädning: tar bort byggdamm för företag.",Lund|Malmö,Cleantec är det lilla städbolaget med stort miljöfokus baserat i centrala Lund. Vi levererar hållbara städtjänster till privat- och företagskunder i Lund och Malmöområdet. Vi är extremt petiga med städkvaliteten och prioriterar alltid miljön. Vår ambition är att bli södra Sveriges grönaste städbolag.,2022,,1,Aktiebolag,Ja,5,30,"Verkligen supernöjd – professionella och snabba (Christoffer Sörensson)|Smidigt för student – städning, besiktning och nyckelinlämning till rimligt pris (Drajan Dreifaldt)|Excellent (Georges André)|Fick kontakt direkt, trevligt och proffsigt bemötande (Marina Håkonsson)",,Godkänd F-skatt,Webbformulär|Telefon 079-350 25 10|E-post,Kontorsstädning: kontakta för offert. Prova på städning och fasta priser efter behov.,Svenska,,https://maps.google.com/?cid=14648649370191300278,ChIJNUbsEmWXU0YRtoaAhf10Sss,"High – website confirmed at Prennegatan 2E, registry data from hitta.se verified org nr",cleantecsweden.se|hitta.se/verksamhet/cleantec-group-ab|stadningguiden.se,2026-07-24
"HomeMaid Lund - Hemstäd, flyttstäd & fönsterputs",Homemaid AB (publ),556543-8883,Traktorvägen 11,226 60,Lund,Norra Fäladen,046-13 85 35,,https://homemaid.se,https://www.google.com/s2/favicons?domain=homemaid.se&sz=128,https://places.googleapis.com/v1/places/ChIJucrLiMOXU0YRlRvi8OM-RPY/photos/AaVGc3k*&key=AIzaSyAgucJSAxcE0tpOe1l47Xy0Rw4QehRSg94,Hemstädning|Flyttstädning|Fönsterputs|Storstädning|Golvvård,Hemstädning: återkommande städning med fast städare. Flyttstädning: med garanti och besiktningsmedverkan. Fönsterputs: in- och utvändig puts. Storstädning: grundlig djuprengöring. Golvvård: underhåll och behandling av golv.,Lund|Malmö|Skåne,"HomeMaid är ett av Sveriges ledande städbolag, noterat på börsen. Lund-kontoret på Traktorvägen 11 servar privatkunder i Lund med hemstädning, flyttstädning och fönsterputs. Bolaget grundades 1997 och har 692 anställda nationellt (2024) med en omsättning på 370,6 Mkr.",1997,,692 (nationellt),Aktiebolag (publ),Ja,4.6,88,,hitta.se: 4.1 (130 omdömen),F-skatt|Momsregistrerad,Online via homemaid.se|Telefon 046-13 85 35,RUT-avdrag tillämpas. Priser varierar efter tjänst och frekvens.,Svenska,,https://maps.google.com/?cid=17745377580466445205,ChIJucrLiMOXU0YRlRvi8OM-RPY,"High – nationellt bolag, org nr bekräftat via hitta.se, Lund-adress på Traktorvägen 11",hitta.se/verksamhet/homemaid-ab-lund|homemaid.se,2026-07-24
EMA Städtjänst AB,Ema Städtjänst AB,559307-4239,Pantbrevsgatan 1E,226 43,Lund,Norra Fäladen,073-690 30 29,,https://emastadtjanst.se,https://emastadtjanst.se/wp-content/uploads/2023/06/cropped-ema-favicon-32x32.png,https://places.googleapis.com/v1/places/ChIJHxP9Rtm9U0YRAmOy5ZvMY4s/photos/AaVGc3l*&key=AIzaSyAgucJSAxcE0tpOe1l47Xy0Rw4QehRSg94,Hemstädning|Kontorsstädning|Storstädning|Flyttstädning|Fönsterputsning,Hemstädning: personlig och flexibel service med fokus på helheten och detaljer. Kontorsstädning: anpassad städning för företag. Storstädning: grundlig städning inkl. svårstädade ställen. Flyttstädning: professionell städning vid in- och utflyttning. Fönsterputsning: ren och professionell puts.,Lund|Malmö|Hjärup|Eslöv|Staffanstorp|Kranskommuner,EMA Städtjänst drivs av det gifta paret Hilina Wolde Abebe och Filagot Gebrewold Lemma som ursprungligen kommer från Etiopien och bor i Lund. De startade bolaget 2019 och har sedan dess servat Lund med omnejd. Bolaget är känt för personlig service och hög flexibilitet. Kommunicerar bäst på engelska men förstår svenska.,2021,Hilina Wolde Abebe|Filagot Gebrewold Lemma,4,Aktiebolag,Ja,5,40,"Anlitat Ema Städtjänst i snart 3 år – Hilina och Filagot är trevliga, engagerade och pålitliga (Emma Appelgren, Lund)|Städar bra, punktliga och prisvärda, flexibla med tider (Christer Wallström, Lund)|Bra jobb till ett vettigt pris, alltid trevliga och flexibla (Maria Sjöstrand, Lund)",,F-skatt|Momsregistrerad,Webbformulär på emastadtjanst.se|E-post,Kontakta för offert.,Svenska|Engelska,,https://maps.google.com/?cid=10044096563912008450,ChIJHxP9Rtm9U0YRAmOy5ZvMY4s,"High – website bekräftad, org nr och styrelsedata från ratsit.se och hitta.se",emastadtjanst.se|ratsit.se/5593074239|hitta.se/verksamhet/ema-stadtjanst-ab,2026-07-24
Mandou städ,Mandou städ,,Råbylundsvägen 85,224 80,Lund,Östra,070-223 84 87,,https://mandoustad.se,https://mandoustad.se/wp-content/uploads/sites/99/2025/04/cropped-Mandou-logga.png,https://places.googleapis.com/v1/places/ChIJsxM57UeXU0YR6vds2y5RljM/photos/AaVGc3l*&key=AIzaSyAgucJSAxcE0tpOe1l47Xy0Rw4QehRSg94,Hemstädning|Flyttstädning|Trappstädning|Kontorstädning|Dödsbostädning|Fönsterputs|Storstädning|Visningsstädning,Hemstädning: anpassad städning med samma städare varje gång. Flyttstädning: komplett med garanti inkl. fönsterputs och vitvaror. Trappstädning: för BRF och fastighetsägare. Kontorstädning: diskret och effektivt med miljövänliga produkter. Dödsbostädning: med respekt och diskretion. Fönsterputs: professionell puts.,Lund|Lomma|Staffanstorp|Hela Skåne,"Mandou Städning är en lokal städfirma i Lund verksam i hela Skåne med fokus på kvalitet, noggrannhet och personlig service. Registrerad som enskild firma på Råbylundsvägen 85. Erbjuder RUT-avdrag och garantistädning. Just nu 15% rabatt för nya kunder.",,,,Enskild firma,Ja,5,26,,,,Webbformulär på mandoustad.se|Telefon 070-223 84 87,Kostnadsfri offert. RUT-avdrag 50% skattereduktion. 15% rabatt för nya kunder.,Svenska,,https://maps.google.com/?cid=3717247804132620266,ChIJsxM57UeXU0YR6vds2y5RljM,"Medium – website bekräftad och adress verifierad, men org-nummer ej hittat (enskild firma utan publikt personnummer)",mandoustad.se|hitta.se/verksamhet/mandou-stad|stadningguiden.se,2026-07-24
Mahmou städ,,,Malakitgatan,224 88,Lund,Östra,,,,https://www.google.com/s2/favicons?domain=google.com&sz=128,https://places.googleapis.com/v1/places/ChIJ9xr2unSXU0YRFCPbIFHsHqo/photos/AaVGc3l*&key=AIzaSyAgucJSAxcE0tpOe1l47Xy0Rw4QehRSg94,,,Lund,,,,,,Okänt,5,20,,,,,,,,https://maps.google.com/?cid=12258495068936807188,ChIJ9xr2unSXU0YRFCPbIFHsHqo,"Low – ingen webbplats, telefon eller registreringsdata hittad; liknande namn 'Mandou städ' finns på Malakitgatan-adressområdet men inga uppgifter om 'Mahmou städ'",Google Places only,2026-07-24
Städproffsen i Skåne AB Lund,Städproffsen i Skåne Aktiebolag,556805-4901,Sellerigatan 12,224 78,Lund,Östra,046-274 50 30,info@stadproffsen.nu,https://stadproffsen.nu,https://stadproffsen.nu/wp-content/uploads/2018/02/stadproffsen-logotyp-vit.png,https://places.googleapis.com/v1/places/ChIJFfC6LZmXU0YRiFq19uBJOSk/photos/AaVGc3l*&key=AIzaSyAgucJSAxcE0tpOe1l47Xy0Rw4QehRSg94,Hemstädning|Kontorsstädning|Flyttstädning|Trappstädning|Fönsterputs|Byggstädning|Golvvård|Klottersanering|Tak- och fasadtvätt|Målningsarbete|Maskinuthyrning,"Hemstädning och kontorsstädning med personlig legitimation för personal och tystnadsplikt. Flyttstädning med besiktningsmedverkan. Tak- och fasadtvätt, klottersanering och mjukblästring. Golvvård och byggstädning. Maskinuthyrning.",Lund|Kristianstad|Hässleholm|Broby|Sölvesborg|Bromölla|Sjöbo|Hörby|Hela Skåne och Blekinge,"Städproffsen grundades i Knislinge 2010 och förvärvades av Mats Ivarsson 2017. Bolaget öppnade ett andra kontor i Lund 2021 för bättre service i södra Skåne. Helhetstänkande serviceföretag med kollektivavtal (Almega, Byggnads, Måleriförbundet) och miljöcertifierade produkter. Ingår i koncernen Proffsen I Skåne Holding AB.",2010,Mats Ivarsson (förvärvare 2017),15,Aktiebolag,Ja,5,11,"Bra utfört arbete och trevlig personal|Fasen vad bra resultatet blev – verkligen ett proffsigt företag på alla sätt (Mats Ivarsson)|Heltäckande städfirma som även målar, tvättar fasader, slipar golv – Rekommenderas starkt",,F-skatt|Kollektivavtal|ID06 liftkort|Fallskyddsutbildning,Webbformulär på stadproffsen.nu|Telefon 046-274 50 30|E-post info@stadproffsen.nu,Offertbaserat. Kampanj: 20% rabatt på fönsterputs.,Svenska,https://www.facebook.com/104410938575480,https://maps.google.com/?cid=2970486659788135048,ChIJFfC6LZmXU0YRiFq19uBJOSk,"High – website bekräftad, org nr från allabolag.se, Lund-adress Sellerigatan 12 bekräftad via opendi.se",stadproffsen.nu|allabolag.se/foretag/stadproffsen-i-skane|opendi.se/lund/302195.html,2026-07-24
Lunds Städservice,Lunds Städservice AB,556829-2303,Odlarevägen 14,226 60,Lund,Norra Fäladen,046-211 85 25,info@lundsstadservice.se,https://lundsstadservice.se,https://www.lundsstadservice.se/@img/logo-white.png,https://places.googleapis.com/v1/places/ChIJqaeuoCS9U0YR4nll5qEtMjs/photos/AaVGc3m*&key=AIzaSyAgucJSAxcE0tpOe1l47Xy0Rw4QehRSg94,Hemstädning|Lokalvård|Fönsterputsning|Butiksstädning|Kontorsstädning|Trappstädning,Hemstädning: specialitet mot privatpersoner med lokal förankring. Lokalvård: traditionell kontorsstädning mot företag. Fönsterputsning: professionell puts. Butiksstädning: för butiker och salonger. Kontorsstädning: regelbunden städning av kontor. Trappstädning: för BRF och fastighetsägare.,Lund|Staffanstorp|Veberöd|Dalby|Södra Sandby|Kävlinge|Löddeköpinge|Bjärred|Lomma|Hjärup,"Lunds Städservice AB är en lokal städfirma med säte i Lund med över 10 års samlad erfarenhet. Specialitet är hemstädning mot privatpersoner och traditionell lokalvård mot företag. Bolaget värnar om kompetens, lokal förankring och seriöst företagande. Styrelsens ledamot: David Bert Ulvmoen.",2010,,4,Aktiebolag,Ja,5,5,,,F-skatt|Momsregistrerad|Arbetsgivaravgift,Kontakta via lundsstadservice.se|Telefon 046-211 85 25|E-post info@lundsstadservice.se,Kontakta för offert.,Svenska,,https://maps.google.com/?cid=4265521970451675618,ChIJqaeuoCS9U0YR4nll5qEtMjs,"High – website bekräftad, org nr från allabolag.se och hitta.se, kontaktuppgifter från lundsstadservice.se/kontakt",lundsstadservice.se|allabolag.se/foretag/lunds-stadservice-ab|hitta.se/verksamhet/lunds-stadservice-ab,2026-07-24
Qleanex Städfirma Lund,Qleanex Facility Service Aktiebolag,559539-8495,Höstbruksvägen 10,226 60,Lund,Norra Fäladen,010-641 00 51,info@qleanex.se,https://www.qleanex.se,https://www.qleanex.se/wp-content/uploads/2022/01/cropped-Logo_Q_Rityta-sq.png,https://places.googleapis.com/v1/places/ChIJB1PRosa9U0YRbZ_SrWF8Epg/photos/AaVGc3l*&key=AIzaSyAgucJSAxcE0tpOe1l47Xy0Rw4QehRSg94,Hemstädning|Flyttstädning|Storstädning|Kontorsstädning|Fönsterputsning|Golvvård|Byggstädning|Trappstädning|Företagsstädning,Hemstädning: återkommande eller engångsstädning. Flyttstädning: med 14 dagars garanti på besiktningen. Golvvård: experter på alla golvtyper. Fönsterputsning: upp till 18 meter med ultrarent vattensystem. Storstädning: golv till tak. Byggstädning: efter renovering eller nybygge. Kontorsstädning: för alla typer av företag.,Lund|Helsingborg|Hela Skåne,Qleanex Facility Service Aktiebolag är en städfirma i Helsingborg med Lund-kontor på Höstbruksvägen 10. Bolaget har över 15 års erfarenhet i branschen och levererar städtjänster med fokus på kvalitet och miljö i hela Skåne. VD: Nour Diab. Bolaget registrerades 2025-08-04.,2025,Nour Diab,5-9,Aktiebolag,Ja,,,"Fläckfritt arbete – väldigt trevliga, snabba och städar noggrant (Miryam)|Flyttstäd villa 250 kvm – helt utan anmärkningar på besiktningen (R. Linde)|Mycket professionellt och pålitlig super bra service (J. Landén)",tupalo.se: noterad,F-skatt|Momsregistrerad,Webbformulär på qleanex.se|Telefon 010-641 00 51|E-post info@qleanex.se,Flyttstädning 0-64 kvm: 1795 kr. 65-79 kvm: 1995 kr. 80-99 kvm: 2195 kr. 100-110 kvm: 2495 kr. 120-130 kvm: 2995 kr. 200+ kvm: offert. RUT-avdrag 50%.,Svenska,,https://maps.google.com/?cid=10957957602315771757,ChIJB1PRosa9U0YRbZ_SrWF8Epg,"Medium – website bekräftad, org nr från allabolag.se (Helsingborg-bolag), Lund-adress Höstbruksvägen 10 bekräftad via tupalo.se men ej direkt på webbplats",qleanex.se|allabolag.se/foretag/qleanex-facility-service|tupalo.se/lund/qleanex-stadfirma-lund,2026-07-24
Städhjälpen i Lund - Städfirma,,,Tullgatan 13a,223 54,Lund,Centrum,076-855 32 37,bokning@stadhjalpen.nu,https://www.stadhjalpen.nu,https://www.stadhjalpen.nu/images/logo.webp,https://places.googleapis.com/v1/places/ChIJdWUdrreXU0YRD7c0HjheR80/photos/AaVGc3k*&key=AIzaSyAgucJSAxcE0tpOe1l47Xy0Rw4QehRSg94,Hemstädning|Flyttstädning|Kontorsstädning|Storstädning|Trappstädning|Byggstädning|Fönsterputsning|Företagsstädning|Prova-på städning,"Hemstädning: återkommande med 2 städare, miljövänliga produkter, RUT-avdrag. Flyttstädning: fasta priser per m², med garanti. Kontorsstädning: ca 10-25 kr/m² exkl. moms. Trappstädning: ca 800-3500 kr/mån. Storstädning: grundlig djuprengöring. Prova-på städning: rabatterat pris för nya kunder.",Lund centrum|Norra Fäladen|Möllevången|Klostergården|Nöbbelöv|Linero|Gunnesbo|Dalby|Veberöd|Södra Sandby|Genarp|Helsingborg|Landskrona|Lomma|Kävlinge|Bjuv,"Städhjälpen är din personliga städfirma sedan 2017 verksam i nordvästra Skåne. De erbjuder hemstädning, företagsstädning och specialtjänster i hela Lunds kommun. Alltid 2 städare vid varje uppdrag, miljövänliga produkter och tydliga rutiner. Inga bindande avtal, flexibla abonnemangsmodeller.",2017,,,,Ja,4.5,4,"Mycket ambitiösa städare och bra bemötande – Rekommenderas varmt (Terece Dahlberg)|Väldigt proffsig städpersonal och bra bemötande från kundtjänsten (Johannes Bragazzi)|5/5 – väldigt nöjd med städningen (Simon H)|Vi har hemstädning varje vecka och är jättenöjda (Karin & Mats, Lund centrum)",,Utbildad och försäkrad personal,Online bokning via stadhjalpen.nu|Telefon 076-855 32 37|E-post bokning@stadhjalpen.nu,"Hemstädning: ca 600-1100 kr/tillfälle efter RUT (45m²: ca 380-510 kr, 75m²: ca 665-890 kr, 100m²: ca 900-1170 kr). Flyttstädning: ca 1500-3000 kr. Storstädning: ca 1000-2000 kr. Fönsterputs: ca 600-1200 kr. Kontorsstädning: ca 10-25 kr/m².",Svenska,,https://maps.google.com/?cid=14791895096239634191,ChIJdWUdrreXU0YRD7c0HjheR80,"Medium – website bekräftad med kontaktuppgifter, men org-nummer och legal_form ej hittad i öppna register; adress Tullgatan 13a ej synlig på webbplatsen",stadhjalpen.nu|stadhjalpen.nu/stadfirma-lund|stadhjalpen.nu/kontakt,2026-07-24
Stor&Liten Högtryck AB,Stor&liten Högtryck AB,559557-5563,Södra Esplanaden 5A,223 54,Lund,Centrum,,,https://www.storlitenhogtryck.se/,https://www.storlitenhogtryck.se/og-image.png,https://places.googleapis.com/v1/places/ChIJ4xc1oz4dwA0RghSq5oCO3L8/photos/AaVGc3kZ*&key=AIzaSyAgucJSAxcE0tpOe1l47Xy0Rw4QehRSg94,Stentvätt|Taktvätt|Altantvätt|Fasadtvätt,"Stentvätt: Rengöring av uppfarter, uteplatser och gångar med högtryck. Taktvätt: Skonsam och effektiv rengöring av tak. Altantvätt: Tvätt av trädäck och altaner utan att skada träet. Fasadtvätt: Rengöring av fasader för ett fräschare intryck.",Lund|Skåne|Staffanstorp|Vejbystrand,"Vi är två killar från Lund som driver Stor&Liten Högtryck med fokus på kvalitet och nöjda kunder. Vi erbjuder professionell sten-, trall- och fasadtvätt för både privatpersoner och företag, och ser till att varje jobb blir ordentligt gjort från start till mål. Specialister på professionell rengöring av sten, trädäck, tak och fasader med modern utrustning.",2025,Karl Emil Borna|Joacim Carl Christoffer Thörnquist,0,Aktiebolag,Nej,5,28,"Martin Garwicz: Ett helproffsigt jobb från början till slut – trevligt bemötande, effektiv planering, noggrant och ambitiöst genomförande och mycket rimligt pris!|Jonas Eek: Trevliga grabbar som kom som utlovat. Utförde tvätt, algbehandling, impregnering samt sopade ut fogsand.|Catharina Aminoff: Snabb respons och mycket trevligt bemötande. Tvätt av två trädäck och behandling mot alger på fasaden väl utfört.",,,Kostnadsfri offert via webbformulär,Kostnadsfri offert – kontakta via webbplats,Svenska,,https://maps.google.com/?cid=13825081640397444226,ChIJ4xc1oz4dwA0RghSq5oCO3L8,"High – webbplats bekräftad, org.nr. verifierat via Syna/hitta.se; grundare/styrelse bekräftade. Telefon/e-post ej publicerade.",https://www.storlitenhogtryck.se/|https://upplysningar.syna.se/foretag/5595575563/storliten-hogtryck-ab|https://www.hitta.se/verksamhet/storochliten-hogtryck-ab-cnppyaprs,2026-07-24
Five Star Städ i Skåne AB,Five Star Städ i Skåne AB,559018-4841,Scheelevägen 17,223 63,Lund,Centrum,073-595 42 51,info@5starstad.se,https://www.5starstad.se/,https://www.google.com/s2/favicons?domain=5starstad.se&sz=128,,Hemstädning|Kontorsstädning|Fönsterputsning|Byggstädning|Flyttstädning|Visningsstädning|Storstädning,Hemstädning: Regelbunden hemstädning med RUT-avdrag. Kontorsstädning: Komplett kontorsstädning med hög kvalitet till förmånliga priser. Fönsterputsning: Professionell fönsterputs med rätt redskap och teknik. Byggstädning: Stort eller litet uppdrag. Flyttstädning: Komplett flyttstädning med 14 dagars garanti. Visningsstädning: Städning inför bostadsvisning.,Lund kommun|Malmö kommun|Eslöv|Bjärred|Lomma|Burlöv|Löddeköpinge|Bjuv|Arlöv|Staffanstorp|Åkarp|Hörby,"Five Star Städ i Skåne AB är ett familjeföretag som startades 2012 och drevs då som enskild firma. Under 2015 ändrades bolagsform till aktiebolag. Företaget är specialiserat på städning av kontor och hemstädning med hög kvalitetsstädning. Firman har F-skattsedel, är momsregistrerad, har ansvarsförsäkring, följer kollektivavtal och använder miljövänliga städprodukter.",2012,S S Esmail,10,Aktiebolag,Ja,3.5,6,,hitta.se: 4.6/5 (34 omdömen),F-skatt|Momsregistrerad|Ansvarsförsäkring|Kollektivavtal,Telefon|E-post|Webbformulär för offert,Rimliga priser; RUT-avdrag erbjuds. Beställ offert via webbplats.,Svenska|Engelska,,https://maps.google.com/?cid=4213014220506994797,ChIJD1npSrWXU0YRbRj9rhyidzo,"High – webbplats bekräftad, org.nr. verifierat via allabolag.se och hitta.se; grundare/styrelse bekräftad.",https://www.5starstad.se/|https://www.allabolag.se/foretag/five-star-st%C3%A4d-i-sk%C3%A5ne-ab/lund/st%C3%A4dservice/2KG9289I5YH6T|https://www.hitta.se/verksamhet/five-star-stad-i-skane-ab-fhkoopqbx,2026-07-24
M&R Städ AB,M&r Group AB,559396-7762,"Propellervägen 2C, C13",224 78,Lund,Östra,073-085 28 30,info@mrstad.se,https://www.mrstad.se/,https://usercontent.one/wp/www.mrstad.se/wp-content/uploads/2023/05/cropped-mr_ico200-32x32.png?media=1774288000,https://places.googleapis.com/v1/places/ChIJafO-HtuXU0YR8Hv6JLuUYRM/photos/AaVGc3ng*&key=AIzaSyAgucJSAxcE0tpOe1l47Xy0Rw4QehRSg94,Hemstädning|Flyttstädning|Fönsterputsning|Storstädning|Visningsstädning|Kontorsstädning|Byggstädning|Dödsbostädning|Klinikstädning|Skola/förskola städning,Hemstädning: Trygg och säker hemstädning med 100% nöjda kunder. Flyttstädning: Professionell städning vid flytt. Fönsterputsning: Professionell fönsterputs. Storstädning/Visningsstädning: Grundlig städning. Kontorsstädning: Städning av kontor och lokaler. Byggstädning: Städning efter byggarbete. Dödsbostädning: Respektfull städning av dödsbo. Klinik: Städning för kliniker. Skola/förskola: Städning anpassad för förskolor och skolor.,Skåne,"M&R Städ AB är ett städbolag med kunder över hela Skåne. Nyckelord är kvalitet, miljö och kundvård. Samtliga lokalvårdare är utbildade inom lokalvård och miljö. Företaget arbetar med miljövänliga produkter och erbjuder möjlighet att begära utdrag ur belastningsregistret för tilldelat städteam. Erbjuder kemikaliefri städning för hushåll mot offert.",2022,Mohamed Abdalla Youssef Ahmed,1,Aktiebolag,Ja,4.1,18,Styrelsen Brf Tomtebo 5: Toppen!|Mohamed Ahmed: Bra kontakt och trevliga personal!,,F-skatt|Momsregistrerad,Webbformulär för offert|Telefon|E-post,Kostnadsfri offert via webbplats. RUT-avdrag erbjuds.,Svenska,,https://maps.google.com/?cid=1396560890961755120,ChIJafO-HtuXU0YR8Hv6JLuUYRM,"Medium – webbplats bekräftad, org.nr. verifierat via hitta.se. Juridiskt namn är M&r Group AB (ej M&R Städ AB). Grundarnamn bekräftat. Anställda 1 (liten omsättning 880 tkr 2024).",https://www.mrstad.se/|https://www.mrstad.se/kontakt/|https://hitta.se/verksamhet/mochr-stad-ab-nrvfjmmop|https://www.svenskahantverkare.se/stadfirma/lund/mr-stad-ab,2026-07-24
Garanti-Städ i Lund AB,Garanti-Städ i Lund AB,556513-3328,Propellervägen 14,224 78,Lund,Östra,070-721 40 43,,https://www.garantistad.se/,https://www.garantistad.se/images/logoicon.png,https://places.googleapis.com/v1/places/ChIJQ206vZ2XU0YRQpt9pDi3yPI/photos/AaVGc3n0*&key=AIzaSyAgucJSAxcE0tpOe1l47Xy0Rw4QehRSg94,Trappstädning|Kontorsstädning|Golvvård|Fönsterputs,Trappstädning: Regelbunden trappstädning med miljöanpassade produkter och flexibla tider. Kontorsstädning: Professionell städning av kontor och företagslokaler. Golvvård: Professionell golvbehandling som förlänger livslängden och återställer glansen. Fönsterputs: Kristallklara fönster både in- och utvändigt med professionell utrustning.,Lund|Malmö|Skåne,Garanti-Städ i Lund AB grundades 1990 med en vision att erbjuda högkvalitativ städservice som överträffar förväntningarna. Från ett litet familjeföretag har bolaget vuxit till en av Lunds mest betrodda städfirmor med 500+ nöjda kunder och 35+ år i branschen. Fokus på långsiktiga relationer med bostadsrättsföreningar och företag. Använder miljöcertifierade produkter. All personal är bakgrundskontrollerad och fullt försäkrad.,1990,Ingemar Månsson (VD),11,Aktiebolag,Okänt,4.5,6,"Brf B.: Bra, som tidigare!",hitta.se: 5.0/5 (3 omdömen),Miljöcertifierade produkter|Bakgrundskontrollerad personal|Fullt försäkrad,Telefon för offert|Ring för offert,Inga dolda avgifter. Tydlig offert före arbetet påbörjas. Flexibla tider.,Svenska,,https://maps.google.com/?cid=17494434206426438466,ChIJQ206vZ2XU0YRQpt9pDi3yPI,"High – webbplats bekräftad, org.nr. verifierat via hitta.se och allabolag.se. VD-namn från webbplatsen. E-post ej publicerad.",https://www.garantistad.se/|https://www.hitta.se/verksamhet/garanti-stad-i-lund-ab-hcqrbfmp|https://www.hitta.se/f%C3%B6retagsinformation/garanti-st%C3%A4d+i%20lund%20ab/5565133328,2026-07-24
55Plus Lund,Bengt L Nilsson AB,556858-5060,Sunnanväg 5,222 70,Lund,Västra,070-515 19 38,,https://www.55plus.se/lund/,https://www.google.com/s2/favicons?domain=55plus.se&sz=128,https://places.googleapis.com/v1/places/ChIJpxbm0eWXU0YRWUB4cOFhQco/photos/AaVGc3lrT*&key=AIzaSyAgucJSAxcE0tpOe1l47Xy0Rw4QehRSg94,Hemstädning|Storstädning|Hustömning|Dödsbostädning|Flyttstädning|Fönsterputsning|Gräsklippning|Trädgårdsskötsel|Trädbeskärning|Häckklippning|Målning och tapetsering|Snickeri,"Hemstädning: Regelbunden, skräddarsydd hemstädning – samma medarbetare varje gång. Storstädning: Grundlig städning av hela hemmet. Hustömning/Dödsbostädning: Professionell och respektfull bohagstömning. Flyttstädning: Komplett städning vid flytt. Fönsterputsning: Glasklara rutor. Gräsklippning och trädgårdsskötsel: Trädgårdsarbete inne och ute. ROT- och RUT-tjänster erbjuds.",Lund,"55Plus Lund är en del av en av Sveriges största leverantörer av hushållsnära tjänster. Verksamhetsansvariga är Linda Lantz och Jenny Nilsson. Medarbetarna är ofta seniorer. Bolaget (Bengt L Nilsson AB) registrerades 2011. Erbjuder tjänster till både hushåll och företag med fokus på kvalitet, trygghet och personlighet. Ingen bindningstid på städabonnemang. Betalar en gång i månaden via faktura.",2011,Bengt L Nilsson,2,Aktiebolag,Ja,5,1,,,Försäkrad upp till 10 miljoner kronor,Kontakta lokalkontor via telefon eller webbformulär,Ingen bindningstid. Faktura en gång i månaden. RUT-avdrag 50% på arbetskostnad. Avbokning senast 48 h i förväg.,Svenska,,https://maps.google.com/?cid=14574037490030100569,ChIJpxbm0eWXU0YRWUB4cOFhQco,Medium – webbplats bekräftad (55plus.se/lund). Org.nr./juridiskt namn verifierat via hitta.se (Bengt L Nilsson AB). Google-adress Sunnanväg 5 stämmer ej med hitta.se-adress Traktorvägen 12 – båda sparade; Google-adress är backbone-värde och behålls. E-post ej publicerad.,https://www.55plus.se/lund/|https://www.55plus.se/lund/hemstadning/|https://www.55plus.se/lund/hustomning/|https://www.hitta.se/verksamhet/55plus-lund-fnqxicrrs,2026-07-24
Rydgren och Son Fönsterputs AB,Rydgren Consulting Sweden AB,559180-3282,Åkergränden 7,226 60,Lund,Norra Fäladen,046-18 00 18,,,https://media.licdn.com/dms/image/v2/C4D0BAQHQi5pS4Wpy8g/company-logo_200_200/company-logo_200_200/0/1630567078648?e=2147483647&v=beta&t=dpdIjcNiGqF2H-lvwX86oAQquYf32ALWNKbwaIqdKgQ,https://places.googleapis.com/v1/places/ChIJmStJ7r-RU0YRWUjvU9DNokQ/photos/AaVGc3kB*&key=AIzaSyAgucJSAxcE0tpOe1l47Xy0Rw4QehRSg94,Fönsterputsning|Persienner,"Fönsterputsning: Professionell fönsterputs för privatpersoner och företag med fokus på kvalitet, säkerhet och miljö. Erbjuder abonnemang och engångstjänster. Persienner: Lokalt tillverkade, måttanpassade persienner (lanserades 2024). OBS: Bolaget meddelade juli 2026 att det är en del av Ultraputs AB.",Lund|Skåne|Malmö,"Rydgren och Son Fönsterputs AB är ett litet familjeägt företag inom fönsterputsning, grundat 2018. Mål: professionell fönsterputsning med attraktiv prissättning – kvalitet, säkerhet och goda kundrelationer i fokus. Fyra ledord: Kvalité, Kunder, Säkerhet, Miljö. Bolaget meddelade i juli 2026 att det är en del av Ultraputs AB, en större organisation med erfarenhet sedan 2001.",2018,,0,Aktiebolag,Ja,4.2,6,,Reco.se: Rekommenderat företag 2023 och 2024,,Webbplats (ej tillgänglig vid verifiering)|Telefon,"Säsongsrabatter: 15% i juli, 10% nov-dec (historisk info). Kontakta för aktuell prissättning.",Svenska,https://www.linkedin.com/company/rydgrenochsonfonsterputsab,https://maps.google.com/?cid=4945741635451308121,ChIJmStJ7r-RU0YRWUjvU9DNokQ,Medium – org.nr. verifierat via hitta.se (juridiskt namn Rydgren Consulting Sweden AB). Webbplats ej bekräftad vid sökning. Telefon 0762388270 (mobil) resp. 046-18 00 18 (växel) från olika källor. Viktigt: LinkedIn-post juli 2026 bekräftar fusion med Ultraputs AB – bolagets självständiga status bör verifieras.,https://kollen.hk-r.se/rydgren-och-son-fonsterputs-ab---226910|https://www.hitta.se/rydgren+och+son+f%C3%B6nsterputs+ab/-/jcprbfjop|https://linkedin.com/company/rydgrenochsonfonsterputsab,2026-07-24
City Städtjänst - Städföretag i Skåne,,,Företagsvägen 30,232 37,Lund,Arlöv,010-761 81 69,,https://citystadtjanst.se/,https://www.google.com/s2/favicons?domain=citystadtjanst.se&sz=128,https://places.googleapis.com/v1/places/ChIJr3a7YoGjU0YRf7HZSGR9D-c/photos/AaVGc3mV*&key=AIzaSyAgucJSAxcE0tpOe1l47Xy0Rw4QehRSg94,Hemservice|Utökad hemservice|Storstädning|Flyttstädning|Fönsterputs|Kontorsstädning|Byggstädning|Sanering|Grovstädning|Dödsbostädning,Hemservice: Regelbunden hemstädning anpassad efter kundens önskemål. Storstädning: Grundlig städning. Flyttstädning: Komplett städning vid flytt. Fönsterputs: Professionell fönsterputsning. Kontorsstädning: Städning för företag och skolor. Byggstädning: Städning efter byggarbete. Sanering: Professionell sanering. Grovstädning: Tyngre städuppdrag. Dödsbostädning: Städning av dödsbo.,Malmö|Lund|Skåne,"City Städtjänst är en städfirma i Skåne som lägger stor vikt vid att vara kunden till behags genom att bygga upp tillit. Professionell personal och alltid miljövänliga produkter. Erbjuder städning för företag, skolor och privatpersoner med tydliga rutiner och personal som har kollektivavtal.",,,,,Okänt,4,1,,"Reco.se: 4.9/5 (27 omdömen) – Pålitliga, flexibla och duktiga. Rekomenderar starkt|Förstklassigt utfört arbete. Speciellt ledaren Fatima i teamet.",Kollektivavtal,Telefon|Webbformulär för offert,Kontakta för offert. E-faktura möjlig.,Svenska,,https://maps.google.com/?cid=16649664217084440959,ChIJr3a7YoGjU0YRf7HZSGR9D-c,Low – webbplats citystadtjanst.se returnerade 503 vid hämtning. Org.nr. ej hittad i tillgängliga register. Telefon och adress bekräftade från Reco.se och FöretagsProfs. Juridiskt namn okänt.,https://www.reco.se/city-stadtjanst|https://foretagsproffs.advokater24.nu/city-stadtjanst-stadforetag-i-skane---44143|https://www.tellows.se/num/0107618169,2026-07-24
Interputs AB,Interputs AB,559029-9748,Virvelvägen 3,232 36,Lund,Arlöv,040-64 31 333,,https://interputs.se/,https://interputs.se/wp-content/uploads/2025/03/Interputs-logo.webp,https://places.googleapis.com/v1/places/ChIJ0yCBeVWiU0YRKDHhrf5PdKI/photos/AaVGc3mn*&key=AIzaSyAgucJSAxcE0tpOe1l47Xy0Rw4QehRSg94,Fönsterputsning (abonnemang)|Fönsterputsning (engång)|Utvändig fönsterputs,"Fönsterputsning via abonnemang: Regelbunden utvändig fönsterputs utan bindningstid – schema anpassat efter kunden. Fönsterputsning engång: Bokning när det passar. Utvändig fönsterputs: Villa, hus, lantgård, lägenhet på markplan, uterum, annex och balkonger. Prova-på-kampanj: upp till 20 fasadfönster utvändigt för 199 kr (kod INTRO26). Betalning via E-faktura eller fysisk faktura.",Sydskåne|Arlöv|Burlöv|Malmö,"Interputs AB är ett sydskånskt fönsterputsarföretag med fokus på kvalitet och kundnöjdhet. Grundat 2015. Erbjuder professionell fönsterputsning för privatpersoner och företag. Bolaget har 1 dotterbolag och ingår i en koncern med 2 bolag. Ledamot: Joakim Charsten B Christiansen (f. 1986). Omsättning 4 530 tkr (2024), 9 anställda.",2015,Joakim Charsten B Christiansen,9,Aktiebolag,Ja,4.6,20,,hitta.se: 4.7/5 (1488 omdömen),F-skatt|Momsregistrerad,Webbformulär för abonnemang|Telefon|Ring upp-formulär,Prova-på-kampanj 199 kr (upp till 20 fasadfönster utvändigt). RUT-avdrag 50%. Abonnemang utan bindningstid. Betalning via E-faktura eller fysisk faktura.,Svenska,,https://maps.google.com/?cid=11706069286700265768,ChIJ0yCBeVWiU0YRKDHhrf5PdKI,"High – webbplats bekräftad, org.nr. verifierat via allabolag.se och hitta.se. Grundare/ledamot bekräftad. Kontaktuppgifter verifierade.",https://interputs.se/|https://interputs.se/kontakt/|https://interputs.se/har-finns-vi/|https://www.allabolag.se/foretag/interputs-ab/arl%C3%B6v/st%C3%A4dservice/2KGBIW4I5YH6T|https://www.hitta.se/interputs+ab/arl%C3%B6v/jllcmmnuv,2026-07-24
Städproffsen i Umeå,,,Formvägen 8,906 21,Umeå,Teg,090-30000,,,https://www.google.com/s2/favicons?domain=allaproffs.hk-r.se&sz=128,,Städning,Städtjänster för privatpersoner och företag i Umeå.,Umeå,"Städproffsen i Umeå är en verksamhet baserad i Umeå med specialisering inom städning. Adress Formvägen 8, 906 21 Umeå.",,,,,Okänt,5,5,,,,,,Svenska,,https://maps.google.com/?cid=12694384253608391635&g_mp=Cidnb29nbGUubWFwcy5wbGFjZXMudjEuUGxhY2VzLlNlYXJjaFRleHQQAhgEIAA,ChIJLcyDSDtbfEYR0_OjjjiDK7A,Low — no website found; phone from third-party directory only; no registry match found; very few reviews; may be a micro-operator or dormant listing,allaproffs.hk-r.se listing; Google Places,2026-07-24
Rentrivsel Norr AB,RenTrivsel Norr AB,559181-3448,Vittervägen 128A,907 51,Umeå,Ålidhem,072 045 04 14,kontakt@rentrivselnorr.se,https://rentrivselnorr.se/,https://www.google.com/s2/favicons?domain=rentrivselnorr.se&sz=128,https://places.googleapis.com/v1/places/ChIJUdP4Q_RbfEYRo6UBaR0_iUM/photos/AaVGc3knGr27od0CAyeErnMrniJqFfjYvZdGdnF__IQRIUi8VB06laEwMQb2D-s9fEpF11c8CmdZkXaB0fAh09OF8tBqCkl1IIDGlR9zoLBd281bieC5vHr6r337XMIPrA4kBiUFrZCCKJJra_-EIia-MvKnmqTzTjZrwuHIgaiLy1ZC0jED-R69-gDeUwULxRJXpoPVag1Z4uRo5idI7OXi7AxWPsBEsQ59-_VDFpQSd2G_QpXMNI_Ez8LOiaCZ-ezCj2myY_rCAwGLj53rgRqeK-7zlxOuNP7pUPuq08XR_Ex6SsfzzP1ET6GOijqkXRDjxherwYtGP6F0RF22UzxlP1F6ATtTr88EsvsloF-pW_zaNAfvk4IYCGLT3iV_b7KjKR4nAbxfTaHgk6Czd_K_2wnRYhWX3gGEzKX626zZsrhjhPw9C03x-TFueAZbAQ/media?maxWidthPx=400&key=AIzaSyAgucJSAxcE0tpOe1l47Xy0Rw4QehRSg94,Hemstädning|Flyttstädning|Fönsterputsning|Storstädning|Kontorsstädning|Trappstädning|Butiksstädning|Byggstädning,"Hemstädning från 239 kr/tim efter RUT. Flyttstädning från 35 kr/kvm med nöjd-kund-garanti. Kontorsstädning från 350 kr/tim ex. moms. Alla tjänster med fast pris, Svanen-märkta produkter och 14-dagars kvalitetsgaranti. Städmaterial och resekostnader ingår.",Umeå (alla stadsdelar)|Hörnefors|Sävar|Vännäs|Lycksele|Skellefteå (vid förfrågan),"RenTrivsel Norr AB är en prisvärd och miljövänlig städfirma lokaliserad i Umeå – verksamma sedan 2015. Affärsidén är att erbjuda miljövänlig städning till det billigaste priset i Umeå, utan bindningstid. Företaget har kollektivavtal, F-skattesedel, försäkring och städgaranti. Använder Svanen-märkta och biologiska produkter utan kemikalier.",2015,,,Aktiebolag,Ja,5,2,Fantastisk service! Hemmet var skinande rent och personalen var otroligt trevlig och professionell. — Anna K.|Anlitade dem för flyttstädning och de översteg alla förväntningar. Fast pris och nöjd-garanti – precis som utlovat. Fick tillbaka hela depositionen! — Marcus L.,4.9/5 på Google Reviews (webbsida),Svanen-märkt|Kollektivavtal (Fastighets)|F-skatt|Fullt försäkrad,Telefon|Offertformulär online|E-post,Hemstädning från 239 kr/tim efter RUT (50%). Flyttstädning från 35 kr/kvm. Kontorsstädning från 350 kr/tim ex. moms. Fast pris inkl. städmaterial och resor inom Umeå.,Svenska,,https://maps.google.com/?cid=4866490267898848675&g_mp=Cidnb29nbGUubWFwcy5wbGFjZXMudjEuUGxhY2VzLlNlYXJjaFRleHQQAhgEIAA,ChIJUdP4Q_RbfEYRo6UBaR0_iUM,"High — own website confirmed with address match, org.nr verified (559181-3448), full service and pricing data from site",rentrivselnorr.se; ratsit.se (559181-3448); Google Places,2026-07-24
Moving.se - Umeå,,,Västra Norrlandsgatan 22B,903 29,Umeå,Centrum,,,https://moving.se/,https://www.google.com/s2/favicons?domain=moving.se&sz=128,,Flyttstädning|Hemstädning,Moving.se är en nationell plattform/förmedlingstjänst för flytt och städ. Den lokala Umeå-posten på Västra Norrlandsgatan syns troligen som ett lokalt kontor eller SEO-registrering. Inga tjänstedetaljer specifika för Umeå-enheten hittades.,Umeå,Moving.se verkar vara en nationell tjänst/plattform för flytt och städning. Adressen Västra Norrlandsgatan 22B i Umeå är troligen ett registrerat kontor eller SEO-landningssida — ingen separat webbplats specifik för denna enhet hittades. Ingen Google-rating registrerades.,,,,,Okänt,,,,,,,,Svenska,,https://maps.google.com/?cid=16473573507027836117&g_mp=Cidnb29nbGUubWFwcy5wbGFjZXMudjEuUGxhY2VzLlNlYXJjaFRleHQQAhgEIAA,ChIJmxjh6w1bfEYR1Ryu69LjneQ,"Low — likely SEO landing page or registered address for national platform; no Google rating, no dedicated local website or registry entry found for this specific Umeå unit; treat as unverified",Google Places; moving.se (national site only),2026-07-24
SK Flyttstädning,SK Flyttstädning,,Sofiehemsvägen 71,907 38,Umeå,Ålidhem,072 289 01 34,info@skflyttstadning.com,https://skflyttstadning.com/,https://skflyttstadning.com/wp-content/uploads/2026/04/SK-Flyttstadning.png,https://places.googleapis.com/v1/places/ChIJBY3FBeNbfEYRq-HrtDmh6Nk/photos/AaVGc3kBrCZ2uZyDij1fUPcPH0ncR_M7jRo_ddniac4B_P3IHPGJq4jFu1j0pULYtGx5ijasmhRglySkI-jJvEBKIwH-5kApNA6Aj0shkOy9WpRTt9g0e7GknVlew-gTqHJ3CCYvMg51xkwNOLkxRTaQRk6uF8mlrgyEEjADXn3z2YGEOY0hrkIvtgLb0a4VV9v9siqjvuRe9qmV091J8aGA0N1ES0fLdtnKHAzhNErRL_H-xH3zj4LI0nbxMLLZ-4jSjK4PiVEwWa3_p6_ZdMwyPM9aVpx5U0yPMuLypRZg9EvTNZ3UKQj1uffdBQEZNcnq0oYMHNPfJ0JEfNJFKWMk0WwaPAO1LOh-EuaBVuHINkUTiWnXIubsea4c6ITn7jZpbwhBzvs-VIhjC8sddkIhYMFo-NOLtHAKntZmICz79uwtsaJt5aFXyEtFM1Z-QvYB/media?maxWidthPx=400&key=AIzaSyAgucJSAxcE0tpOe1l47Xy0Rw4QehRSg94,Hemstädning|Storstädning|Flyttstädning|Fönsterputs|Kontorsstädning|Byggstädning|Trappstädning,"Komplett städföretag med fokus på noggrann och pålitlig flyttstädning i hela Västerbotten. Miljövänliga och giftfria rengöringsprodukter. Fasta priser utan överraskningar. Nöjd kund-garanti. Personal är noggrant utvald, utbildad och säkerhetskontrollerad. Kostnadsfri offert.",Umeå|Hela Västerbotten,"SK Flyttstädning är ett komplett städföretag som erbjuder professionella städtjänster i hela Västerbotten, med särskilt fokus på noggrann och pålitlig flyttstädning. Varje uppdrag utförs med stor omsorg och noggrannhet, från golv till tak och i varje liten detalj. Med miljövänliga produkter och effektiva metoder säkerställer de ett skinande rent resultat utan att kompromissa med miljön.",,,,,Okänt,5,2,,,Offerta-partner,Offertformulär online|Telefon|E-post,Fast pris. Kostnadsfri offert. Inga dolda avgifter.,Svenska,,https://maps.google.com/?cid=15701977370047799723&g_mp=Cidnb29nbGUubWFwcy5wbGFjZXMudjEuUGxhY2VzLlNlYXJjaFRleHQQAhgEIAA,ChIJBY3FBeNbfEYRq-HrtDmh6Nk,"Medium — own website confirmed with address and contact match, services well documented; org.nr not found in public registry search; new/small operator (site copyright 2026)",skflyttstadning.com; Google Places,2026-07-24
Flyttstädning Umeå,Ärlebo Företagsstäd AB,559197-9074,Lärlingsgatan 33,907 33,Umeå,Ålidhem,070 291 82 84,,https://arleboforetagsstad.se/,https://arleboforetagsstad.se/wp-content/uploads/2022/03/arlebo-logo-and-slogan-beskard.png,https://places.googleapis.com/v1/places/ChIJIzWjEPZafEYRQK7EAzPaf2M/photos/AaVGc3lj2fFSASa3itP07lQb0cDs8EUrtivprU6nGY-OERgr67spcR2G5jkuoFTgvkTIkpllh_mJEHnILNb0T2r2oWYv7P1BkZR4ipJdV-YmudoV_Xv3zGu93mz5plnde2rVw50KZgaO06CioghoWsm7HAljDPcRJ2B42O4gohirXbSRPv3UKlaheshUt0OXTVBhdN7LDWWGnVicP0JFm8NuuRC1c99DNrQDC70GT2LgvzXLsG1sBGTThGBbDVExegkYphiwlSEVo3xWPbwwepCtwmmi09XcdTBVXBm0fuIFWO4Ylnj677Rw9YhXM7BRylYBFYy_AXzhfCMInHjctr4G3SgTJMoNu8Y41kfC92LPzjgxfxLSEgeH_moLtP9MtXk944ktw89-kIpPpxYurwbfI7JMqHvuiYgm6uwkg48gjDykVA/media?maxWidthPx=400&key=AIzaSyAgucJSAxcE0tpOe1l47Xy0Rw4QehRSg94,Flyttstädning|Hemstädning|Fönsterputsning|Kontorsstäd|Storstädning|Dödsbo städ|Sortering och bortforsling|Trappstädning|Butiksstädning|Byggstädning|Golvvård,Flyttstädning alltid till fast pris med nöjd kund-garanti. Hemstädning för privatpersoner. Fönsterputs med marknadens miljövänligaste städ. Kontorsstäd för företag. Checklista baserad på mäklarsamfundets riktlinjer. Möjlighet till möbelbortforsling.,Umeå med omnejd|Västerbotten,"Ärlebo Företagsstäd AB är ett välkänt städföretag i Umeå med rötter i Västerbotten, aktivt sedan 2019. VD Erik Tobias Ärlebo (f. 1990) driver företaget med fokus på personligt och professionellt bemötande. Kollektivavtal med Fastighets tecknat 2023. 12 anställda (2025). Omsättning 12,5 Mkr (2025). Långvarigt samarbete med mäklarfirmor i Umeå. Ingår i Ärlebo Holding AB. Notering: Google-markeringen 'Flyttstädning Umeå' på Lärlingsgatan 33 matchar Ärlebo på Lärlingsgatan 34 — sannolikt samma operatör/angränsande adress.",2019,Erik Tobias Ärlebo,12,Aktiebolag,Ja,4.4,9,,5.0/5 Hitta.se (1 omdöme),Kollektivavtal Fastighets (från aug 2023)|F-skatt|Momsregistrerad,Offertformulär online|Telefon|E-post,Fast pris. Nöjd kund-garanti. RUT-avdrag gäller.,Svenska,,https://maps.google.com/?cid=7169689044438527552&g_mp=Cidnb29nbGUubWFwcy5wbGFjZXMudjEuUGxhY2VzLlNlYXJjaFRleHQQAhgEIAA,ChIJIzWjEPZafEYRQK7EAzPaf2M,Medium-High — Google listing name 'Flyttstädning Umeå' is SEO-style but resolves to real operator Ärlebo Företagsstäd AB (org.nr 559197-9074); address is Lärlingsgatan 33 vs registered Lärlingsgatan 34 — one digit difference may be typo or adjacent unit; all registry data confirmed via allabolag.se and hitta.se,arleboforetagsstad.se; allabolag.se (559197-9074); hitta.se; Google Places,2026-07-24
Hemstädning Umeå,,,Fatvägen 1,906 20,Umeå,Teg,+46 90 10 00 05,,https://hemstadningumea.se/,https://www.google.com/s2/favicons?domain=hemstadningumea.se&sz=128,https://places.googleapis.com/v1/places/ChIJIzWjEPZafEYRaVb4KcN1QF4/photos/AaVGc3kyeHt9fL4_tJq7_7q6GmzIKbyXuH4oJ0wOTgDbWhz2Qpfpw9_apBCt7ez9ERRvkb6vYMJ_EjPSMy6yx_ij-mzrACBBCJRsCGF_Sj-d2hfSO34oez8kvdfkyVrj9OHWULukTyTCNnhIXBhfux_FF_YQ4p9Ra7IyA6E58z3Qh7KbC3BIkNytffqHl_XQ965lxOhygAYE7ta4i2I78LDKX71P2JmJ3N3Sdp73EqGwi42Rh2z0Fy72feDD0uUAfnODUUG04BRDVJEXLOe-ks3NJqbFTBGJttqriWHs3p2nt94rGgxJemchFDYIpHuVeTyNY32NMv7mDJv61-BCVhVLuYPmcMvKn3AID4IHLGaeE8jOOq9_MpZF3LzVN9-zAUVXFBbu8pBhoA7-9RNwHEGIPluhROWOqcPjeqX6e8qVwWD8OQ/media?maxWidthPx=400&key=AIzaSyAgucJSAxcE0tpOe1l47Xy0Rw4QehRSg94,Hemstädning|Flyttstädning|Kontorsstädning|Fönsterputsning|Byggstädning,Hemstädning av hög kvalitet för alla hushåll. Abonnemang eller timköp. 10% rabatt på första städningen. Gratis hembesök och offert. Nöjd-kund-garanti. RUT-avdrag 50% direkt på faktura (max 50 000 kr/person). Personalen är proffs på hemstäd. Notering: adressen Fatvägen 1 delas med webbplatsen umeaflyttstadproffs.se (Umeå Flyttstäd Proffs) — troligen två separata varumärken på samma adress.,Umeå,"Hemstädning Umeå är en städfirma med fokus på hemstädning i Umeå. Erbjuder städning till alla hushåll oavsett storlek. Socialt ansvar och miljöfokus. Notering: Google-posten 'Hemstädning Umeå' på Fatvägen 1 är ett SEO-inspirerat namn. Webbplatsen hemstadningumea.se existerar men saknar identifierbar legal enhet och org.nr — kan vara ett marknadsföringsvarumärke utan eget bolag, eller ett litet enmansföretag. Låg Google-rating (3/5 på 2 recensioner).",,,,,Ja,3,2,,"3/5 (2 recensioner, easeaid.se)",,Formulär online|Telefon,RUT-avdrag 50% direkt på faktura (max 50 000 kr/person). 10% rabatt på första städningen. Abonnemang eller timköp.,Svenska,,https://maps.google.com/?cid=6791557719157921385&g_mp=Cidnb29nbGUubWFwcy5wbGFjZXMudjEuUGxhY2VzLlNlYXJjaFRleHQQAhgEIAA,ChIJIzWjEPZafEYRaVb4KcN1QF4,Low — SEO-style name; website exists but no org.nr or legal entity found; address shared with another cleaning brand (umeaflyttstadproffs.se); low Google rating with only 2 reviews; treat with caution,hemstadningumea.se; easeaid.se; Google Places,2026-07-24
topp städ umeå,,,Backenvägen 150,903 62,Umeå,Centrum,076 148 63 15,,http://toppstadumea.se/,https://www.google.com/s2/favicons?domain=toppstadumea.se&sz=128,,Hemstädning|Företagsstädning|Djuprengöring|Flyttstädning|Fönsterputs|Golvvård|Restaurangstädning|Kontorsstädning|Trappstädning|Byggstädning,"Hemstäd, Flyttstäd, Restaurangstäd, Storstäd, Fönsterputs, Golvvård, Kontorsstäd, Trappstäd, Företagsstäd och Byggstäd till marknadens bästa priser. Kostnadsfri offert. Öppet dygnet runt.",Umeå,Topp Städ Umeå är ett etablerat städföretag i Umeå med ett brett utbud av städtjänster för privatpersoner och företag. Fokus på personlig service och professionellt bemötande. Webbplatsen toppstadumea.se returnerar 301-redirect (Cloudflare) — innehåll ej tillgängligt för granskning. Ingen legal enhet eller org.nr hittades i offentliga register. Namnet 'topp städ umeå' är generiskt/SEO-orienterat men telefonnummer och adress är verifierade via tredjepartskällor.,,,,,Okänt,5,2,,"5.0/5 (2 recensioner, stadningguiden.se)",,Telefon|Webbplats,Marknadens bästa priser (enl. egna uppgifter). Kostnadsfri offert. RUT-avdrag oklart.,Svenska,,https://maps.google.com/?cid=270043220843960392&g_mp=Cidnb29nbGUubWFwcy5wbGFjZXMudjEuUGxhY2VzLlNlYXJjaFRleHQQAhgEIAA,ChIJ4XUYgvZdfEYRSBho7OBivwM,Low — SEO-style generic name; website redirects (content inaccessible); no org.nr found; only 2 Google reviews; phone and address confirmed via third-party directories only,stadningguiden.se; foretagsproffs.advokater24.nu; Google Places,2026-07-24
Turkos städ Umeå AB,Turkos städ Umeå AB,559534-2568,Storgatan 76,903 33,Umeå,Centrum,0720-352225,kontakt@turkosstad.se,https://www.turkosstad.se/,https://www.google.com/s2/favicons?domain=turkosstad.se&sz=128,https://places.googleapis.com/v1/places/ChIJiSLs3kBbfEYRCIIanlTwa_o/photos/AaVGc3nNrYd19hu3hAvjPIBC-4tf6txwvxnoSUz2Nyl0fcQiNILtV7Hv7LE0X7dD86UuN3YI3ax4Y8RjpqV65UQi5e5KjLXOywCKKeSOnRcEpaI7PnWOdjgQMkhE4PB7Z3rlzwyegn0WFStjTpGcdDoU9gqOe2cU-Hpsnxg8sKFn-4RHuG7thX44mfP4aS7d7JkxPDMm-oaKvmOQ4rPA8w558_3fVdM13cbLTZyUS6ov1C9sKNnsR9Wyx-npAMYoua7gIPw8d1IKrMSCk5TFKF2siGGG-DlhktnMxQUf_ghsY5ez7JMnJviB6aSQQI79HHncfnkmpR-OHtpNVURLIB-_C2tgBOtPwhvd6LxWPh08SFqSwNYQvii7y6jcp3Z5BMUMXKR8RvaF2dljqHxS6k2UKplPtku7k0uhjikPqJcLlg3VN8SD_s_Kvkzs2qvJxw/media?maxWidthPx=400&key=AIzaSyAgucJSAxcE0tpOe1l47Xy0Rw4QehRSg94,Hemstädning|Flyttstädning|Storstädning|Fönsterputs|Företagsstädning|Trappstädning|Byggstädning,Hemstädning 220 kr/tim efter RUT (veckvis/varannan vecka/månadsvis). Flyttstädning 33 kr/kvm efter RUT. Storstädning 250 kr/tim efter RUT. Fönsterputs 45 kr/fönster. Företagsstädning: offert. Trappstädning: offert. Byggstädning 279 kr/tim efter RUT.,Umeå,"Turkos Städ AB är en pålitlig städfirma i Umeå som erbjuder skräddarsydda städtjänster för privatpersoner och företag. Som ett nystartat företag erbjuder de konkurrenskraftiga priser med hög kvalitet. Har F-skatt, ansvarsförsäkring och miljövänliga produkter. Flexibla tider kl. 07–21, alla dagar.",2025,Bewar Abdulsattar Hasan Hasan,0,Aktiebolag,Ja,5,14,,,F-skatt|Ansvarsförsäkring|Miljövänliga produkter,Telefon|E-post,Hemstädning 220 kr/tim (efter RUT); Flyttstädning 33 kr/kvm (efter RUT); Storstädning 250 kr/tim (efter RUT); Fönsterputs 45 kr/fönster; Byggstädning 279 kr/tim (efter RUT),Svenska,,https://maps.google.com/?cid=18044780578210480648&g_mp=Cidnb29nbGUubWFwcy5wbGFjZXMudjEuUGxhY2VzLlNlYXJjaFRleHQQAhgEIAA,ChIJiSLs3kBbfEYRCIIanlTwa_o,High – website + allabolag confirmed; address/phone/email cross-verified across 3 sources,https://www.turkosstad.se/|https://www.allabolag.se/foretag/turkos-st%C3%A4d-ume%C3%A5-ab/ume%C3%A5/st%C3%A4dservice/2KJBLYGI5YH6T|https://www.svenskahantverkare.se/stadfirma/umea/turkos-stad-umea-ab,2026-07-24
Städmasters Umeå,,,Historiegränd 2A,907 34,Umeå,Ålidhem,076-4320142,info@stadmasters.se,https://stadmasters.se/,https://stadmasters.se/wp-content/uploads/2025/07/LOGO_LowRes.png,https://places.googleapis.com/v1/places/ChIJHboga100W0sRbuKcboRR16s/photos/AaVGc3mCNB-luVSA5_wxDOfSa-tQsikru1nKkxXJFx7BDXsp1NrdXLZaIFh6N5gqN63mun_E4r5VSh7FByYycsbJJFKkUr2QyY-C3UtBtqYbi5pNsoTX-boGaWQhdr18_Pcc8dJxPsgyd3hWYyMa1LT3vykXZ98HwTTfyzoFtHtFRsU8oW6f0vocD2MIB_460svq0N-FO-IGc60A6VztXFJqrk2pkmw_wFU4uFF0v4S6yTjt54Pm4rQUd5MVfim7wuKUdnKpWe4y8hRNEMnav86kHOIrVOTa9RENrRqTmNELU4m1T3bGZEgKVdpXHxz476Jni2bfG_9dUiysdzwrtWRWh1lBko8M4CV60T8wVuBoW_QNf63uhyw-yNDAoITmlIQUv0pYUc8rrXK1et9WS2hI2IE4Mrs0zxAilup5_gXIGChc6wRAEOOiBnSBdABHJC6O/media?maxWidthPx=400&key=AIzaSyAgucJSAxcE0tpOe1l47Xy0Rw4QehRSg94,Hemstädning|Flyttstädning|Kontorsstädning|Storstädning|Fönsterputsning|Dödsbostädning|Dödsbotömning|Trappstädning|Byggstädning|Snöröjning,"Flyttstädning fast pris 70 kr/kvm (35 kr/kvm efter RUT). 14 dagars nöjd-kund-garanti. Hemstädning, kontorsstädning och fönsterputsning också erbjuds. Dödsbostädning med respekt och värdighet.",Umeå|Vindeln|Holmsund|Obbola|Vännäs|Röbäck|Hörnefors|Robertsfors|Nordmaling|Bullmark|Tavelsjö|Bjurholm|Täfteå|Skellefteå|Västerbotten,"Städ Masters är en erfaren städfirma i Umeå med hög kvalitet och personlig service. Erbjuder nöjdhetsgaranti, fasta priser och flexibla upplägg. Bakgrundskontrollerad och utbildad personal. Miljövänliga produkter. Hjälper privatpersoner och företag.",,,,,Ja,5,30,"Arbetet slutfördes exakt i tid. Min ugn är som ny. Vänlig personal, rimligt pris och kvalitetsservice.|Utmärkt service! Punktlig, noggrann och mycket vänlig. Allt var glittrande rent och priset var oslagbart.",,Bakgrundskontrollerad personal|Miljövänliga produkter,Telefon|E-post|Webbformulär,Flyttstädning 70 kr/kvm (35 kr/kvm efter RUT 50%); övriga tjänster: begär offert,Svenska|Engelska,,https://maps.google.com/?cid=12382455329711776366&g_mp=Cidnb29nbGUubWFwcy5wbGFjZXMudjEuUGxhY2VzLlNlYXJjaFRleHQQAhgEIAA,ChIJHboga100W0sRbuKcboRR16s,"Medium – website confirmed, contact verified; legal registry data (org.nr) not found publicly",https://stadmasters.se/|https://stadmasters.se/om-oss/|https://stadmasters.se/kontakta-stadmasters/|https://www.stadfirma-vasterbotten.se/|https://www.svenskahantverkare.se/stadfirma/umea/stadmasters-umea,2026-07-24
Städfirma Umeå | A & C städ,,,Fysikgränd 31A,907 31,Umeå,Ålidhem,+46760892273,info@ekoacstad.se,https://ekoacstad.se/,https://ekoacstad.se/wp-content/uploads/2024/01/Capture-removebg-preview3-e1742624266443.png,,Hemstädning|Flyttstädning|Ekologisk städning,Hemstäd och flyttstäd med ekologiska och miljövänliga metoder. Professionella städare med fokus på precision och hållbarhet. Öppet 24 timmar.,Umeå,A & C Städ är en lokalt baserad ekologisk städfirma i Umeå som specialiserar sig på hemstädning och flyttstädning. Fokus på miljövänlig och professionell städning med engagemang för rena utrymmen på ett naturligt sätt.,,,,,Okänt,4.9,11,,,Miljövänliga produkter,Telefon|E-post,,Svenska|Engelska,,https://maps.google.com/?cid=9040638983847307532&g_mp=Cidnb29nbGUubWFwcy5wbGFjZXMudjEuUGxhY2VzLlNlYXJjaFRleHQQAhgEIAA,ChIJiy57TjH-DGYRDGnEpkHNdn0,Medium – website identified via search; second phone (+46703783126) found; legal registry data not found; no image in backbone,https://ekoacstad.se/,2026-07-24
Umeå Städ – Städfirma i Umeå,,,Industrivägen 10,901 30,Umeå,Ersboda,,,,https://www.google.com/s2/favicons?domain=umeastad.se&sz=128,https://places.googleapis.com/v1/places/ChIJCymVdkBbfEYRlPND7seLNis/photos/AaVGc3ljvbLoUiJNWHLwqXCgWlV1CMcEZV9SsEDoZAuAsqA3-jbKzmdBE36zeN7iUs2bHPIzNHSQH0ji7dZ1ySvgbZjqS82Z4NssK9cJHHSMtBNhuMBqXhdNCqcGrCapuuCWxru76I23Dw0jH-Ebx9oYNqUqqmpQl_43mKidFZLJx138339mpj8u_jfvlh25GFUNhyZNlPCndkt4WWe3l-2C_1zsfy1klbiaO8j0vdqkEB_ijBRt4yisfRxSsN0RV8jwI5e-mCaZUDiXjtVmP8x2BgR714omY4AIPshF2qBrQ4SjE2tczFrb3DePSGxGK5C-jCPMMqw54SKqGZ_oQYT-pIt2olNvrtqTLUKLvv5H5Uh_H0BW8zd8QKgqF5PU4XPIZCAaUJ2Q9rJhG6SRnLPUhu2XIe5BE9ZOmNxCfXnFXKLonRan7_QiwtT7db4WHw/media?maxWidthPx=400&key=AIzaSyAgucJSAxcE0tpOe1l47Xy0Rw4QehRSg94,Städning,,Umeå|Ersboda,"Städfirma i Umeå med adress Industrivägen 10, Ersboda. Ingen webbplats eller registrerad information hittades via sökning.",,,,,Okänt,5,4,,,,,,,,https://maps.google.com/?cid=3113829883185460116&g_mp=Cidnb29nbGUubWFwcy5wbGFjZXMudjEuUGxhY2VzLlNlYXJjaFRleHQQAhgEIAA,ChIJCymVdkBbfEYRlPND7seLNis,"Low – only Google Maps backbone; no website, registry or contact data found via search",Google Maps Places API,2026-07-24
Städfirma Almirent AB,Almirent AB,559287-8721,Tråggränd 43,906 26,Umeå,Teg,070-2439339,,http://www.almirent.se/,https://www.google.com/s2/favicons?domain=almirent.se&sz=128,https://places.googleapis.com/v1/places/ChIJZSUY-CpbfEYRoR8DjG4K1hQ/photos/AaVGc3kDfHEN7kZbAzCWE6RWA789Xcc9F5f-OrcsQiIuCV2CgcRBWUsOc_innY7ge-o54q3NtM9gnrChdrRot9S9DLsYA9tqg_Pf0eVgCs-wbX2lSvhDnoL0kSb8HXHwvW7648LIBiJeaJRUCRqLoISQ5pLuD0XjY6JdoWrdfV5yttJUHsIc6o1sRGz-2vJUgflBBj9Fe9eTF9vY23EQ-dPf4h4rIBId6Lots5yoWo3URISv40t6uMgKTwkByRjYflpFuBhXP8CrQ_aTb6nUul1KtqnwVtWnm1SFTl-lFw9KFouFuu7XN12TgDYHzG8dIEdo0mu3k2Jl2r2uXHEbjr1svKrikXAntVtrfXWr7u2JnwtrJZpXTe6mxTY5EVqhcZfgqp8EIp_41maSkpnTq0CTzNcthI66Hf9pyAXKPQFw7GqWous/media?maxWidthPx=400&key=AIzaSyAgucJSAxcE0tpOe1l47Xy0Rw4QehRSg94,Flyttstädning|Hemstädning|Kontorsstädning|Byggstädning|Industristädning|Butiksstädning|Sjukhusstädning|Fönsterputs,"Privat: alla typer av flyttstädning (lägenhet/villa/radhus), kombineras med garage/vind/förråd. Fönsterputs ingår alltid i flyttstädning. Pris enligt överenskommelse. Företag: kontorsstäd, industri, butiker, sjukhus, skolor, friskvård, hotell/konferens, garage/förråd. Byggstädning.",Umeå,Almirent AB är en liten och flexibel städfirma i Umeå vars styrka ligger i anpassning efter kundens behov. Arbetar obekväma tider som kvällar och helger. Fokus på nöjda kunder och kvalitet. Registrerat 2020. Omsättning ca 300 tkr (2024).,2020,Almir Kunalic,0,Aktiebolag,Ja,4.9,16,"Vänligt bemötande och snabb återkoppling. Städningen fick ingen anmärkning.|Bra jobb och inget strul. Trevligt bemötande och god ordning. Bra städat, inga anmärkningar vid slutbesiktningen.|Riktig bra service noggranna och i tid. Bra pris. Ingen anmärkning vid besiktningen.",,F-skatt|Moms|Arbetsgivaravgift,Telefon|Webbformulär,Pris per m2 eller enligt överenskommelse,Svenska,,https://maps.google.com/?cid=1501398995686334369&g_mp=Cidnb29nbGUubWFwcy5wbGFjZXMudjEuUGxhY2VzLlNlYXJjaFRleHQQAhgEIAA,ChIJZSUY-CpbfEYRoR8DjG4K1hQ,"High – website + allabolag confirmed; org.nr, founder, registration date verified",http://www.almirent.se/|https://www.allabolag.se/foretag/almirent-ab/ume%C3%A5/st%C3%A4dservice/2KHUSU9I5YH6T|https://www.hitta.se/almirent+ab/ume%C3%A5/mgvxxeao,2026-07-24
Alen Omsorg AB,Alen Omsorg AB,559282-6522,Östra Kyrkogatan 14,903 30,Umeå,Centrum,090-43488,info@alenomsorg.se,https://alenomsorg.se/,https://alenomsorg.se/wp-content/uploads/2025/09/Alen-omsorg-logo.png,https://places.googleapis.com/v1/places/ChIJz0bKchBbfEYRDj-eP7EQLTY/photos/AaVGc3n-DtB4Pmo0KOX1LKSBf2wmVz1JsZu_f4mHNJ_kO740CINvErB3vQIwyBNUl0ZsigiedI9lnPbNval3P--fFVwNlu_KpRSpON_oom7hVkw-FMZ8L-5p74n97kNozh9Ks6nYLHynW3RpaK2W6MzeKZt8TgoRaYMbRjnfQlD9FlZqt3MYe58wMVUfZjGiwsunlB_IS_X07xhmGKqI-ty_Ji2Sn-dwiHd6nryWwlSJ4hG-metK3OzA_U8MNe4fKBDaQ_zCdRsp9VhYIVlbZ39SLxTiqYJZY1F9dPjZXuNOKk5Kc8yI-wimREJWGQDeY26rfehboTQ4LAp9nmoCq24y0AbDt-24dO94OrcI5ol8rsjFRxj3qhWO1Pf-wkeIgVB-iRnJdvyMx4QcJ0MKjQfq8L3dkqiGNg7dBlX_-hznUre57g/media?maxWidthPx=400&key=AIzaSyAgucJSAxcE0tpOe1l47Xy0Rw4QehRSg94,Hemstädning|Dödsbotömning|Storstädning|Flyttstädning|Byggstädning|Trappstädning|Företagsstädning,"Hushållsnära tjänster inklusive hemstädning, storstädning, dödsbostädning och dödsbotömning. Företagsstädning via abonnemangsavtal med garanti på utfört arbete. Kontoret öppet efter överenskommelse mån-fre 09-16.",Umeå,"Alen Omsorg AB bedriver hushållsnära tjänster, begravningsverksamhet och familjejuridik. Städtjänster är en viktig del av verksamheten. VD: Ulf Johan Valter Pålsson. Registrerat 2020. Omsättning ca 2,3 mnkr (2024). 3 anställda 2024.",2020,Ulf Johan Valter Pålsson,3,Aktiebolag,Ja,5,5,,Hitta.se: 4.4/5 (14 omdömen),F-skatt|Moms,Telefon|E-post|Webbformulär,,Svenska,,https://maps.google.com/?cid=3903794805462679310&g_mp=Cidnb29nbGUubWFwcy5wbGFjZXMudjEuUGxhY2VzLlNlYXJjaFRleHQQAhgEIAA,ChIJz0bKchBbfEYRDj-eP7EQLTY,"High – website + allabolag confirmed; org.nr, employees, founder verified across multiple sources",https://alenomsorg.se/|https://alenomsorg.se/kontakt/|https://www.allabolag.se/foretag/alen-omsorg-ab/ume%C3%A5/begravningsbyr%C3%A5er-och-krematorier/2KHTOKAI63IM9|https://www.hitta.se/verksamhet/alen-omsorg-lmmuhlrst,2026-07-24
Städex Umeå,,,Ostvägen 155,906 26,Umeå,Teg,090-191922,,http://stadexumea.se/,https://www.google.com/s2/favicons?domain=stadexumea.se&sz=128,,Hemstädning|Flyttstädning|Trappstädning,"Städex Umeå erbjuder hemstädning, flyttstädning och trappstädning till bra pris. Kontakta för prisförslag.",Umeå,"Städex Umeå är en städfirma i Umeå som erbjuder hemstädning, flyttstädning och trappstädning. Webbplatsen stadexumea.se verkar ha omdirigerat till annan tjänst vid tidpunkten för verifiering. Telefon och adress bekräftad via FöretagsProfs.",,,,,Okänt,4.8,17,,,,Telefon,,Svenska,,https://maps.google.com/?cid=7737051860667334847&g_mp=Cidnb29nbGUubWFwcy5wbGFjZXMudjEuUGxhY2VzLlNlYXJjaFRleHQQAhgEIAA,ChIJwToHE_BFfEYRvwDas6yHX2s,Low – phone and declared website from directory listing (FöretagsProfs); website content not retrievable (redirected); no registry data found,https://foretagsproffs.advokater24.nu/stadex-umea---253384,2026-07-24
Riktigt Rent A.C,Riktigt Rent Sverige AB,559516-4590,Formvägen 10C,906 21,Umeå,Teg,0760-712935,cornel@riktigtrent.nu,https://riktigtrent.nu/,https://riktigtrent.nu/assets/images/logo-122x74.jpg,,Hemstädning|Företagsstädning|Fönsterputs|Kontorsstädning|Trappstädning,"Full service städning för företag och privatpersoner. Hemstädning veckovis, månadsvis eller efter behov. Företagsstädning för kontor och kommersiella fastigheter. Fönsterputs. Abonnemang eller efter behov.",Umeå,"Riktigt Rent A.C (Riktigt Rent Sverige AB) är ett växande kvalitetsfokuserat städföretag med bas i Umeå. Erbjuder professionella städtjänster till kontor, kommersiella fastigheter och bostadsfastigheter. Fyra anställda (per webbsida). Kontakt: Terence Tanila. Uppges ha 22 omdömen på Reco.se med 4,9/5.",,,4,Aktiebolag,Ja,5,11,"Väldigt bra! Rekommenderas definitivt! De levererar det de lovat.|Rent, fint och proffsigt. Skulle gärna anlita igen.|Snabbt, smidigt, till ett bra pris!",Reco.se: 4.9/5 (22 omdömen),,Telefon|E-post|Webbformulär,,Svenska|Engelska,,https://maps.google.com/?cid=15419158698119140910&g_mp=Cidnb29nbGUubWFwcy5wbGFjZXMudjEuUGxhY2VzLlNlYXJjaFRleHQQAhgEIAA,ChIJu8Nwvq9bfEYRLhbESCTb-9U,"Medium-High – website confirmed, Reco.se profile with org.nr from job listing; registered address on job ads is Folktrovägen 10A (differs from Google Maps Formvägen 10C); phone and email verified",https://riktigtrent.nu/|https://www.reco.se/riktigt-rent-ac|https://vakanser.se/jobb/lokalvardare+75+tjanst+mojlighet+att+oka+till+100/,2026-07-24
Städa Smart AB,Städa Smart Umeå AB,559445-2939,Tegelslagarvägen 18,906 22,Umeå,Teg,090-10 09 09,info@stadasmart.nu,https://stadasmart.nu/,https://stadasmart.nu/wp-content/uploads/2022/11/logo.png,https://places.googleapis.com/v1/places/ChIJMVWdQgRFfEYRMPDQm-s8ktI/photos/AaVGc3kkEKdDstmDT5AK_8_a7UKvu00XDfyetyw7UmwtXOVb5At_5rcyBl-00mjgBF6vcSwaBbJEQRyCnFzbpLtP82dDGcOBHLjnWR-9PsH4FTViFjlP6ULIlsD1mcb4pJctWBAU5kbbKlucZgZuvLLfJnEm6BITczawjIHvGQ_KPfGX34CXlzxF5GXxOKQHa5wU-tas0JwLOEkclew8mVpLo0U52cfzBtKAdI5M7t447hDL25kbJTjiUwJ5WoJ61BcVdj5JbpRMvTsx-k82hRzIVbBFteUq5BbetcSMwBaLqPkMGdy3fj1ZKHerNOfI_6nbDSeGqzvRFNRvDjDpSwx_Bqd4X7JZBOGpBPr03jyV5ddhoS3FXNhTFLYCmw0XwDrIXqCB5Pj9NuaKOWFswIF04uRhT_LnCHeFpXENUo4E16oXVeBH/media?maxWidthPx=400&key=AIzaSyAgucJSAxcE0tpOe1l47Xy0Rw4QehRSg94,Hemstäd|Flyttstäd|Fönsterputsning|Lokalstäd|Kontorsstäd|Grovstäd|Byggstädning|Snöskottning,Hemstäd: regelbunden städning av hem. Flyttstäd: grundlig städning vid flytt med garanti. Fönsterputsning: även inglasade balkonger och höjd. Lokalstäd/Kontorsstäd: anpassad lösning för företag och föreningar. Grovstäd: djuprengöring från grunden. Byggstädning: städning efter nybyggnation/renovering. Snöskottning och distribution ingår i verksamhetsföremålet.,"Umeå med omnejd, Västerbottens län, Norrbottens län","Städa Smart är hela Västerbottens städfirma med berättigad erfarenhet sedan 2023. Bolaget brinner för att göra det fint hos kunder – oavsett kontor, lokal eller hem. Kundanpassade lösningar, glatt humör och 100% nöjd kund-garanti. Miljövänliga produkter används. Omsättning 2025: 6,1 mkr. Kunder inkluderar privatpersoner och företag i Umeå och Norrbotten.",2023,Mustafa Alsinai,8,Aktiebolag,Ja,4.9,321,"Frida Olofsson: Anlitade för flyttstäd, väldigt nöjd. Nathalie Andersson: Kan verkligen rekommendera – kom på 30 min, städade kök och hemstäd, bäst priser i stan. Simone: Riktigt professionella, flexibla och tillmötesgående.",,"F-skatt, Momsregistrerad","Online via webbformulär, telefon",Kundanpassad offert; RUT-avdrag erbjuds för privatpersoner,Svenska,,https://maps.google.com/?cid=15173257077193764912&g_mp=Cidnb29nbGUubWFwcy5wbGFjZXMudjEuUGxhY2VzLlNlYXJjaFRleHQQAhgEIAA,ChIJMVWdQgRFfEYRMPDQm-s8ktI,"High – webbplats bekräftad, org.nr och adress verifierade via hitta.se/letabolag.se",https://stadasmart.nu/ | https://www.hitta.se/stada+smart+umea+ab/umea/fnottejlc | https://letabolag.se/foretag/stada-smart-umea-ab-559445-2939,2026-07-24
StädNord,StädNord i Umeå AB,559049-8522,Paradisgränd 2,903 63,Umeå,Centrum,090-144 661,info@stadnord.se,https://www.stadnord.se/,https://www.google.com/s2/favicons?domain=stadnord.se&sz=128,https://places.googleapis.com/v1/places/ChIJP36Ef8xdfEYRT5vmKniMyzY/photos/AaVGc3ntYkDa5se6ApkOCHYiFyQ7grm261Oy4K1QHeuRfszUfuVeHVpxWZSFq2vhsNBYL0DV_opZVnzTxWYHL1KF3O-B_PSLUz_Q0ObjPoFXbKYDEECoEfKa-r3xmOAm3-fz4ItngPG9MdLhd7GhPdgaYyqZkBIIFH-hAvbgLxTA41RgKEyDodDHtQGdb-r_buHoOjY3vYth3uwFyps0VPOVcKrrWUM7zqr-LLZI1LmuEirTPh8WfqvIIO_ltu5aGRBtZQ3KWCa6oD17SFDlSQIPF_-FQRuVRuuKgI2Q9CYkipglK7NsQP9RMLzzrcNzD_oAp04dsDCvKCYy80zosgcwhmjNOGmHd6jjP0Q4H_mutuvS5RTSOBFsvPc12iDrSFmKQDaLWTD8RsSAv9nkZz5SmeFYByaTaCTo6IxawtO6K8Y_-lUQ/media?maxWidthPx=400&key=AIzaSyAgucJSAxcE0tpOe1l47Xy0Rw4QehRSg94,Hemstädning|Kontorsstädning|Företagsstädning|Flyttstädning|Storstädning|Visningsstädning|Fönsterputsning|Trappstädning|Butiksstädning|Lokalvård|Skolor/Förskolor städning|Byggstädning,Hemstädning: regelbunden städning av hem. Kontors- och företagsstädning: anpassad för arbetsplatser. Flyttstädning: grundlig städning vid flytt med 14 dagars nöjd kund-garanti. Storstädning och visningsstädning. Fönsterputsning med detaljerat prissystem per fönstertyp. Byggstädning för lokaler.,"Umeå, Örnsköldsvik (Domsjö)","StädNord är ett städföretag grundat 2016 med fokus på kundnöjdhet, mångårig erfarenhet av kontors- och hemstädning. Hög miljömedvetenhet genomsyrar all verksamhet. 14 dagars nöjd kund-garanti erbjuds. Bolaget drivs av Shahzad Ahmad och har kontor i Umeå och Örnsköldsvik. Verksamheten bedrivs inom städ-, hygien- och budverksamhet.",2016,Shahzad Ahmad,0,Aktiebolag,Ja,4.9,311,Anna S: Mitt hem har aldrig varit så rent som när StädNord har varit här. Astrid F (Konsult): Nu vågar jag släppa in kunderna på mitt kontor igen. Tack StädNord!,,"F-skatt, Momsregistrerad, Arbetsgivaravgift","Online bokning via webbformulär, telefon, e-post; akut/jour: 076-284 28 89",Offert begärs online eller via telefon; RUT-avdrag för privatpersoner; detaljerat prissystem för fönsterputs per typ,Svenska,Facebook,https://maps.google.com/?cid=3948403946064091983&g_mp=Cidnb29nbGUubWFwcy5wbGFjZXMudjEuUGxhY2VzLlNlYXJjaFRleHQQAhgEIAA,ChIJP36Ef8xdfEYRT5vmKniMyzY,"High – webbplats bekräftad, org.nr och adress verifierade via allabolag.se",https://www.stadnord.se/ | https://www.stadnord.se/kontakt | https://www.allabolag.se/foretag/stadnord-i-umea-ab/umea/stadservice/2KGFS9MI5YH6T,2026-07-24
FS Städ AB,FS Städ AB,559308-5763,Spårvägen 8,901 31,Umeå,Ersboda,090-690 70 75,,https://www.fsstad.se/,https://www.fsstad.se/wp-content/uploads/2025/06/fsstad-logo-3.jpg,https://places.googleapis.com/v1/places/ChIJD8OQ6ltbfEYRaHKq3yJUVUU/photos/AaVGc3k0ufzFeRaJGziU0L2lShbx2YBMWVpE17KQYAME9jBY4icGgSiwyMDFV5P2B6U69jeNAJLOrbnwlcmVF-y6FuCbXTNb7jGAayK_C3whkVILPH55CUwK-7sO60ejPWYlTzFLRXQgu91B9XIkAa9FrCMs3wVjJO1vfirtrW5e83PfDRfzLy1KZETAg6E43FW9L_7p7am5WK9fEygtE3a-90UFtt0p4KEpovQqFi1u-U3ITbYcFZmkSCFCvPSoq_2VU34KAClc4FCKBGlbiCksiVmInZg1CJjR6EuuVgpJLSZToi1aXRHiQ63MBtl3FEfHepgLi8YZr7sDSSuMGq_BRmLrKoNIdZYZor6AhueMONQjW6ui8mktjA7IIEuv6onkBUjcKHvjgqYXyOup0-sbgc4vKwTv66vXHvg5Yabwp5cUjA/media?maxWidthPx=400&key=AIzaSyAgucJSAxcE0tpOe1l47Xy0Rw4QehRSg94,Hemstädning|Flyttstädning|Fönsterputsning|Byggstädning|Kontorsstädning|Flytt,"Hemstädning: professionell städning anpassad för hem. Flyttstädning: korrekt utförd med 14 dagars garanti. Fönsterputsning: glasklara fönster, certifierad personal, inkl. kalkbeläggning. Byggstädning: efter nybyggnation/renovering. Kontorsstädning: ren och fräsch arbetsplats. Flytt: hjälp med flytt av möbler.",Umeå,"FS Städ AB är en professionell städfirma i Umeå grundad 2021 med fokus på trygghet, noggrannhet och prisvärdhet. Personal är utbildad och certifierad i fönsterputsning med erfarenhet från bl.a. Universitetssjukhuset, polishuset och stora biblioteket. 14 dagars kvalitetsgaranti. Arbetar mot FNs globala mål (SDG 8, 10, 12). Omsättning 2025: 3,5 mkr. Ledamot: Yahya Alahmad.",2021,Yahya Alahmad,4,Aktiebolag,Ja,4.9,76,"William Pettersson: Supernöjd med fönsterputsning, löste svår kalkbeläggning. Marita Eklund: Utbildade och kunniga, fantastisk kundkontakt även helg/kväll, mycket bra pris. Filip Angelsson: Perfekt kommunikation och resultat.",Hitta.se: 4.6 (91 omdömen),"Certifierad fönsterputsning, F-skatt, Momsregistrerad, Nordiskt Tillväxtcertifikat (allabolag.se)","Telefon, e-post, offertformulär på webbplatsen",20% rabatt på alla tjänster (annonseras på webbplatsen); RUT-avdrag för privatpersoner; offert via formulär,"Svenska, Engelska",,https://maps.google.com/?cid=4995991870395544168&g_mp=Cidnb29nbGUubWFwcy5wbGFjZXMudjEuUGxhY2VzLlNlYXJjaFRleHQQAhgEIAA,ChIJD8OQ6ltbfEYRaHKq3yJUVUU,"High – webbplats bekräftad, org.nr och adress verifierade via allabolag.se och hitta.se",https://www.fsstad.se/ | https://www.fsstad.se/kontakta-oss/ | https://www.allabolag.se/foretag/fs-stad-ab/umea/stadservice/2KHZ8LFI5YH6T | https://www.hitta.se/verksamhet/fs-stad-lsxxyzfhi,2026-07-24
Ärlebo Companies Cleaning,Ärlebo Företagsstäd AB,559197-9074,Lärlingsgatan 34,904 22,Umeå,Holmsund,070-291 82 84,,https://arleboforetagsstad.se/,https://arleboforetagsstad.se/wp-content/uploads/2022/03/arlebo-logo-and-slogan-beskard.png,https://places.googleapis.com/v1/places/ChIJ3RitKIJcfEYR9wqwCaXrEuY/photos/AaVGc3kAAdPAzely8csOGVkSuvZEPc0mPFlntK1LATlBiSPjPDysf5t-GD2OhDGUjUGKaobWoVsm3QBwSYiWq56OPqsFYW1E5eJ-z977yZJVnKkghK2YsUCdiEOybmp_mbnYmefwDjgquiOlIEHPc3Pgv2lnqhK495gNaWEACORlKuyO0a03nCfmjZaQGKQzId4X3sLeE-r9jjCD92hDANnaEy_cZJLdbSJwIXkJIU51y0lUWwHgtq4zHZi0Ctokq3rvpQ-rM98pSW6UDBRkuBNi9DwNqDSQiZs-isodkOfh1X3_O79Hfh8HXQGiWFtqtqIslLGZ7khXinS8W6mGC8fEdghdHEZNbNCHAaKkULXapVC7tX1R9lUQaxkkKiEdKjwk453c6BKXEsSlSu2bpwsgd8vT3eG4Et6LutzoteoIadcxL5DY/media?maxWidthPx=400&key=AIzaSyAgucJSAxcE0tpOe1l47Xy0Rw4QehRSg94,Flyttstädning|Hemstädning|Fönsterputs|Kontorsstäd|Trappstädning|Butiksstädning|Byggstädning|Golvvård|Visningsstäd|Dödsbo städ|Sortering & Bortforsling|Storstädning,Flyttstädning till fast pris med nöjd kund-garanti. Hemstädning: personlig och noggrann med checklistor. Fönsterputs med marknadens miljövänligaste städ. Kontorsstäd: rena och trivsamma arbetsplatser. Dödsbo städ med respektfullt omhändertagande. Golvvård och specialiserade tjänster för fastigheter och företag.,"Umeå med omnejd, Västerbotten","Ärlebo Företagsstäd AB är ett Umeå-baserat städföretag grundat 2019 av Tobias Ärlebo. Rötterna i Västerbotten, förstahandsval för företag och privatpersoner i regionen. Tecknade kollektivavtal med Fastighets 2023. Moderbolag: Ärlebo Holding AB. Omsättning 2024: 11,7 mkr med 11 anställda. Samarbetar med mäklarfirmor och präglas av lyhördhet och personligt bemötande.",2019,Tobias Ärlebo,11,Aktiebolag,Ja,4.5,195,Cathrine H: Alltid proffsiga och lätta att ha att göra med.,Hitta.se: 5.0 (1 omdöme),"Kollektivavtal med Fastighets (från 2023), F-skatt, Momsregistrerad","Webbformulär (intresseanmälan), telefon",Fast pris med nöjd kund-garanti; RUT-avdrag erbjuds för privatpersoner,Svenska,,https://maps.google.com/?cid=16578572272368880375&g_mp=Cidnb29nbGUubWFwcy5wbGFjZXMudjEuUGxhY2VzLlNlYXJjaFRleHQQAhgEIAA,ChIJ3RitKIJcfEYR9wqwCaXrEuY,"High – webbplats bekräftad, org.nr och kontaktuppgifter verifierade via arleboforetagsstad.se/kontakt och hitta.se",https://arleboforetagsstad.se/ | https://arleboforetagsstad.se/kontakt/ | https://www.hitta.se/verksamhet/arlebo-foretagsstad-ab-mryhkptfh,2026-07-24
Umeå Älven Städ AB,Umeå Älven Städ AB,559120-4986,Pedagoggränd 7A,907 30,Umeå,Ålidhem,090-77 55 00,info@umealvenstad.se,https://umealvenstad.se/,https://umealvenstad.se/wp-content/uploads/2018/11/logga-umealvenstads.png,https://places.googleapis.com/v1/places/ChIJQVLfTPBbfEYRNZCxhJPtzHg/photos/AaVGc3kGrrNVoQi6QhBiJHok5ppnBQINS_CW-XTSrXwNhh66FLNB2I8WOPsF_r8xuqT3YKe6ujTsBLOOQZ9h7YHU8thNAXuf1SNskv52LBZfvWRWQI2wBo6mcBM3fRdsRIGu72-ynN5-jPmxln8Z8Lf6tK8nEtsWmNFHhLj7_DQT4CLJ3fyQS9CTAeKdD9XBjj_qz3ORlYR_OgaashixePKKd37lAL_i3rn23aXDTPvV-2NlAI8c0hjYFPxS48wKA60yU9OYLAtTJDkfW0PB-MMCbApLcyPVYnpLutcOpG7sCqzH6KB-WUeA79tbp9zJbgnLi69ALfpfohqvxgzF9FSMk1klQzgi3XE0Iyh3D8lIRWUP3AXAjWUETMC1EZ4xOELlRPpUj6Acb5NGLCP2vDZWu1W9Nfz7sFgnRPZkfOMaTMUawL4/media?maxWidthPx=400&key=AIzaSyAgucJSAxcE0tpOe1l47Xy0Rw4QehRSg94,Hemstädning|Kontorsstädning|Flyttstädning|Byggstädning|Dödsbostädning|Bohagsflytt|Fönsterputsning|Trappstädning|Allergistädning,"Hemstädning: fast pris och löpande timpriser. Kontorsstädning: kvällar och helger, anpassad efter behov. Flyttstädning: specialitet, grundlig rengöring. Byggstädning: tar bort damm efter ombyggnation. Dödsbostädning: komplett städning inklusive fönsterputsning. Bohagsflytt i Västerbotten. 14 dagars nöjd kund-garanti.","Umeå, Vindeln, Holmsund, Obbola, Vännäs, Röbäck, Hörnefors, Robertsfors, Nordmaling, Bullmark, Tavelsjö, Bjurholm, Täfteå, Skellefteå, Sundsvall, Luleå, Piteå, Timrå, Örnsköldsvik","Umeå Älven Städ AB är en städfirma grundad 2017 med registrerad adress Pedagoggränd 7A, Umeå. Verksamma i Umeå och hela Västerbotten. Erfarenhetsfull personal, miljövänliga städmetoder och produkter. Arbetar för privatpersoner och företag med alla typer av städtjänster. Omsättning 2024: 2,8 mkr med 2 anställda. 14 dagars nöjd kund-garanti.",2017,,2,Aktiebolag,Ja,4.4,98,,,"F-skatt, Momsregistrerad","Webbformulär (offertförfrågan), telefon, e-post",Fast pris och löpande timpriser; RUT-avdrag 50% för privatpersoner,Svenska,,https://maps.google.com/?cid=8704593397642530869&g_mp=Cidnb29nbGUubWFwcy5wbGFjZXMudjEuUGxhY2VzLlNlYXJjaFRleHQQAhgEIAA,ChIJQVLfTPBbfEYRNZCxhJPtzHg,"High – webbplats bekräftad, org.nr verifierat via hitta.se, adress Pedagoggränd 7A bekräftad på om-oss-sida",https://umealvenstad.se/ | https://umealvenstad.se/om-oss/ | https://www.hitta.se/verksamhet/umea-alven-stad-ab-iikgpxiak,2026-07-24
Städkompetens i Norrland AB,Städkompetens i Norrland AB,556631-9645,Gräddvägen 13,906 20,Umeå,Teg,090-18 13 26,stadkompetens.umea@stadkompetens.se,https://www.stadkompetens.se/,https://www.stadkompetens.se/wp-content/uploads/2020/09/favicon.png,https://places.googleapis.com/v1/places/ChIJqVnHr8xEfEYR2oxt8UHLDAg/photos/AaVGc3nAdLnmhWyqyeBJpXmBrvuyiY356J92681VpLj8lvJbhUBEZ_7tjXIrxEciiyEOs8qCDhOdI5lCyEDjmYc6UGeCDyzv-e6oU9sf5k4fPqQBVeh_g2tQVvzw-W7O__zRlz1s3dDx_M2RTuNnqUYls7YzyooWObFjbpPjRiDCSQLqkuM-z499FNgZ512KjbPQsHkq8nv2J6yPNccdKB_XK3mrh3Q1IoQVBnCuYoV8Xd94r5abfiSx8xtRlCgbHvn4Kp-6GUUtPyMkjYC6OW2APUrNkLAqzuuCGqhDvGn_7xjNc9zPOI4WVW2qtmZYiE-yzwj7MTEooAgCQYrQcvKtX1WyfalNSbJFjhBlpXbEvlV0Km_mw0OmYiH6BFO4LyzIMlNUm2roYgWDDeGXc0chpw19Rgggt0nddM1kxYkvPm1TbBg/media?maxWidthPx=400&key=AIzaSyAgucJSAxcE0tpOe1l47Xy0Rw4QehRSg94,Hemstädning|Fönsterputsning|Flyttstädning|Kontorsstädning|Storstädning|Golvvård|Företagsstädning,"Hemstädning: kundfavorit med höga betyg. Fönsterputsning: topprankad av kunder, för privatpersoner, myndigheter, företag och butiker. Flyttstädning: nöjd-garanti. Kontors/företagsstädning: ICA, Coop, Polisen, Kriminalvård, landsting m.fl. Storstädning: gulv till tak. Golvvård av sten, trä, betong, plast och linoleum.","Umeå, Skellefteå, Robertsfors, Vännäs, Lycksele, Vilhelmina, Nordmaling, Örnsköldsvik, Kramfors, Härnösand, Sundsvall, Fagersta","Städkompetens grundades år 2000 i Umeå av Mats Koivusalo under namnet EMKÅS Fönsterputs. År 2003 ombildades det till aktiebolag med nuvarande namn. Sedan 2022 ingår bolaget i koncernen Mittstäd. Över 20 års erfarenhet, ca 100 anställda, ISO-certifierad sedan 2010 (ISO 9001:2015 och ISO 14001:2015). Knutna till kollektivavtal. Org.nr: 556631-9645, registrerat 2002.",2000,Mats Koivusalo,ca 100,Aktiebolag,Ja,4.5,73,,,"ISO 9001:2015 (kvalitetsstyrning), ISO 14001:2015 (miljöstyrning), Kollektivavtal","Webbformulär, telefon, e-post; gratis hembesök för prisförslag (hemstädning)",Offert via formulär; RUT-avdrag 50% för privatpersoner; gratis hembesök för hemstädning,Svenska,Facebook (ingår i koncernen Mittstäd),https://maps.google.com/?cid=580061936107752666&g_mp=Cidnb29nbGUubWFwcy5wbGFjZXMudjEuUGxhY2VzLlNlYXJjaFRleHQQAhgEIAA,ChIJqVnHr8xEfEYR2oxt8UHLDAg,"High – webbplats bekräftad, org.nr och adress verifierade via bolagssoket.se och Svenska Hantverkare",https://www.stadkompetens.se/ | https://www.stadkompetens.se/om-oss/ | https://www.bolagssoket.se/foretag/stadkompetens-i-norrland-ab/ | https://www.svenskahantverkare.se/stadfirma/umea/stadkompetens-i-norrland-ab,2026-07-24
Umeå Cleaningcrew Ab,Umeå Cleaning Crew AB,559278-9704,"Kummelvägen 14, Port 8",901 37,Umeå,Ersboda,090-13 02 02,info@umeacleaningcrew.se,https://www.umeacleaningcrew.se/,https://www.umeacleaningcrew.se/wp-content/uploads/2025/10/umea-cleaning-crew-1024x1024.jpg,https://places.googleapis.com/v1/places/ChIJ_ydm_NNdfEYRqkc6Ds4Lf1w/photos/AaVGc3kU_xB6AX7xcqI_odIl9dRPhQtZ67d7NLR0SfFYtAChTztxEmndgdqW6By_v_IF-rd_yptwxA6TeFZOnbYvyekPQ3z5uX9s34MaJ5hA79HNi4yF8iryNaoa4DIE06V6SClYBwvPBgf7j0sj-2-opf-eJFXqxvz94LDdkPEqLqoOVCAQE7Bv5_-E0Q9cZisVg7D7KcC3CMT3GRst6T6wcieFUeV0xsuldNkFYuUW9CKlK6KZWHZJ1M0dEtElApAmE-vqR77X6A2BQ3xM-J5yshGwb9vIev1M-qmE28vw0-d6U0dS0iZvyXhJX88X_637nMJpLRNq6jI0IwANPYHrWKaSgD6DoK0gm5JqGHowJ7m41bQnMw3PomFiBebUlpVDzjZXtwsOeDpw42Z4zPRU_T98dDI93ffFCavxZmkzqZnxuBE/media?maxWidthPx=400&key=AIzaSyAgucJSAxcE0tpOe1l47Xy0Rw4QehRSg94,Flyttstädning|Hemstädning|Fönsterputsning|Trappstädning|Kontorsstädning|Snöskottning|Dödsbostädning|Byggstädning|Storstädning|Flytthjälp,"Flyttstädning: från 35 kr/kvm, fast pris, garanterad godkänd, 14 dagars nöjdhetsgaranti. Hemstädning: 250 kr/timme. Fönsterputsning: kristallklara fönster för enstaka och återkommande behov. Trappstädning: regelbunden. Kontorsstädning: anpassad städning. Snöskottning: uppfart och gångvägar. Dödsbostädning: med respekt och noggrannhet.",Umeå och omnejd,"Umeå Cleaning Crew AB är en städfirma i Umeå med fokus på kvalitet, trygghet och kundnöjdhet. Grundad 2020 med över 10 års erfarenhet av städning. 100% nöjdhetsgaranti, full försäkring, miljövänliga produkter och fasta transparenta priser utan dolda avgifter. RUT-avdrag 50% hanteras direkt på fakturan. Ledning: Murtadha Mohammad Enaid (styrelseordförande). Omsättning 2025: 1,2 mkr.",2020,Murtadha Mohammad Enaid,2,Aktiebolag,Ja,4.5,53,"Kai M. Kenklies: Jättebra! Trevlig och kompetent städpersonal. Mathias Haga: Snabb respons och prisvärt för flyttstäd. Julia Udd: Super tillmötesgående, mycket nöjd med resultatet.",,"F-skatt, Momsregistrerad","Webbformulär (offertförfrågan), telefon, e-post; öppet helgfria vardagar 07:00–22:00","Hemstädning och fönsterputs från 250 kr/timme; Flyttstädning från 35 kr/kvm (1-2 rum från 2 250 kr, 3 rum 2 800 kr, 4+ rum 3 850 kr); RUT-avdrag 50%",Svenska,Facebook | Instagram,https://maps.google.com/?cid=6665058953161492394&g_mp=Cidnb29nbGUubWFwcy5wbGFjZXMudjEuUGxhY2VzLlNlYXJjaFRleHQQAhgEIAA,ChIJ_ydm_NNdfEYRqkc6Ds4Lf1w,"High – webbplats bekräftad med adress och kontaktuppgifter, org.nr verifierat via syna.se",https://www.umeacleaningcrew.se/ | https://www.umeacleaningcrew.se/kontakta-oss/ | https://upplysningar.syna.se/foretag/5592789704/umea-cleaning-crew-ab,2026-07-24
Städfirma Älvis Städ AB,Älvis Städ AB,559089-5339,Formvägen 12B,906 21,Umeå,Teg,090-765 76 10,kundtjanst@alvisstad.se,https://alvisstad.se/,https://alvisstad.se/wp-content/uploads/2024/12/alvislogo.png,https://places.googleapis.com/v1/places/ChIJ2Qtd2aFcfEYRQCL6jjdmJsQ/photos/AaVGc3lhzrx2b2aV9kDvph3u12xPNHCeNQYGOMBW4WWB_abKhoKlv7VOFAdVVH24wTHX9iY5v6Vwvj_wx-tP-g4NYu2wWD0Lv5gbAHlXfCQnPWdOIKfHyX9UKN6Ku2vU3z06NyxAdp93HfAZ5PwAHyKpfv4SW0bTMnvcYQDoqomSQUTw0hI0Du5Tc4foOYmqL2VcbzyjT_Bs6wKdjzbto6KZjfSlQCC5QqxSCnmIYOUbR9mZn6X7IK6gfQdhoIMGl51Wj51XUJeZEXfmUC3tESgGRH97xgN2YfxTy1mcn86pSfGIvHa54y_WDMkZLOk9WTfAvPQTnxoB4tm8CXhAswNFSg-hMJ6HBFOXTqnEJMHR-BnU4z0ox2kJYc3QJ6jsp4LUFuPnan2YJWiYBZESBtWnvyEjRnnnjpYjzw9u4gOuWp8RdftG/media?maxWidthPx=400&key=AIzaSyAgucJSAxcE0tpOe1l47Xy0Rw4QehRSg94,Hemstädning|Flyttstädning|Dödsbostädning|Fönsterputs|Grovstädning|Storstädning|Visningsstädning|Byggstädning|Matt- & Möbeltvätt|Kökstvätt|Badrumstvätt|Luktsanering|Kontorsstädning|Lokalvård|Hotellstädning,"Hemstädning: alla rum, kök och badrum; anpassad med checklistor. Flyttstädning: grundlig rengöring inkl. fönster. Dödsbostädning: med högsta noggrannhet. Fönsterputs in- och utvändigt inkl. bleck och karmar. Grovstädning vid brand/vattenskada/ombyggnad. Luktsanering via ozonering. Kontors- och lokalvård via dotterbolaget Deltateamet AB. Hotellstädning via dotterbolag.","Umeå, Sundsvall, Skellefteå, Luleå, hela Norrland","Älvis Städ AB är ett familjeföretag grundat 2014 (aktiebolag sedan 2016) med huvudkontor i Umeå. VD: Mali Dogru. Erbjuder städtjänster för privatpersoner, företag och fastighetsägare i hela Norrland. SRY-kvalifikation (Servicebranschens Yrkesnämnd), 14 dagars nöjd kundgaranti, 10% rabatt för nya kunder. Handledarintyg från Skolverket. Dotterbolag: Älvis Bilvård (bilvård i Umeå), Deltateamet AB (fastighets- och företagsstädning). Delägt dotterbolag i Sundsvall sedan 2024. Omsättning 2025: 11,4 mkr med 11 anställda.",2014,Mali Dogru,11,Aktiebolag,Ja,4.2,66,,Hitta.se: 4.4 (751 omdömen),"SRY-kvalifikation (Servicebranschens Yrkesnämnd), Handledarintyg från Skolverket, F-skatt, Momsregistrerad","Webbformulär (offert), telefon, e-post; svar inom 24 timmar utlovas",Konkurrenskraftiga priser; 10% rabatt för nya kunder; RUT-avdrag 50% hanteras direkt på fakturan; 14 dagars garanti,Svenska,,https://maps.google.com/?cid=14134096869356872256&g_mp=Cidnb29nbGUubWFwcy5wbGFjZXMudjEuUGxhY2VzLlNlYXJjaFRleHQQAhgEIAA,ChIJ2Qtd2aFcfEYRQCL6jjdmJsQ,"High – webbplats bekräftad, org.nr och kontaktuppgifter verifierade via allabolag.se och hitta.se",https://alvisstad.se/ | https://alvisstad.se/kontakt/ | https://www.allabolag.se/foretag/alvis-stad-ab/umea/stadservice/2KGOAGBI5YH6T | https://www.hitta.se/verksamhet/alvis-stad-mgtzjpvz,2026-07-24
Hustomtarna-Gavleborg,Hustomtarna Gavleborg,940412-XXXX,Norra Nyvallsvägen 9B,804 26,Gävle,Valbo,,,,https://www.google.com/s2/favicons?domain=allabolag.se&sz=128,https://places.googleapis.com/v1/places/ChIJE_QK0_zHYEYRiwtz52oihng/photos/AaVGc3m77bc3yFFYVfDUSqUVVRBpDySXijQW5D1S3hFpoZdXknP0Lily89dBb9uwLxeFZhU3wkF_UPEtrCddXtlQGYJrh6Ng0URRM46orqe3uZKxsMAm1grKCef-nPx8IIao4Ac9pu40q7V1it9VeyLuRPxfIZ0Qb-ZFPZIhRzYqhBr-u-5PduQgQrZGyeSdyb0Wzn3WguEAWMzLxQbvaMzaL82OxY0RxU17O0UOLXD898Y3VGZtuKe9ENJG4kSjCvpeHe0lWY1GhxPY_tBDlBysJbM6XCQjsJTKxLEjRWIkdprlKgCTlCs_1Za1m8rvgTgq03y1bYwcESfxx-NC8yRaA3yXQ75Xf-WFI9LGvxhZnh1arLWNMI7Dp6uQZrC0-d0WOvYYoddN5a9v5NWlu1m6nEYLYt88Nk6VwnEBGtFIP1wyDxyP30Eiq9ks5IfHvhRZ/media?maxWidthPx=400&key=AIzaSyAgucJSAxcE0tpOe1l47Xy0Rw4QehRSg94,Hemstädning|Städservice,Hemstädning och städservice för privatpersoner i Gävleregionen.,Gävle|Valbo,"Hustomtarna Gavleborg är en lokal enskild firma registrerad under städservice i Gävle, Valbo. Ägare: Simon Karlsson. Verksam i Gävleborgs län.",,Simon Karlsson,1,Enskild firma,Ja,5,6,,,,,,Svenska,,https://maps.google.com/?cid=8684666773975534475,ChIJE_QK0_zHYEYRiwtz52oihng,Low – no website found; registry data partial (org nr masked); address/owner confirmed via Allabolag,allabolag.se (Hustomtarna Gavleborg)|Google Places,2026-07-25
Hamrånge Fönsterputs,Hamrånge Fönsterputs,700309-XXXX,Stenbackavägen 15,804 24,Gävle,Valbo,070-864 38 07,,,https://www.google.com/s2/favicons?domain=allabolag.se&sz=128,,Fönsterputs|Städning|Fastighetservice|Flyttstädning,Fönsterputs invändigt och utvändigt. Städning och fastighetservice för privatpersoner och företag. Flyttstädning med RUT-avdrag.,Gävle|Gävleborg,"Hamrånge Fönsterputs är en enskild firma i Gävle, registrerad 2002-03-27. Verksamheten beskrivs som fönsterputs, städning och fastighetservice. Innehavare: Karl Erik Peter Karlsson (f. 1970). Postadress: Björntomsvägen 19, 805 96 Gävle. Leveransadress: Stenbackavägen 15, 804 24 Gävle.",2002,Karl Erik Peter Karlsson,1,Enskild näringsidkare,Ja,4.5,2,,,,Telefon,Offert på begäran. Vardagar 08-17.,Svenska,,https://maps.google.com/?cid=3414534829423513048,ChIJJccXflrBYEYR2M38HFbdYi8,Medium – phone/address/owner confirmed via hitta.se och allabolag.se; inget eget website hittat; org nr partiellt maskat,allabolag.se (700309-XXXX)|hitta.se|stenkoll.hk-r.se|flyttstadning-direkt.se,2026-07-25
JH Fönsterputs,JH Fönsterputs,830629-XXXX,Stjärnstigen 7,804 26,Gävle,Valbo,073-945 12 79,,,https://www.google.com/s2/favicons?domain=allabolag.se&sz=128,,Fönsterputs|Städning|Fastighetservice,"Fönsterputs, diverse rengöring, fastighetservice och städ till privatpersoner och företag.",Gävle,"JH Fönsterputs är en enskild firma i Gävle, registrerad 2015-07-06. Verksamhet: fönsterputs, diverse rengöring, fastighetservice och städ. Registrerad adress: Rynningsgatan 27 lgh 1101, 802 56 Gävle. Besöksadress via Google Places: Stjärnstigen 7, 804 26 Gävle (Valbo). Ej momsregistrerat.",2015,,1,Enskild näringsverksamhet,Ja,5,1,100% nöjd med Fönsterputsen! Kanon service och trevlig personal.,hitta.se: 5.0/5 (1 omdöme),,Telefon,,Svenska,,https://maps.google.com/?cid=12603795554842484071,ChIJ-YZ-q7_HYEYRZ50IhEet6a4,"Low – litet företag, inget eget website, org nr partiellt maskat; adress och telefon bekräftade via hitta.se",hitta.se (JH Fönsterputs)|datreal.com|Google Places,2026-07-25
Veteranpoolen Gävle,Veteranpoolen AB,556905-1070,Förrådsgatan 10,803 09,Gävle,Sätra,026-10 14 10,gavle@veteranpoolen.se,https://veteranpoolen.se/kontor/gavle/,https://veteranpoolen.se/favicon/apple-touch-icon.png,https://places.googleapis.com/v1/places/ChIJsTgbWmHGYEYRM0RcQpo48Cc/photos/AaVGc3mTizrMzClfVGwCv1815V83KZ6lkL13Egpo1w6Pxz342sVjYS8TISLiC4LcFCdkr3RnPVtET3prvBJ4eZFYOAqX8qABRcURbtzYXYAMX0g1lHbu_tZAILsx0AykQnq-P1alszUFEfAShRajWFFTguDWNEeWkX0HCihLID-XzD13NynF0f3pDYq5NPc_ljoGeQMwGpoBdcCMIb1_TdXgaQwTx3Ws9xzY8AKvwGCp_jTpoS0RRb13PF4DE4HWEssZtgKtyJ2sYTy-Bw5AQYQui_Xh7aHh-jJc2IwbkH0c_jFCIKvSvUdvhQRMP0JTcalDwrb4odgNARUKeHPldCz9n6CqVhBMTb0WgybEuyu3ay90nreyI-52-6Ob4gCwEs9FtFlo5py80fmvcUvXS7bpJuF5dmQdD_aY_Bx4YG0F2fYwn3HzMhUZmmbpWN4QWFUM/media?maxWidthPx=400&key=AIzaSyAgucJSAxcE0tpOe1l47Xy0Rw4QehRSg94,Hemstädning|Fönsterputs|Flyttstädning|Hemservice|Ledsagning|Trädgård|Hantverk|Kontorsstädning|Lokalvård|Privat hemtjänst,"Hemstädning och storstädning i privathem. Fönsterputs. Flyttstädning. Privat hemtjänst (kommunalt godkänd i Gävle). Hemservice och ledsagning för äldre. Trädgårdsarbeten (gräsklippning, häckklippning, snöskottning). Hantverk (snickare, målare, elektriker, rörmokare). Kontors- och lokalvård för företag. Tillsyn av bostad.",Gävle|Hofors|Ockelbo|Sandviken|Älvkarleby,"Veteranpoolen Gävle är ett lokalkontor inom Veteranpoolen AB (org. 556905-1070), Sveriges största arbetsgivare för pensionärer. Kontoret i Gävle erbjuder trygg och flexibel hjälp för privatpersoner och företag i hela Gävle med omnejd. Jobbonärerna – pensionärer som kombinerar jobb och pension – utför uppdrag med engagemang och lång yrkeserfarenhet. Veteranpoolen är certifierat utförare av privat hemtjänst i Gävle kommun.",2012,,775,Aktiebolag,Ja,4.6,13,,,Certifierat utförare av privat hemtjänst i Gävle kommun,Webb (intresseanmälan)|Telefon|E-post,Pris varierar per tjänst. RUT/ROT-avdrag dras direkt på fakturan. Serviceavgift 25 kr tillkommer. Offert via kontoret.,Svenska,,https://maps.google.com/?cid=2877862397079209011,ChIJsTgbWmHGYEYRM0RcQpo48Cc,"High – eget website bekräftat med adress, telefon, e-post och tjänster; org nr bekräftat via hitta.se",veteranpoolen.se/kontor/gavle/|hitta.se (556905-1070)|Google Places,2026-07-25
Rengöringsgruppen Gävle AB,Rengöringsgruppen Gävle AB,556446-2850,Industrigatan 5,802 83,Gävle,Söder,026-51 11 25,info@rengoringsgruppen.se,https://www.rengoringsgruppen.se/,https://www.rengoringsgruppen.se/bilder/logga.svg,,Kontraktstäd|Hemstädning|Seniorservice|Flyttstäd|Byggstäd|Trappstäd|Fönsterputs|Golvvårdsbehandlingar|Sanering|Höghöjdstädning|Ventilationsrengöring|Fastighetstjänster,"Kontraktstäd och lokalvård för företag och privatpersoner. Hemstädning utan avtalsbindning, alltid samma person. Seniorservice. Flyttstädning. Byggstädning. Trappstädning. Fönsterputs. Golvvårdsbehandlingar. Professionell sanering inklusive miljöfarliga produkter. Höghöjdstädning utan behov av lifthyra. Ventilationsrengöring och -service. Miljöinventering och utredning av byggnadsrelaterad ohälsa (sjuka hus).",Gävle|Gävleborg och övriga orter vid behov,"Rengöringsgruppen Gävle AB är ett lokalt aktiebolag i Gävle, grundat 1992. Företaget erbjuder rengöring i alla former, från hemstädning till sanering av miljöfarliga produkter. Bas i Gävle men utför uppdrag även på andra orter. 18 anställda. Omsättning 2025: 13,7 MSEK. Moderbolag: Fyrvaktaren Förvaltning AB. VD: Per Arvid Åhman. Styrelseledamot: Patrik Björn.",1992,,18,Aktiebolag,Ja,4,2,,,,Telefon|E-post|Webb (offertformulär),"Avtalsfritt för hemtjänster, minst 2 timmar per tillfälle. Restid ingår i städtiden. Offert på begäran.",Svenska,https://www.facebook.com (länk via hemsida)|Instagram (länk via hemsida),https://maps.google.com/?cid=5534748186721276098,ChIJlWLMNPPGYEYRwlDCxiZgz0w,High – eget website bekräftat med adress/telefon/e-post; org nr och bolagsdata bekräftade via allabolag.se och bolagsfakta.se,rengoringsgruppen.se|allabolag.se (556446-2850)|bolagsfakta.se|hitta.se|Google Places,2026-07-25
Fint Hus i Valbo AB,Fint Hus i Valbo AB,559101-9467,Storgatan 11,806 45,Gävle,Valbo,0730-600 511,info@finthus.se,https://www.finthus.se/,https://cdn.prod.website-files.com/627ff918bb31bd810af42ae4/628bdfaa126b79d21d9d3387_og_finthus.jpg,https://places.googleapis.com/v1/places/ChIJaTxVE63HYEYRHAbC1Fu05hk/photos/AaVGc3la6tbSqbWlLIeCSrSc0L89V3SLoIXYAQG859kkjFaLtxz3r0hAoznFQrXUPPo7aZ9mPICgsGa8wj4cWj68uaQgAH3SuXgnY74g6QkEvfneXnTrDDDK_o4sbiXKR3nakrjhmXnjojl_5PYpMjxqC11SE6QXeHU7NkB3OUUIjGM7DyKhBqbvc-6DRwBos1KmSGUy196uryrUYSNL8-LJm1ys9Y0rVVsKTQET-Q7f2ZkdNGxutnHOlsz7vdB7EzXidFzlkfgS1a68Xl5R_7xaBmQnirFrAqTT5K77YXunN88ah7uyj3g-eaA0uB4l3BL61VdMvT_SftL9tf__4u805bSEhzRgRr1EwU26NRJdO8whDoe7pyB-UqqCFcG7sJ3scyu00_32m_r5mtjiLStPxcw1s-im0exKluz92CCULbc/media?maxWidthPx=400&key=AIzaSyAgucJSAxcE0tpOe1l47Xy0Rw4QehRSg94,Hemstädning|Storstädning|Kontorsstädning|Fönsterputs|Flyttstädning|Trappstädning|Golvvård|Lokalvård,"Hemstädning för privatpersoner, anpassad efter behov. Storstädning för grundligare genomgång. Kontorsstädning och lokalvård med anpassade avtal. Fönsterputs invändigt och utvändigt. Flyttstädning. Trappstädning. Golvvård.",Valbo|Gävle,"Fint Hus i Valbo AB är ett aktiebolag registrerat 2017-02-23 i Gävle. Företaget bedriver rengöring, lokalvård och uthyrning av personal. 6 anställda. Omsättning 2025: 4,5 MSEK. Vinstmarginal 23,9%. VD: Elin Kristina Persson (f. 1987). Ordförande: Anna Magdalena Persson (f. 1984). Moderbolag: Fint Hus Holding AB. Koncernmoder: Maid For You i Sverige AB. Miljövänliga kemikalier. Alla medarbetare har utbildning.",2017,Anna Persson,6,Aktiebolag,Ja,3.8,5,,,,Webb (kontaktformulär)|Telefon|E-post,Kostnadsfri offert via webb eller telefon. Kontakt inom 24 timmar.,Svenska,https://linkedin.com/company/fint-hus-i-valbo-ab,https://maps.google.com/?cid=1866377402096158236,ChIJaTxVE63HYEYRHAbC1Fu05hk,High – eget website bekräftat med adress/kontakt/tjänster; org nr bekräftat via allabolag.se och bolagsfakta.se,finthus.se|allabolag.se (559101-9467)|bolagsfakta.se|exa.ai library|Google Places,2026-07-25
Astas Hemservice i Gävle AB,Astas Hemservice i Gävle AB,559581-9961,Timmermansgatan 19,802 52,Gävle,Söder,026-10 15 05,,,https://www.google.com/s2/favicons?domain=allabolag.se&sz=128,,Hemservice|Lokalvård|Insamling av icke-farligt avfall,Tillhandahållande av konsumenttjänster i hemmet. Lokalvård. Insamling av icke-farligt avfall.,Gävle,"Astas Hemservice i Gävle AB är ett nyregistrerat aktiebolag, aktivt sedan 2026-04-21 (registreringsdatum 2026-04-20). Adress: Timmermansgatan 19, 802 52 Gävle. VD och styrelseledamot: Karl Hugo Jonsson. Ordförande: Sonja Maria Jonsson Fernlund. Styrelsesuppleant: Lars Jonas Jonsson. Registrerat för F-skatt och moms. Inget eget website hittat.",2026,Karl Hugo Jonsson,0,Aktiebolag,Okänt,,,,,,Telefon,,Svenska,,https://maps.google.com/?cid=8855300995037532998,ChIJgZnWHU_HYEYRRhNgbFZZ5Ho,Medium – nyregistrerat bolag (2026); adress/phone/org nr bekräftade via hitta.se och syna.se; inget eget website hittat; inga Google-recensioner,hitta.se (559581-9961)|syna.se|Google Places,2026-07-25
Hemstödet,Hemstödet,,Artillerigatan 6,802 60,Gävle,Söder,,,https://hemstodet.se/,https://hemstodet.se/ws/media-library/87dc508fd3d0b90e892434c5596b6a05/hem-stodet.jpg,,Hemstädning|Djupstädning|Flyttstädning|Fönsterputsning,"Hemstädning: regelbunden städning av kök, badrum och alla rum, 238 kr/timme inkl. RUT-avdrag. Djupstädning: grundligare genomgång, 238 kr/timme inkl. RUT-avdrag. Flyttstädning: komplett städning vid flytt, 45 kr/kvm inkl. RUT-avdrag. Fönsterputsning. Alltid samma person (Henna Janhunen) vid varje städtillfälle. Gratis hembesök för offert.",Gävle,"Hemstödet drivs av Henna Janhunen, som under mer än tio år drev städfirman Fint Med Finess (som hon senare sålde) och nu driver Hemstödet. Soloföretag med personlig service – ägaren utför alla uppdrag själv. Fokus på kontinuitet, omtanke och hög kvalitet. Framkörning och material tillkommer med 89 kr inom Gävle. Återkommande kunder får 10% rabatt (214 kr/timme inkl. moms och RUT).",,Henna Janhunen,1,,Ja,,,,,,Webb (kontaktformulär)|Gratis hembesök,Hemstädning 238 kr/timme inkl. RUT-avdrag. Djupstädning 238 kr/timme. Flyttstädning 45 kr/kvm. Återkommande kunder: 214 kr/timme. Framkörning+material 89 kr inom Gävle.,Svenska,,https://maps.google.com/?cid=3694713723386745251,ChIJEU7WqlLHYEYRo1E6VY5CRjM,"Medium – eget website bekräftat med tjänster och priser; adress från Google Places; org nr ej hittat (soloföretag, möjligen enskild firma under Henna Janhunen); inga Google-recensioner",hemstodet.se|xn--hemstdet-r4a.se|svenskahantverkare.se|Google Places,2026-07-25
Green Clean Sverige AB,Green Clean Sverige AB,556808-9626,Atlasgatan 7,802 86,Gävle,Söder,070-225 53 67,,https://www.greencleangavle.se/,https://static.wixstatic.com/media/448890_31e3fc95c10741f19eb368e168f163da~mv2.png,,Hemstädning|Företagsstädning|Flyttstädning|Fönsterputs,Hemstädning: regelbunden städning med miljövänliga metoder och samma personal varje gång. Företagsstädning: miljöorienterad lokalvård med städgaranti. Flyttstädning: professionell städning av villor och lägenheter inför avflyttning. Fönsterputs: ingår som tilläggstjänst.,Gävle,"Green Clean Sverige AB är en liten, starkt miljöorienterad städfirma i Gävle. Företaget städar med miljövänliga metoder och naturliga hjälpmedel som citron och ättika. Kollektivavtal och samtliga arbetsmarknadsregler följs. Städgaranti lämnas alltid. Dotterbolag till Alltime Sverige AB. VD: Björn Wiktorsson.",2010,Björn Wiktorsson,11,Aktiebolag,Ja,4.4,17,,,Kollektivavtal,Telefon / kontaktformulär via hemsida,RUT-avdrag tillämpas; kostnadsfri avbokning senast kl 11.00 sista helgfria vardagen innan städning,Svenska,,https://maps.google.com/?cid=7706054496512655476,ChIJQ7bPumLGYEYRdEBwdLxn8Wo,High – webbplats + allabolag + bolagsfakta bekräftar adress/org-nr,https://www.greencleangavle.se/ | https://www.allabolag.se/foretag/green-clean-sverige-ab | https://www.bolagsfakta.se/5568089626-Green_Clean_Sverige_AB | https://stadningguiden.se/gavleborg/gavle/,2026-07-25
CleanUp Solutions AB,Cleanup Solutions Gävle AB,559146-1032,Johannesbergsvägen 23,802 93,Gävle,Söder,026-200 80 91,info@cleanupstad.se,https://www.cleanupstad.se/,https://www.google.com/s2/favicons?domain=cleanupstad.se&sz=128,https://places.googleapis.com/v1/places/ChIJB9lNjRrHYEYRAoBwHf6Exu4/photos/AaVGc3nd9X300Yi8uSydb4ahLVe9_VV5kAQ7mBD-Uvlzbk8Uv3oOZrZ1hWEglo1ZaRDIZOYpMss8J7Sbr5prSDLnwNaRzD7UauD-r_dhkIvSlccantawfhkL9zF_shdH6wmYAx0s0KWg7tHa3RqgleyQyMbjCoo7XJXQS41HsJ1QXa7J7uMRes92l5PVgShbHRuvSU4w2tQ49FINZ-VNRvLxPA4WZawlcp-xTWXInybdQfRrq38ygSjOAGGWUoK0XNufwzf26TinXy-3Z2k5FzeppNYvlrkprRIGx9yhSj60MQR6HXP8l76s_WndyjAR-7-UhbXC32hSnb2QTaSMYxLo-3c5M-5fTl0scUrsEesS3rzbmDQgCDonskWfWKPTmxlVUVk1d4egzRcXNAqeQmcrvDMeQBMEHkwHNIH-V4KqETnKWMEZ/media?maxWidthPx=400&key=AIzaSyAgucJSAxcE0tpOe1l47Xy0Rw4QehRSg94,Kontorsstädning|Flyttstädning|Byggstädning|Fasadtvätt|Takrengöring|Sanering|Måleri|Rivning|Murning|Putsning,"Kontorsstädning: skräddarsydd miljövänlig städning för alla företagsstorlekar. Flyttstädning: professionell med nöjd-kund-garanti till attraktiva priser. Byggstädning: städning efter renovering, tar bort byggdamm. Fasadtvätt: klotterborttagning och ytbeläggning. Takrengöring: impregneringsskydd och förlängning av takets livslängd. Sanering inkl. asbest. Måleri, murning, putsning och rivning.",Gävle med omnejd,"CleanUp Solutions är en lokal leverantör baserad i Gävle sedan 2018 med fokus på städ- och byggtjänster för privatpersoner, företag och bostadsrättsföreningar. Betonar skräddarsydda helhetslösningar, korta handläggningstider och miljövänliga metoder.",2018,,9,Aktiebolag,Ja,4.3,27,"MYCKET bra. Svåra saker som ugn, duschväggar var perfekt. (Jan Helders) | Fick verkligen ett bra bemötande och dom gjorde ett fantastiskt jobb. (Andreas Pettersson) | Personal som håller vad dom lovar och är otroligt noggranna. (Magnus Lindfors)",,,Telefon 026-200 80 91 | E-post | Offertformulär / platsbesök via hemsida,Konkurrenskraftiga priser; bra garantier; offert på begäran,Svenska,https://www.facebook.com/cleanupstad | https://www.instagram.com/cleanupstad,https://maps.google.com/?cid=17205585653366030338,ChIJB9lNjRrHYEYRAoBwHf6Exu4,"High – officiell webbplats bekräftar adress, telefon och e-post; allabolag bekräftar org-nr",https://www.cleanupstad.se/sida/om-oss | https://www.cleanupstad.se/sida/kontakta-oss | https://www.allabolag.se/foretag/cleanup-solutions-gavle-ab | https://www.hitta.se/verksamhet/cleanup-stad-gavle-ab-cmmnrxjop,2026-07-25
Hushållstjänst i Sverige AB,Hushållstjänst i Sverige AB,556996-0932,Ledungsvägen 14,802 57,Gävle,Söder,073-601 53 08,,https://hushallstjanst.net/,https://hushallstjanst.net/images/phocaopengraph/1.jpg,https://places.googleapis.com/v1/places/ChIJhWJt1YrGYEYRhzS1BOgcNQw/photos/AaVGc3m4-MkraAzoxFcDy9Inznes2Ra81CpXYzpcQAIaKBax0QdcAjcpc6Y8X6OTZP3ROG9xoCUydFa1K1NAxREsnR0ncR59fhtDE2tvwPedDkQlwBXodgus3xB3W_e4v6NN_Eue8lRSomW3xtvv2pgAOrMtjrH4FdIFyenH8yNsbYK06PcUnb3-GMsS5cEtLUFjUyetEcVoc4PYOzgIWruSuBAVYg78SeFxwzcc2D3HvLMA0UP8UDkcyZgogTvaTtsws2naQdDb6SGNfAe0gVbQ1Saej8B7Qm7Tkd_BGgzRKhoFLUk8cTlf2e6CLoUfy2PH-RwNyqO5n2LPfyg05CxLi2qZUUR5GDJCp28D7L7l3tjponc8N1yS2w9EV4xG3oh1e8Pm-3RVbB1U8lsmobEkgh6o5gFBfCZB_wAelFKsxvr2zppp/media?maxWidthPx=400&key=AIzaSyAgucJSAxcE0tpOe1l47Xy0Rw4QehRSg94,Hemstädning|Fönsterputsning|Flyttstädning|Storstädning|Kontorsstädning|Trappstädning|Depåstädning|Butiksstädning,"Hemstädning: regelbunden städning med återkommande personal och RUT-avdrag. Fönsterputs, flyttstädning och storstädning för privatpersoner. Kontorsstädning, trappstädning, depåstädning och butiksstädning för företag. VD Suzana Stamenkovic är diplomerad handledare och bedriver yrkesbevisutbildning i städservice via SRY.",Gävle med omnejd,Hushållstjänst i Sverige AB grundades 2014 i Gävle och erbjuder städtjänster för privatpersoner och företag. Företaget är Auktoriserat Serviceföretag via Almega Serviceföretagen. VD Suzana Stamenkovic är diplomerad handledare och SRY-auktoriserad utbildare. Stark miljö- och kvalitetspolicy med fokus på skonsamma städmedel och minimerade koldioxidutsläpp.,2014,Suzana Stamenkovic,16,Aktiebolag,Ja,4.3,6,Företag med professionell skicklighet och personlig touch. (Privatkund) | Alltid rent när man kommer hem. Alltid hjälp vid akuta fall. (Privatkund) | Vi är jättenöjda. Hushållstjänst är verkligen ett företag man kan lita på. (Företagskund),,Auktoriserat Serviceföretag (Almega Serviceföretagen) | SRY yrkesbevisutbildning,Telefon 073-601 53 08 | Kontaktformulär via hemsida,RUT-avdrag tillämpas; 50% av arbetskostnaden direkt på fakturan,Svenska,,https://maps.google.com/?cid=879641085057774727,ChIJhWJt1YrGYEYRhzS1BOgcNQw,High – officiell webbplats + bolagsfakta + allabolag bekräftar alla nyckeluppgifter,https://hushallstjanst.net/ | https://www.allabolag.se/foretag/hushallstjanst-i-sverige-ab | https://www.bolagsfakta.se/5569960932-Hushallstjanst_i_Sverige_AB | https://www.hitta.se/verksamhet/hushallstjanst-i-sverige-ab-mprtbzjak,2026-07-25
Citystäd Gävle AB,Citystäd Gävle AB,559357-6662,Östra Islandsgatan 27 A,802 80,Gävle,Söder,026-14 15 14,,https://www.citystad.se/,https://www.google.com/s2/favicons?domain=citystad.se&sz=128,,Bostadsstädning|Företagsstädning|Storstädning|Flyttstädning|Fönsterputs|Golvvård,"Bostadsstädning och kontorsstädning med fokus på kvalitet och kundnöjdhet. Storstädning, utflyttningsstädning och fönsterputs. Golvvård och golvrengöring. Tjänster för privatpersoner, myndigheter och företag.",Gävle,"Citystäd Gävle AB erbjuder professionell städtjänst för företagare, myndigheter och privatpersoner i Gävle. Öppettider måndag–fredag 08:00–16:30. Flexibelt schema för engångs- eller regelbunden städning.",2021,,1,Aktiebolag,Ja,5,1,,,,Telefon 026-14 15 14 | Hemsida,RUT-avdrag tillämpas; fast pris när möjligt; offert på begäran,Svenska,,https://maps.google.com/?cid=7975136025521615238,ChIJI1Bjp4nGYEYRhvGiDPZfrW4,Medium – telefon och webbadress bekräftade via tredjepartskällor; hemsidan ej crawlbar vid verifiering; org-nr 559357-6662 bekräftat via Syna,https://foretagsproffs.advokater24.nu/citystad-gavle-ab---44388 | https://stadningguiden.se/gavleborg/gavle/citystad-gavle-ab-gavle/ | https://upplysningar.syna.se/foretag/5593576662/citystad-gavle-ab,2026-07-25
Clino AB,Clino AB,559124-7555,Strömsbrovägen 45,803 09,Gävle,Sätra,072-090 25 01,,https://clino.se/,https://clino.se/wp-content/uploads/2025/06/logotyp-main-gray-png.png,https://places.googleapis.com/v1/places/ChIJTWMxVEDHYEYRWnlOEXp4N8E/photos/AaVGc3k1u5KB-o-3WLiECqrgO7HECIb0o1a4ZXK3oUYLl-ETcWpnPLuvlXD768WpfXM1H70ZwS6tEX3sQ4PmARXWjngO2kaFxtj80agIr9L9wnrj1qz7fjWpG4O185TzVdWm_DspQM5Qxfh2kITXE21E5D_riEVSCfe11fO0A3M6ggd1AWejxAAntwW2D3dxcBpR0SdQurLaPLOoB7VZ4kBp8Xv0XtMcAl-WmfVRe9akKcaNnlKg8vYukXt8DCnH6mEK1rDgtRt0G5CGqVH6QQlDkvzzoFbSpJAUCQorGv2VdyfNJMhs7OF9LNkb4jvanWPGkewooEAZx3hQGnIEqnbUpKfnCcD937ABYDGxCHA5uwRZc1-3i-RN2SMLPbZeHCXnxvzqV0n5jEbcyR65TEsEuwMRfYismzwzXTFF9VjGeoRNvul5/media?maxWidthPx=400&key=AIzaSyAgucJSAxcE0tpOe1l47Xy0Rw4QehRSg94,Hemstädning|Företagsstädning|Flyttstädning|Fönsterputs,"Hemstädning: personifierad städning med startstäd som grund; kunden väljer vad och hur ofta. Inkluderar kök, badrum, vardagsrum, sovrum, tvättstuga. Tilläggstjänster: ugnsrengöring, tvätt av sängkläder, diskning. Företagsstädning och flyttstädning. Fönsterputs som separat tjänst.",Gävle med omnejd,"Clino AB är en städfirma i Gävleborg grundad 2017, med fokus på god struktur och ordning. VD Jonas Bergkvist. Företaget är utsett till Branschvinnare 2024 – en utmärkelse som tilldelas bolag som överträffar sin bransch i omsättning och resultat. 10 anställda.",2017,Jonas Bergkvist,10,Aktiebolag,Ja,4.5,8,"Jag har haft många städfirmor, men Clino är världsklass! (Pernilla) | Alldeles utmärkt. Kom på utsatt tid och arbetar effektivt. (Joakim Björklund) | Jag är lika nöjd varje gång! Clino har alltid trevlig och noggrann personal. (Tomas Östlund)",,Branschvinnare 2024,Telefon 072-090 25 01 | Kontaktformulär via hemsida,Priser efter RUT-avdrag: Villa 150 kvm ca 1 900 kr/mån (2 tillfällen); Radhus ca 1 690 kr/mån; Lägenhet ca 1 350 kr/mån,Svenska,,https://maps.google.com/?cid=13922729238710876506,ChIJTWMxVEDHYEYRWnlOEXp4N8E,High – officiell webbplats + allabolag bekräftar alla nyckeluppgifter,https://clino.se/ | https://clino.se/om-oss/ | https://clino.se/kontakt/ | https://clino.se/vara-tjanster/hemstad/ | https://www.allabolag.se/foretag/clino-ab,2026-07-25
Mellansvenska Städ AB,Mellansvenska Städ AB,556068-8300,Brynäsgränd 85,802 88,Gävle,Söder,026-18 01 30,,https://mellstad.se/,https://mellstad.se/wp-content/uploads/2021/11/mellstad_logo.png,,Hemstädning|Kontorsstädning|Trappstädning|Flyttstädning|Byggstädning|Butiksstädning|Storstädning|Fönsterputsning|Golvvård|Mattvätt|Industristädning|Skolstädning|Vård & Omsorg|Klottersanering|Fasadtvätt|Hustvätt,"Hemstädning för privatpersoner med miljömärkta produkter och nöjd-kund-garanti. Kontorsstädning och trappstädning för BRF och företag. Flyttstädning med nöjd-kund-garanti och RUT-avdrag. Byggstädning grov- och slutstäd. Industristädning, skolstädning och vård & omsorg. Klottersanering, fasadtvätt, hustvätt, garagesopning, tvätt/leverans av arbetskläder och privattvätt i Gävle.","Gävle och hela Mellansverige (12 orter inkl. Stockholm, Uppsala, Västerås, Örebro, Göteborg, Malmö, m.fl.)","Mellansvenska Städ AB är ett familjeägt städföretag grundat 1957, ett av Sveriges äldsta och största med 300 årsanställda och över 600 fasta kunder. ISO-certifierat för kvalitetsledning (ISO 9001:2015) och miljöledning (ISO 14001:2015). Auktoriserat av Almega Serviceföretagen med kollektivavtal för all personal. VD: Mats Roine Svärling. Distriktskontor i Gävle samt 11 andra orter.",1957,,242,Aktiebolag,Ja,3.8,9,"Proffiga, hjälpsamma, bra kommunikation och gör ett bra jobb. (Eva-karin Eliasson) | Proffesionella och trevligt bemötande. (Robert Lundin)",,ISO 9001:2015 | ISO 14001:2015 | Auktoriserat Serviceföretag (Almega Serviceföretagen) | Kollektivavtal,Telefon 026-18 01 30 | E-post | Kontaktformulär via hemsida | Online bokning,RUT-avdrag tillämpas automatiskt; offert på begäran; avbokning kostnadsfri 5 arbetsdagar före,Svenska,,https://maps.google.com/?cid=768992296024078947,ChIJnZnZRA-1YEYRY_qGP2sCrAo,High – officiell webbplats + hitta.se + foretagsproffs bekräftar alla nyckeluppgifter; Brynäsgränd vs Brynäsgatan: backbone-adressen Brynäsgränd 85 bibehållen från Google Places,https://mellstad.se/vara-kontor/gavle/ | https://mellstad.se/ | https://hitta.se/verksamhet/mellansvenska-stad-ab-hmtddjlqr | https://foretagsproffs.advokater24.nu/mellansvenska-stad-ab---173235,2026-07-25
Gästriklands Fönsterputs AB (Gefle Fönsterputs),Gästriklands Fönsterputs AB,556949-9550,Näckrosstigen 9,806 49,Gävle,Bomhus,070-574 10 48,alp@live.se,https://www.geflefonsterputs.se/,https://www.geflefonsterputs.se/wp-content/uploads/2017/04/logo4.png,https://places.googleapis.com/v1/places/ChIJVVVVJRDGYEYRoLivEqdRED4/photos/AaVGc3mnKU4nIlDlfvmTnMv7epf8cUvvXEhPPQLsuxnRS6Q8QcYZmeVFeP8iL4GlAD1vs--heMfrN7wjgfdr3uTvDtL3XL_UDdqwDMFuE5inFKSbHTrMr7GUlb2c9AnewMVWjzHpnQjh_b8dfdTIAI43iLBsUNQ3FrftP1znNcORk4gFrEzMnDZzqgbq6J0WhuSZgQ5En5kZtR-MRUvwghc7DRvO4IMPbxX5kiglCrMlDUNH9pYsNzsgGfLkqxYV7NDkmVmpNzpxY6PC9JLFpnSljfj25yLt_dQxZ0pWv5Os_E7MTyoCxp9f2_Qw1wtRL2JB1c241JE6ghmaubbb8a_iTQneL-AzyC0msQO7Csu9Az8P0oV1X7xrVBVUKKxpiznauNRulkDQYni1_Q6E_5u5lF0bvi7HM332q-FmZgG3l9plFMzs7QcDbTRVCUrmEA/media?maxWidthPx=400&key=AIzaSyAgucJSAxcE0tpOe1l47Xy0Rw4QehRSg94,Fönsterputs|Städning|Storstädning,"Fönsterputs för företag (skolor, butiker, fastigheter, hotell, kontor) och privatpersoner med heltidsanställda fönsterputsare. Specialutrustning för arbete på höga höjder (skylift, saxlift, säkerhetslinor). Städning och storstädning i Gästrikland. Miljögodkända medel.",Gävle med omnejd (Gästrikland),"Gefle Fönsterputs & Städ (Gästriklands Fönsterputs AB) är ett lokalt fönsterputs- och städföretag i Gävle grundat 2013. Profilerar sig som ett personligt städföretag med kunden i fokus och utför miljöanpassade lokalvårdstjänster. Ägare: Harun Uygur (100%). 4 anställda. Omsättning 2024: 3,4 MSEK med vinstmarginal 32%.",2013,Harun Uygur,4,Aktiebolag,Ja,4.8,26,,,,Telefon 070-574 10 48 | E-post alp@live.se,,Svenska,https://www.facebook.com/GefleFonsterputsStad/,https://maps.google.com/?cid=4472164207993796768,ChIJVVVVJRDGYEYRoLivEqdRED4,High – officiell webbplats + bolagsfakta + hitta.se bekräftar alla nyckeluppgifter,https://www.geflefonsterputs.se/ | https://www.geflefonsterputs.se/?page_id=26 | https://www.geflefonsterputs.se/?page_id=40 | https://www.bolagsfakta.se/5569499550-Gastriklands_Fonsterputs_AB,2026-07-25
Robbans Fönsterputs,Robbans Fönsterputs,,Jägargatan 9A,802 64,Gävle,Söder,076-283 45 51,info@robbansfonsterputs.se,https://www.robbansfonsterputs.se/,https://www.google.com/s2/favicons?domain=robbansfonsterputs.se&sz=128,https://places.googleapis.com/v1/places/ChIJB604OlrGYEYRzI3nP5VJ9Kw/photos/AaVGc3lrXAVI5BMxqHcyLZ78xiPb2d7SjzMFfohv0CMYwiMBcNm677SxUdG8znFj4RwU4H-rnPj_v91LJCNLex0U9MKrs7eNSYIjW0SbyQLtcGe3HTVXkD4FnmD2YiBpNV_l3kgaDTPIVv4_I_Mga-OiIpo_GautfGkK5MMmVP7Emkec1vxcCdWbnrylqCd_8NTMdNl-CaW3DEUTcbszO_NKQf-hIrF1HQIZK00qJRRpjM52TgstKokiJcQKgBZytqcfNGtqXf-MeoOOrmpQybJ_ZTcqDxBU9fg0IDec9zaO9dgfZBTKixKGS2QgWF_nY5YhMg1XXwktLzx7nphvsVsSdf3M1SBzscCblXJdkBAIruaupH8HAZqndhVnLWBdsFpuBKF9uyLMRgwVy1sclvUllOYDlEwZieTBTM7WjBDfaP0u64uf/media?maxWidthPx=400&key=AIzaSyAgucJSAxcE0tpOe1l47Xy0Rw4QehRSg94,Fönsterputs,Professionell fönsterputsning för privatpersoner och företag i Gävle och Sandviken. Fokus på snabb och högkvalitativ service med heltäckande process från första kontakt till slutbetalning.,Gävle och Sandviken,"Robbans Fönsterputs är en enskild firma verksam inom fönsterputsning i Gävle och Sandviken. Registrerad med besöksadress Jägargatan 9A, Gävle. Öppet måndag–fredag 08:00–17:00.",,,,Enskild firma,Okänt,5,4,,,,Telefon 076-283 45 51 | E-post info@robbansfonsterputs.se | Hemsida,,Svenska,https://www.linkedin.com/company/robbans-fönsterputs,https://maps.google.com/?cid=12462666974212099532,ChIJB604OlrGYEYRzI3nP5VJ9Kw,"Medium – telefon, e-post och adress bekräftade via hitta.se, foretagsproffs och LinkedIn; org-nr ej tillgängligt (enskild firma registreras under ägaren); hemsida ej crawlbar vid verifiering",https://www.hitta.se/verksamhet/robbans-fonsterputs-mpvhhacst | https://foretagsproffs.advokater24.nu/robbans-fonsterputs---223712 | https://exa.ai/library/organization/38fplqbr4t9,2026-07-25
Ruts Hem & Städtjänst,Ruts Hem & Städtjänst Gävle AB,559282-9997,Kryddstigen 20B,802 92,Gävle,Sätra,026-280 68 58,,https://www.rutshem.com,https://www.google.com/s2/favicons?domain=rutshem.com&sz=128,https://places.googleapis.com/v1/places/ChIJDxCACsjGYEYR-HPUXbOmjGQ/photos/AaVGc3kyMTk1_DFJg3oUgncuCdVNf0SJDHv8mGtcC29883EaCp6ZgGBup0IpEf9pmoEb2C59VzvZS2ynJNJ1JqvEhI0cY1lk-BsvQUbZkQy1Y56DKzR15OKBGrnxZttN0jvwpoQ6hPbIvDP-_UWJ3VeWTcaQBIuKa2WOU5SULGblOovdgSbYpltGkDhjwxYcSI5jqdcScgyJAhi20EM7UBVn6dH_n1ynZ4CIE0Z2hSa1pxJuOfnG4Q87hyDIknE_ZfUjwwXZApqXsedSlHd85KuXaff4yVLIVCnWEXBujPjO6Z23-Rcl4nR6stKTeZXLdUmvbgb8IAxnLgN_Dgs5JDQU_3v-ruqWEq7UzXU1DeviIWn7oTJ4p1cpL3wOfMZ5_jWiG6z6_fjAVpxuqE43xTSwqSUXOVY0ZP_RacrJWAmascnG8Q/media?maxWidthPx=400&key=AIzaSyAgucJSAxcE0tpOe1l47Xy0Rw4QehRSg94,Hemstädning|Storstädning|Visningsstädning|Företagsstäd|Flyttstäd|Byggstäd|Fönsterputs,"Hemstädning: skräddarsydd plan, engång eller abonnemang med rabatt. Storstädning: grundlig städning för extra kärlek. Visningsstädning: inför bostadsvisning. Företagsstäd: kontors- och butiksstädning med samma noggrannhet. Flyttstäd: komplett för hem och företagslokaler. Byggstäd: kontor, butik, lager, skolor. Fönsterputs: snabbt och proffsigt.",Gävle,"Ruts Hem & Städtjänst är ett mindre företag som erbjuder en personligare städtjänst. Deras vision är att avlasta kunderna och ge dem lite guldkant i vardagen. Företaget har medverkat i P4 Gävleborg och talar om fönsterputs och städtips. VD Carl Fredrik Åhlström. Omsättning 5 278 tkr (2024), 10 anställda.",2020,Carl Fredrik Åhlström,10,Aktiebolag,Ja,4.8,58,Supernöjda efter ett perfekt resultat av flyttstädningen. Flexibiliteten och hjälpen mitt uppe i allt var ovärderligt! (Stephanie) | Det är ett rent nöje att komma hem till en nystädad lägenhet. Jag är Supernöjd. (Reidar),,,Telefon (026-280 68 58) eller webbformulär på rutshem.com,"Flyttstäd från 35 kr/kvm. Fönsterputs min 890 kr, från 45 kr/fönster. Löpande hemstäd: fast pris efter hembesök. Alla priser inkl. moms efter RUT-avdrag.",Svenska,https://www.facebook.com/rutshem,https://maps.google.com/?cid=7245349189835846648,ChIJDxCACsjGYEYR-HPUXbOmjGQ,"High — website confirmed, registry (hitta.se) confirmed org-nr and VD",https://www.rutshem.com | https://www.hitta.se/verksamhet/ruts-hem-och-stadtjanst-gavle-ab-lszeehhng,2026-07-25
"HomeMaid Gävle - Hemstäd, flyttstäd & fönsterputs",HomeMaid AB,,Utmarksvägen 37,803 09,Gävle,Sätra,+46 26-12 57 60,,https://homemaid.se,https://homemaid.se/static/images/favicon/apple-touch-icon-57x57.png,https://places.googleapis.com/v1/places/ChIJG0QAsnzGYEYR2E-d1i-U95M/photos/AaVGc3nsoXvR4a5HHd64SAqBLKA-h7PSIPth6NkwAke2rbQbtt_QMZdPk2fDeSlL6sOziawd5jwdJMDxfxcDQFLn2sgcSc474QOfkXwoRQGNAOU7BW-ozz1oQTnb2-UDUG6fc0qIrKqKlsu86y75FwUdoNhNQAmb8T7Aof13ln5zlfbyBA7-TEiBEJVuyDG_9qlklvWmh2c5jp3N8ta-H2or-mVyO3Dn_1IDn79V2Nw49fOIHMB1Gw2qKWT_Dafru8orVLrLAIcUDxD1AYl0aHZKLTcOZ1HZlHGcDq3nDgM8aCFHSPjtfX8wgl7xYCLHywaepJC3dJRsqp8mH7732aW_oCTMNDk9hWjPcsdfhyFbK4tuyN5d_pha56MqYIIU1tIzQnOvE8nr1QWq1XkfrqYgttS61pIPK_GAAeVhA36agt9dqdI/media?maxWidthPx=400&key=AIzaSyAgucJSAxcE0tpOe1l47Xy0Rw4QehRSg94,Hemstädning|Flyttstädning|Fönsterputs,Hemstädning: regelbunden städning för privatpersoner. Flyttstädning: professionell städning vid flytt. Fönsterputs: för hem och kontor.,Gävle,"HomeMaid AB är en rikstäckande städkedja med lokal närvaro i Gävle (Utmarksvägen 37). Bolaget erbjuder hemstädning, flyttstädning och fönsterputs med fokus på trygghet och proffsigt resultat.",,,,Aktiebolag,Ja,4.2,54,,,,Online på homemaid.se eller telefon,Priser på förfrågan via webbplats,Svenska,,https://maps.google.com/?cid=10662153576007946200,ChIJG0QAsnzGYEYR2E-d1i-U95M,"Medium — rikstäckande kedja, lokal kontaktinfo begränsad; org-nr ej bekräftat för Gävle-enheten",https://homemaid.se | https://stadningguiden.se/gavleborg/gavle/homemaid-gavle-hemstad-flyttstad-fonsterputs-gavle/ | https://katalog24.hk-r.se/homemaid-ab-gavle-hemstad-flyttstad-fonsterputs---111498,2026-07-25
Hemfrid i Gävle AB,Hemfrid i Sverige AB,556529-8444,Kyrkogatan 14,803 20,Gävle,Centrum,010-555 85 00,info@hemfrid.se,https://www.hemfrid.se/gavle,https://www.hemfrid.se/_next/static/media/apple-touch-icon.ec82d7ce.png,https://places.googleapis.com/v1/places/ChIJCfixbtfFYEYRbAgtUjLRAU0/photos/AaVGc3mzGhw9yCaM7Dp_gNsDKdWr8yFc4apbUhMdCJQio8nEVhtEQ1TWiDcDIX14U6IenxTh0h3DcKUH7phY-_29LxW9vwvmUaBwjDl9JNCwZGkPTCq9XUKIL01mOtGlitIWUpbYMLVpx5_5vBkZuZYVfYZu9FDP90gwozBjQ3_RWU6v8iOsISvCq-RtAiek3b-b7UUgNsWFZXnZWz9prITQEcPl_bfCMzE0xFBH8MM2RC3gG0WkPLKvcDqGMOcoa6guZh4C8JqfxcQHIcS6jkztTjJpxUyNy9VsxGFIRRbab60YsGfCDrkz4v_-oneshnypI6xjXZTy_vtgVtezQCA4E5uDEA4JaLDDDupQQQ3ZHTUvuBCUMTqC8oAJoalrmEPlRQyBFYCi8Um1oYrjbvMSDrgjW_CIK8NJpW0Vr_XWBhJcoJAyVz6e2SIjcxA7ERyi/media?maxWidthPx=400&key=AIzaSyAgucJSAxcE0tpOe1l47Xy0Rw4QehRSg94,Hemstädning|Storstädning|Flyttstädning|Fönsterputs|Kontorsstädning,"Hemstädning: regelbunden städning med egna miljövänliga produkter. Storstädning: grundlig nystart för hemmet. Flyttstädning: professionell med kvalitetsgaranti, fönsterputs ingår. Fönsterputs: abonnemang eller engångstjänst. Kontorsstädning: håll kontoret rent och trivsamt.","Gävle: Andersberg, Björke, Bomhus, Brynäs, Bönan, Forsbacka, Forsby, Fridhem, Furuvik, Gävle City, Hagaström, Hemlingby, Hille, Högbo, Höjersdal, Jäderfors, Järbo, Järvsta, Kungsgården, Lexe och fler","Hemfrid i Gävle är en del av Hemfrid i Sverige AB, marknadsledande städkedja grundad 1996, med ca 1 855 anställda rikstäckande. Gävlekontoret erbjuder trygg, flexibel städning med noggrant utvalda medarbetare, kollektivavtal och hållbara arbetsvillkor. Miljövänliga produkter används. Del av KEYTO Group AB (publ).",1996,,1855 (rikstäckande),Aktiebolag,Ja,3.9,29,"Otroligt enkelt att boka i appen och jättetrevlig personal! (Elina, Stockholm) | Riktigt skönt med en grundlig storstädning. Rekommenderar! (Sabina, Stockholm)",Trustpilot: 4.2/5 (50 recensioner per Alla Städföretag),"Kollektivavtal, miljömärkta städprodukter","Online på hemfrid.se/gavle, app eller telefon 010-555 85 00",Priser via online-offert baserat på postnummer och tjänst,Svenska,,https://maps.google.com/?cid=5548946229954414700,ChIJCfixbtfFYEYRbAgtUjLRAU0,"High — rikstäckande kedja, Gävle-sida bekräftad, org-nr från allabolag",https://www.hemfrid.se/gavle | https://www.allabolag.se/foretag/hemfrid-i-sverige-ab/stockholm/stadtservice/2K1FNRGI5YH6T | https://easeaid.se/gavle/gavle/hemfrid-stadarna-i-gavle-ab-stadfirma-i-gavle-gavle/,2026-07-25
Klara Städ,Klara Städ AB,559237-6981,Snäppvägen 4,803 09,Gävle,Sätra,026-495 05 10,gavle@klarastad.se,https://klarastad.se/gavle/,https://klarastad.se/wp-content/uploads/2020/02/K-logo-150x150.png,https://places.googleapis.com/v1/places/ChIJGRHJsbLHYEYRubPCR16YO7o/photos/AaVGc3mVDgsPFQ0eyInQd6YV-LavJktH79kd6BZQSVu2nH3_8ShXL3wgpdV7_4Bb6EplFSzQssPQN8PgeQ3T97htkpUwFMNDwulfoR6qWxx2j-CRfQf1O0KLVbYrSSD6vzZvAHXMn_IC2kwMrKC8a84jXpnsEuymxJ7-QMVuF6U-0x6R6FF6Nh6go8sjLuOflimUUhkw_KhAjscfE1aZWk0hgqQgAIxVMqBd8VZMninccPtVDHOmNAzbm7r2-CPCyH6vO2Vnp32zbEGlL-ets_dPbFkXzjWLa14Pn9HaaAssj6Cwt2P9jJiVqb8iuDJh3O6nOJfBEze8ItIWhJT8JbVLPjfeoJR5rrF54nDXPnq4a74sDo8OD244mLZinnPj4OOrX1nQqMOWCqN1B3pVq91SVmKLFUoJANFqN0jyp2PjTwmkS5qIVTlm44tW70V1xUls/media?maxWidthPx=400&key=AIzaSyAgucJSAxcE0tpOe1l47Xy0Rw4QehRSg94,Hemstädning|Storstädning|Visningsstädning|Flyttstädning|Fönsterputs|Trappstädning|Byggstädning|Företagsstädning,"Hemstädning: fast pris, certifierad personal, nöjd-kund-garanti. Storstädning: djupgående städning. Visningsstädning: inför bostadsvisning. Flyttstädning: från 1 900 kr efter RUT, med städgaranti. Fönsterputs: villa, lägenhet, kontor. Trappstädning: för BRF och fastighetsägare. Byggstädning: efter bygg/renoveringsprojekt. Företagsstädning: kontors- och kommersiella ytor.","Gävle, Sandviken, Skutskär och närliggande orter","Klara Städ AB är en snabbväxande professionell städfirma med fastpris, nöjd-kund-garanti och miljövänliga metoder. Grundades 2020 i Västerås, nu rikstäckande med kontor i Gävle på Kanalvägen 1 (kontorsadress) och Snäppvägen 4 (Google-adress). Ca 25 anställda i Gävle-regionen. Motto: Vi är Klara när du är nöjd. Kollektivanslutna medarbetare.",2020,,"25 (Gävle-region, totalt ca 211 rikstäckande)",Aktiebolag,Ja,4.6,24,Vilket stjärnföretag. Proffs ut i fingerspetsarna (Rasmus Bergström) | Seriös städfirma. Möttes av två väldigt trevliga tjejer som kom i tid och utförde ett kanonjobb (Filip Eriksson),4.4/5 (16 röster) per stadningguiden.se,"Certifierad personal, kollektivavtal, nöjd-kund-garanti","Telefon 026-495 05 10, e-post gavle@klarastad.se, eller webbformulär på klarastad.se","Fast pris, gratis offert. Flyttstäd från 1 900 kr efter RUT-avdrag. Alltid fast pris efter offertförfrågan.",Svenska,,https://maps.google.com/?cid=13419487045378814905,ChIJGRHJsbLHYEYRubPCR16YO7o,"High — webbplats bekräftad, org-nr från allabolag/bolagsfakta, kontaktinfo bekräftad",https://klarastad.se/gavle/ | https://www.allabolag.se/foretag/klara-stad-ab/vasteras/stadtservice/2KHK1P1I5YH6T | https://stadningguiden.se/gavleborg/gavle/klara-stad-gavle/,2026-07-25
Städtjänst Westlund AB,Städtjänst Westlund Aktiebolag,556256-4095,Upplandsgatan 4B,802 83,Gävle,Söder,026-65 20 00,info@stadtjanst.se,https://www.stadtjanst.se,https://www.google.com/s2/favicons?domain=stadtjanst.se&sz=128,https://places.googleapis.com/v1/places/ChIJcdICL1zGYEYROHB3s4P0CR4/photos/AaVGc3ntZs3s7hsstCX-f_3P7A3QEmBFSdtkYVyvIU8N360ygKhWwNdthc8sI-CU5fSRSmphEJPQC31-wJBJGnTcKDVWFwvY09LOyruhK4QzL_JW7TwvNl1HTathWR8ShBqahWRzwHRasXihfCrwt91cqx1hbLSxcPE1Adgn94_n_6UXB2fi858vSxnYjVrkAnNmvRJ3na6z4vgE52LguCeX7qD7DHiL56hHNBagupDlCgFHgy8ILyYkQKfuNcgsvbdMDEDXLFbQGlA3cPpx8QKjSsl-f6445-WNHAlpWaHn5Xxsq225iV68LOFlfjIzCF2wn2FbRd1Bg1SHohFjEj2ELT60GaEZVrULrj-Yaw3Vmf-CL41husoRggRvLOgIuCldP7fI9xU9c-07AKbrYrGHjRVPZKNvkTKWvLAfumPcrTucpwJbLE_ONTr96AtTTA/media?maxWidthPx=400&key=AIzaSyAgucJSAxcE0tpOe1l47Xy0Rw4QehRSg94,Hemstädning|Fönsterputs|Flyttstädning|Kontorsstädning|Butikstädning|Byggstädning|Trappstädning|Golvvård,"Hemstädning: regelbunden städning med RUT-avdrag, ca 1 100 kr/mån för trerumslägenhet var 14:e dag. Fönsterputs: professionell för hem och kontor. Flyttstädning: komplett med garanti. Kontorsstädning och butikstädning. Byggstädning. Trappstädning. Golvvård.","Gävle, Sandviken, Hofors, Älvkarleby, Skutskär, Söderfors, Hedesunda, Ockelbo och närliggande",Städtjänst Westlund AB startades av Kjell Westlund 1967 och är ett av Gävles äldsta och mest erfarna städföretag. Ca 50 anställda. Auktoriserat städföretag med avtal med Almega och berörda fackförbund (bl.a. Fastighets). Anslutet till företagshälsovård hos Falck. Störst omsättning bland lokalvårdsföretag i Gävle.,1967,Kjell Westlund,50-99,Aktiebolag,Ja,4.5,17,Grymt bra för både flytt- och hemstäd! (Mikael) | Städfirman som alltid levererar bra resultat (Peter) | Supertrevlig personal! (Anna) | Trevliga och utomordentligt kunniga lokalvårdare. Rekommenderas! (Robert),4.5/5 per stadtjanst.se kundbetyg,"Auktoriserat städföretag, Almega-avtal, Falck företagshälsovård","Telefon 026-65 20 00, e-post info@stadtjanst.se, eller offertformulär på stadtjanst.se",Hemstäd ca 1 100 kr/mån (trerumslägenhet var 14:e dag) efter RUT-avdrag. Övriga tjänster på offert.,Svenska,,https://maps.google.com/?cid=2164529942417076280,ChIJcdICL1zGYEYROHB3s4P0CR4,"High — webbplats bekräftad, org-nr och grundarinfo bekräftad från bolagsfakta och stadtjanst.se",https://www.stadtjanst.se | https://www.bolagsfakta.se/5562564095-Stadtjanst_Westlund_Aktiebolag,2026-07-25
Alltime Städ AB,Alltime Städ AB,556317-3284,Atlasgatan 7,802 86,Gävle,Söder,026-14 37 95,,https://alltime.se,https://www.google.com/s2/favicons?domain=alltime.se&sz=128,https://places.googleapis.com/v1/places/ChIJhwHGuo_GYEYRMT-9XEJH-_Q/photos/AaVGc3m1CY5PMo6efoGuhfsrYij8fx9Lvzhn5QJktMmV6CfZ8pITCi8aX-st6tpCJaR4I8RVYKBHLEhi6uQ0oiKFO4g1-PwyJBSnOBa-cYFDhAICukM1O_g0D3pMtZ_ZSE_pKCCyhe8M_BIxg4kP8bma2jCE6DUCOGWFRE4L0y16lcMQQOAk7ezIm5GFhp5J7N1Si3P451pDcAGmZXCeRTPTCKVdBELOwRb2homkhcfgOSOuNQ3bgUhhD8d3Q420CcQBSv8j1oIm_rAjX_CcZuLhMHrneAvwEijfVV1eYtlpoIUtPdWabVD1-L-PUyMthbhPjInaRxxL4ibd5oSPhoiBOv_yWmPFEVhTl_LZ3J29qJ9uC3N8CR6ekcdMhGNd_hPDPHJir-RXkpZeO-By-iEl6C-UpRe0SEkFjgdA_7r-hGZzBgg/media?maxWidthPx=400&key=AIzaSyAgucJSAxcE0tpOe1l47Xy0Rw4QehRSg94,Lokalvård|Kontorsstädning|Industristädning|Fastighetsservice|Teknisk drift|Utemiljöunderhåll|Helhetsförvaltning,"Lokalvård: skräddarsydda städtjänster för kontor, industri och bostadshus. Kontorsstädning: daglig och periodisk. Industristädning: höga säkerhetskrav. Fastighetsservice och teknisk drift: ventilation, el, värmesystem, vatten, lås. Utemiljö: gräs, buskage, snöröjning. Helhetsförvaltning: planering, driftbudget, energiförbättringar.","Gävle och Gävleområdet. Kunder inkl. Valbo Köpcentrum, Great Earth, Bilkompaniet, Smurfit Kappa.","Alltime Städ AB är en del av Alltime Sverige AB-koncernen. Tidigare verksamt under namnet JM Städservice. Grundades 1988 och har mer än 50 års samlad erfarenhet. Huvudkontor på Atlasgatan 7, Gävle. 25 anställda (2024). Omsättning 17 149 tkr (2024). VD Björn Wiktorsson. NPS +49.",1988,Björn Wiktorsson (VD),25,Aktiebolag,Okänt,4.7,3,"Har använt JM i flera år, alltid bra resultat (Sten C.)",,"Miljöanpassade arbetsmetoder, NPS +49",Offertformulär på alltime.se eller telefon 026-14 37 95,Offertbaserat,"Svenska, Finska (Jani Tiainen, Vice VD)",,https://maps.google.com/?cid=17652781514758111025,ChIJhwHGuo_GYEYRMT-9XEJH-_Q,"High — allabolag och bolagsfakta bekräftade, webbplats bekräftad",https://alltime.se/fastighetsservice/gavle/ | https://www.allabolag.se/foretag/alltime-stad-ab/gavle/stadtservice/2K063Z8I5YH6T | https://www.bolagsfakta.se/5563173284-Alltime_Stad_AB,2026-07-25
CASAPURA - Ekostäd till ett bra pris,Casapura produktion AB,559240-5418,Hattmakargatan 11,803 11,Gävle,Centrum,026-456 10 18,,https://www.casapura.se,https://www.google.com/s2/favicons?domain=casapura.se&sz=128,https://places.googleapis.com/v1/places/ChIJPS3xOpHHYEYRwjEd6MuuIjo/photos/AaVGc3nqn5PnS8XT_R5Deg9WKvypD9qQmIY7474eg0WHGIMlQtJPM6RcJS34cIjEQsN3-Fj-wyFsJ_Co5v-SwYPbfuX2IR8rrarYrA6yjWE3xRJA4ugiOfbjS-8AymnXdGh9ffJi_ANgXiIkFyLXeOSJCTb-yIXnRa44IHL8kpK4Rif24xz7BwnkOuA6RWczGUID8a_yPFwknX8_vl33DAK389YcqiZyrSfbv2hE6e6fSHH4kd8y8nNb9e149Ssi9Fo-DbhqkAARGqZSpb_2Rz95zQMbGST6ew0BbXFcdlfDEukWEx8SanMGINurMSSAJYyOoHwzrRDrxHDW9Cy2jTlU6f-5mijgi-6orq1uWWIxfZjqdYiaivPHB-XzVjxQsnCe93X-YQAm4JI9pOKiIHjz5gzqdIO8IdMUXbZhgCDU2t4/media?maxWidthPx=400&key=AIzaSyAgucJSAxcE0tpOe1l47Xy0Rw4QehRSg94,Hemstädning|Företagsstädning|Djuprengöring|Flyttstädning|Fönsterputs|Golvvård,Hemstädning: ekologisk städning till bra pris. Företagsstädning: för kontor och verksamheter. Djuprengöring: grundlig städning. Flyttstädning: gammal och ny bostad. Fönsterputs: professionell. Golvvård.,"Gävle, Hudiksvall, Sandviken, Gävleborg",CASAPURA erbjuder ekologisk städning (ekostäd) till konkurrenskraftiga priser i Gävleborgsregionen. Juridiska bolaget Casapura produktion AB (org-nr 559240-5418) försattes i konkurs 2024-11-13 men varumärket och verksamheten (casapura.se) verkar fortsatt aktiv baserat på Google-profil och tredjepartskällor. Grundare/ägare: Sergio Antonio Manzanares Gutierrez. 3 anställda.,2020,Sergio Antonio Manzanares Gutierrez,3,Aktiebolag (OBS: Casapura produktion AB i konkurs 2024-11-13),Ja,5,4,,5.0/5 (4 röster) per stadningguiden.se,Miljövänliga metoder och produkter,Telefon 026-456 10 18 eller webbplats casapura.se,"Ekostäd till bra pris, priser på förfrågan","Svenska, Spanska",,https://maps.google.com/?cid=4189102794203804098,ChIJPS3xOpHHYEYRwjEd6MuuIjo,Low — webbplats ej tillgänglig vid crawlning; juridiska bolaget i konkurs sedan 2024-11-13; verksamhetsstatus osäker,https://stadningguiden.se/gavleborg/gavle/casapura-ekostad-till-ett-bra-pris-gavle/ | https://www.allabolag.se/foretag/casapura-produktion-ab/gavle/stadtservice/2KHKNMYI5YH6T | https://www.ratsit.se/5592405418-Casapura_produktion_AB,2026-07-25
City Städ & Hemtjänst Sverige AB,City städ & hemtjänst Sverige AB,559026-8693,Industrigatan 7,802 83,Gävle,Söder,,,,https://www.google.com/s2/favicons?domain=google.com&sz=128,https://places.googleapis.com/v1/places/ChIJMbtzq4rGYEYRlkGt0VQLt3c/photos/AaVGc3mt1wZb6S1CtaZ_a92HNDpJhcjcMZcZKpk6AZRgPnh7tmKJaHj9KD6S20OlT5Dl9Pp0z7leWXMC_VKA4ZgtgwxTqw6ndbaoZ4bLzM_Be8jjDMH-cGYisn_H_vKJIxkn1WRDRwO3Yn-ed8jiCbS5oV8LjZGszVTpArqqXsyylI1ScbASTNjE--8jKeONhidvlaa0Ii2MITu820oZk6xS9uvSNZu3pToTa7kw3gc5bN-W4vOS7CmBwwudxQyJOmWRODtkUnqVUSTzzidXy7K7bVUSESL9eu4xouFZ9svUzlHD0rJsZOs8CNayS75csgHjORmT-HS_NgmurdxT9H56Q1q7Ghag51EOkWue5q1J6fVjoNd2p8Kfn_ebRx1xd9J11InfeA-TBFKzGCtBsUsyvLPqDF2sPbzZNYpNR6B6BbTWrvc/media?maxWidthPx=400&key=AIzaSyAgucJSAxcE0tpOe1l47Xy0Rw4QehRSg94,Städ och hemtjänst,Städning och hemtjänsttjänster för privatpersoner och företag i Gävle.,Gävle,"City städ & hemtjänst Sverige AB (org-nr 559026-8693) är ett aktiebolag registrerat i Gävle. Registreradress Industrigatan 7 / Fältskärsleden 20, 802 80-802 83 Gävle. Litet bolag, begränsad publik information tillgänglig.",,,,Aktiebolag,Okänt,5,1,,,,,,Svenska,,https://maps.google.com/?cid=8626376070174425494,ChIJMbtzq4rGYEYRlkGt0VQLt3c,"Low — ingen webbplats hittad, minimal publik information; org-nr bekräftat från bolagsregister",https://www.bolagsfakta.se/5590268693-City_stad_%26_hemtjanst_Sverige_AB | https://upplysningar.syna.se/foretag/5590268693/city-stad--hemtjanst-sverige-ab,2026-07-25
Dammvippan,Dammvippan i Sjuhärad AB,556955-1194,Druveforsvägen 27,504 33,Borås,Sjöbo,073-630 35 13,manal.forsth@dammvippan.se,https://dammvippan.se/,https://dammvippan.se/assets/dammvippan-logo-CxqJQ5p5.png,https://places.googleapis.com/v1/places/ChIJhUaqQ2anWkYRVN9EwMrbI5s/photos/AaVGc3mPJ79-lxaW9Y41CSUBl_OuIEyEbEIw_YeYP2XSPiplVCd0s6eeQErI7_WxWLCZCFeml9ch4kNAcQWiaC4yWEe6DK7_gnybOJH5SWgMWBUEcSd3myP_bEQkoPU-xzCpSgamR6WT8LszN4fxQcOR5WCrzAXfQUIIgAA44JSpVdDK28fMPLEiXS5-OMJC5nZaEOc6W0J2NeDKPtNltQhsSLhPxzQmIqdhpgfsDkYKlvJJy7JqcD1ROH3CF6GVgolHBcBrfWKtelYbJNlyZyaKeS4cG-esuvKK6TxFHP1FIpXKK4EZRYFP9BylFEsjwHoMKw4-we29Yr4uLnxehJGkzngHy5DR-h06jB--5owD4zSg4hbEb_WLbT7nncVRRxqvzVSxLnOi_EaI243PBc8Tz-HaynGzjs9St1QkpCXOULI/media?maxWidthPx=400&key=AIzaSyAgucJSAxcE0tpOe1l47Xy0Rw4QehRSg94,Hemstädning|Storstädning|Fönsterputs|Flyttstädning|Kontorsstädning|Byggstädning|BRF/Trappstädning,Hemstädning: Regelbunden städning för privathushåll. Storstädning: Grundlig engångsstädning. Fönsterputs: Abonnemang eller engångstjänst. Flyttstädning: Professionell städning som klarar besiktning. Kontorsstädning: Hållning av kontorsmiljö ren och representativ. Byggstädning: Städning efter renovering/nybyggnation. BRF: Trappstädning och gemensamma ytor för bostadsrättsföreningar.,Borås|Jönköping med omnejd|Sjuhärad,"Dammvippan är ett städföretag med hjärtat i Borås. Med ett engagerat team av erfarna medarbetare erbjuder vi pålitlig och noggrann städning för både privatpersoner och företag. Vi lägger stor vikt vid kvalitet, service och långsiktiga relationer. Just nu etablerar vi oss i Jönköping. Vi hanterar RUT-avdraget åt dig.",2013,"Michael Försth, Manal Försth",9,Aktiebolag,Ja,4,25,"""Har hemstäd 1-2 gånger i månaden, är så nöjd! Fantastiskt att komma hem till ett rent hem efter långa arbetsdagar."" – Allan",,,Offertförfrågan via webbformulär på dammvippan.se,50% på första hemstädningen (introerbjudande). RUT-avdrag 50% på hemstädning.,Svenska,,https://maps.google.com/?cid=11179020363919318868,ChIJhUaqQ2anWkYRVN9EwMrbI5s,"High – webbplats + bolagsfakta bekräftar adress, kontakt och tjänster",dammvippan.se|bolagsfakta.se/5569551194|allabolag.se (556955-1194)|tupalo.se,2026-07-25
Städtjejerna i 7Härad,Städtjejerna i 7Härad AB,559098-0214,Tredje Villagatan 17,504 53,Borås,Fristad,033-72 69 676,,https://stadtjejerna.se/,https://www.google.com/s2/favicons?domain=stadtjejerna.se&sz=128,https://places.googleapis.com/v1/places/ChIJb_wBThqhWkYRoTsj4zMLD6A/photos/AaVGc3nxiSR9RhhIK9Eeg5yhdCQeTcorHAX7rrHTo0INNxxexI6jMPG-vm4jJcCBMi2WQlueHrTIhxVgIST50MS1qCNB62O3sWfTkT5jITP773rPLcy8G5MBlayKuGDkiFjKRhM4qcP5y5uoHnxyfTbIR9vngzr3TlOJfpbGLOuLiDqzNmpKXZwIKsdNZpWuKI4ljj-s6OzUfMELEmjuTPvmYgp3Ii85c8e49l_zEAOEMBdlkPRZDNQUGw8vmGdxYf206ibwZVysp0lIW9ltLz3juWM-8uHKC_Nl6jlWSCt2askQoyKNLCpL8bBuW9pGaRyo_e4cxwBotco9AFz0ljOWTrsLdtpj0f9gD4xsxrJbRNB1KuPOmg1NWdFk65o0NqZOzeQ4Cc3_mGh5uH-Iqqdpe1oczy0d0lxcM2oCryW4JsNVxUGe/media?maxWidthPx=400&key=AIzaSyAgucJSAxcE0tpOe1l47Xy0Rw4QehRSg94,Hemstädning|Kontorsstädning|Städning för privatpersoner och företag,Städfirma i Borås som utför städning i hela Borås kommun för både privatpersoner och företag; från hemstädning till kontorsstädning.,Borås|Fristad|Sandared|Sjuhärad,"Städtjejerna i 7Härad är en etablerad städfirma baserad i Fristad, Borås. De erbjuder trygg och personlig städservice med fokus på kvalitet och lokal förankring i Sjuhärad-området.",2017,Märta Sara Victoria Floberg,5-9,Aktiebolag,Okänt,4.6,13,,,,Telefon: 033-72 69 676 eller via webbplats stadtjejerna.se,,Svenska,,https://maps.google.com/?cid=11533449488201104289,ChIJb_wBThqhWkYRoTsj4zMLD6A,Medium – registry data bekräftat via allabolag/syna; webbplats hittad men ger minimalt innehåll; e-post och pris saknas,stadtjejerna.se|allabolag.se (559098-0214)|syna.se/5590980214|katalog24.hk-r.se,2026-07-25
Ila företagsstäd,,,Västerlånggatan 35,503 35,Borås,Centrum,,,https://www.ilaforetagsstad.se/,https://www.ilaforetagsstad.se/wp-content/uploads/2020/09/Logo-secondary.svg,,Företagsstädning|Kontorsstädning|Byggstädning|Trappstädning|Köpcenterstädning|Flyttstädning,Företagsstädning: Skräddarsydda städlösningar för företag i Borås. Kontorsstädning: Rent och representativt kontor. Byggstädning: Städning efter renovering/nybyggnation. Trappstädning: Positiva första intryck i trapphus. Köpcenterstädning: Specialiserad städning för köpcentra. Flyttstädning: Professionell städning inför flytt.,Borås med omnejd,"ILA Företagsstäd är en städfirma i Borås med 15 års erfarenhet av lokalvård och städ. Del av Viskan Group. De erbjuder hög kvalitet med kollektivavtal, miljövänliga metoder och flexibilitet anpassad till företagets behov. Riktar sig uteslutande mot företagskunder.",,,,,Nej,5,6,,,Kollektivavtal,Offertförfrågan via webbformulär på ilaforetagsstad.se,,Svenska,,https://maps.google.com/?cid=9047112189303832856,ChIJ51Ui94OhWkYRGMGPPprMjX0,Medium – webbplats bekräftat med tjänster och om-oss; org.nr och kontaktuppgifter ej tillgängliga från offentliga källor; del av Viskan Group,ilaforetagsstad.se|viskangroup.com/vara-verksamheter/ila-foretagsstad,2026-07-25
LOTUS CLEANING,,,Fabriksgatan 11,503 38,Borås,Centrum,,,,https://www.google.com/s2/favicons?domain=lotus-cleaning.se&sz=128,,Hemstädning|Kontorsstädning|Flyttstädning|Byggstädning|Trappstädning|Fönsterputsning,Lotus Cleaning erbjuder ett brett utbud av städtjänster för privatpersoner och företag. Utbildade lokalvårdare med specialisering efter kundens behov. Garanti i 2 veckor efter städtillfället.,Borås|Alingsås|Bollebygd|Göteborg|Jönköping|Kungsbacka|Mark|Svenljunga|Tranemo|Ulricehamn|Varberg,Lotus Cleaning är ett växande städföretag etablerat i Borås med omnejd. Flexibelt och tillgängligt året om. Utbildade lokalvårdare med personal som specialiserar sig på det kunden söker. Kontaktperson: Hayat Nasri.,,Hayat Nasri,,,Okänt,5,3,,,Ansvarsförsäkring,Offertförfrågan via dorunner.se,,Svenska,,https://maps.google.com/?cid=6007598131626369270,ChIJR5rS_uILUEYR9uDjzKtGX1M,Low – endast dorunner.se-profil hittad; ingen egen webbplats eller officiell registrering bekräftad; org.nr och legal form okänd,dorunner.se/foretag/lotus-cleaning-55998,2026-07-25
LTMA Group AB,LTMA Group AB,559014-8481,Katrinedalsgatan 13a,504 52,Borås,Sjöbo,073-407 34 45,info@ltmagroup.se,https://www.ltmagroup.se/,https://usercontent.one/wp/www.ltmagroup.se/wp-content/uploads/2024/04/Brevbilagalogonobgwhite-128x114.png,https://places.googleapis.com/v1/places/ChIJVVW5pFOgWkYR99u-WylMBug/photos/AaVGc3mVMigF4Mo7qvi7VVE8lds5syuuLOxGTwrChp_T5V9B6g7naH4j2UkEuzW3txV54t5smV6kxdrsXovLCW906VnAufxnBGSHoieGDoquCm07kDNgy1eMgPJ9WpNzAG82AkirP7_3qVRrwj813U-0I-stiEGXAZBzrSsCMVtp5nuYCjuE86bKUU5cjiOisIv4E5d9Jph1zOk8jYD1k73sg4zOrvR0OjV-wfWoxi2C71yR5qpNngmTL43hANMQLQLtEGo6Dxw_2pDOirxw81SoBZOSceL6CvUIu3zOMpjPLExVNNl9-b6XDQuLM1gw7GKbTn1TBBNq95CBF8rgwO-hUH3uvn95rlLhDGjLm-jYu2NrKpQ9nNXaHYw8N-0JBI-wiCMWnCa4bmE-5x4goG4PcmGjhlrEytVRk75Q-uoQ5kOLm2dY99KRy1yNoW9OmCwr/media?maxWidthPx=400&key=AIzaSyAgucJSAxcE0tpOe1l47Xy0Rw4QehRSg94,Kontorsstädning|Hemstädning|Fönsterputs|Trappstädning|Flyttstädning|Byggstädning,Kontorsstädning: Professionell städning för företag med skräddarsydda lösningar; från 300 kr/tim ex moms. Hemstädning: Regelbunden veckostädning eller extra insatser. Fönsterputs: Kristallklara fönster för hem och företag. Trappstädning: Rena trapphus och entréer. Flyttstädning: Noggrann städning med checklistor för inflyttningsklara bostäder. Byggstädning: Städning efter renovering/byggnation.,Borås med omnejd,"LTMA Group AB är ett passionerat team av städexperter i Borås som erbjuder professionella städtjänster för både företag och privatpersoner. Fokus på kvalitet, pålitlighet och omtanke. Flexibla avtal och transparenta priser utan dolda avgifter. Online-bokning via eBoka.se.",2015,Tomas Holm,2,Aktiebolag,Ja,5,10,,,,Online via eBoka.se|Offertförfrågan via webbformulär|Telefon: 073-407 34 45 / 033-10 41 66,Kontorsstädning från 300 kr/tim ex moms. Transparenta priser utan dolda avgifter.,Svenska,,https://maps.google.com/?cid=16719134407176150007,ChIJVVW5pFOgWkYR99u-WylMBug,High – webbplats bekräftad med kontaktuppgifter och tjänster; allabolag bekräftar org.nr och ledning,ltmagroup.se|allabolag.se (559014-8481)|ltmagroup.se/kontakta-oss,2026-07-25
AS Städservice AB,AS StädService AB,559351-4754,Skaraborgsvägen 35,506 30,Borås,Fristad,033-14 16 16,info@asstadservice.se,https://asstadservice.se/,https://asstadservice.se/wp-content/uploads/2023/03/cropped-logo-17.41.56-1-e1678609066873-32x32.png,https://places.googleapis.com/v1/places/ChIJza_SVR6hWkYRCnAMQkQ67Fo/photos/AaVGc3mUX4mXqlnYBAaNf8C908WIelZ3INTDoLllEk0WDAPNl5dZkKjiGGarQ77K1uZAjmVWjpGjqxG4GGAKjpKfPbDjVxFY4BQy9umk0qVUJVnhMY_i2MSSVa4OIxvR77nqu4_OUM8rbm1_BMpYXBAA1_LPxmpE5_fJPBE6BE5iAC8dJcWUFmhv1DQh_urqUSJSU2hc_QB_9Z3NRLz9Y-gfv_YeXZMLwlWhxxJ800P0opRhxcabNF__-xPfZnyR1nzxYd8Zg-Nti-u6eeyJIE3USYZ3_k0QsgHOQ_dP1qWtAEyae-wYSHnEIbzneNlkVyaJvjopRE84fZX8d4OVsRzPsG_vXi0C0jab5EIDJLqd0bjhe-nEbR5SkbUyDsv9QxwZGUiLl4lrw6rckAhiiFu6EyLX2ALg4d7LeGW9YFiBnHczng/media?maxWidthPx=400&key=AIzaSyAgucJSAxcE0tpOe1l47Xy0Rw4QehRSg94,Hemstäd|Kontorsstäd|Fasadstäd|Fönsterputs|Golvvård|Byggstäd|Visningsstäd|Trappstäd|Fastighetsservice,"Hemstäd: Regelbunden städning och storstäd, inkl. fönsterputs, flyttstäd och visningsstäd. Kontorsstäd: Snabbt och effektivt för lägre kostnad. Fasadstäd: Rengöring av fasader. Fönsterputs: Professionell putsning. Golvvård: Underhåll av golv. Byggstäd: Städning efter byggnation. Fastighetsservice: Trappstäd och utomhusstädning.",Borås,"AS Städservice AB är din lokalvårdare i Borås med gedigen erfarenhet, hög kvalitetsstandard och god kundservice. Moderna metoder med fokus på effektivitet. 8 erfarna lokalvårdare. 120 städuppdrag i Borås. Försäkrat och ansvarsfullt företag.",2021,Arben Seferi,5,Aktiebolag,Ja,5,6,,,,Offertformulär på asstadservice.se|Telefon: 033-14 16 16|Jour: 073-99 34 130|Facebook|E-post,RUT-avdrag 50% för privatkunder (hemstäd och flyttstäd).,Svenska,https://www.facebook.com/asstadservice,https://maps.google.com/?cid=6551675622757527562,ChIJza_SVR6hWkYRCnAMQkQ67Fo,"High – webbplats bekräftad med kontakt och tjänster; allabolag bekräftar org.nr, grundare och anställda",asstadservice.se|allabolag.se (559351-4754)|syna.se/5593514754|letabolag.se,2026-07-25
Clean Företag & Hemstäd AB,Clean Företagsstäd i Sjuhärad AB,559176-4559,Getängsvägen 24 A,504 68,Borås,Fristad,033-10 22 29,info@cleanforetagsstad.se,https://www.cleanforetagsstad.se/,https://www.cleanforetagsstad.se/files/og.png,https://places.googleapis.com/v1/places/ChIJN3CrtqegWkYRoaeFfyrdycI/photos/AaVGc3lcLEhPwMqXzDbPZ2pCUqEX4EM-1XLGuiSEx8QtlPsn88nyA2VSwySUwDL9uqVhn7oyw3WCEt-ddr_ukmqPtXEQQvcOUB8zrLAdIcYOzbv-6bPyZAzuUonKxdmjPmuaYP2TQL1XIBXEl-bImEHpC23P7cVLR376a8xbPPAJdl9gHfN7n0D0TXQJaUtFE7zwdsPZkAjbx6RYzhDuKnuWh9nfa-XFhFemPu0VQaeCiYUvHE-UM6Zy-RE2tKbwj5f6ay7r8DikCxl5VvlAMOapdyjI75sByPwqKQ0WskEp14mrkGv5jCnMAatL8msUvPe04ss0BXx1hLC2qnLgK_CXFRoAqN6kH1hl4GjN4qrBOYQUuLZhh4Ayp7RGCbxBYmj45feqMC9HvpiDXlwr11FMBgh4Wv4QhKu2cdet1eMOa9Q/media?maxWidthPx=400&key=AIzaSyAgucJSAxcE0tpOe1l47Xy0Rw4QehRSg94,Hemstäd|Storstädning|Flyttstäd|Kontorsstäd|Byggstäd|Trappstäd|Fönsterputs|Möbeltvätt|Företagsstäd,"Hemstäd: Komplett städning av kök, badrum och samtliga rum inkl. dammsugning, våttorkning och dammtorkning. Storstädning: Grundlig engångsstädning. Flyttstäd: Professionell städning för besiktning. Kontorsstäd: Regelbunden företagsstädning. Byggstäd: Städning efter bygg/renovering. Trappstäd: Trapphus och gemensamma utrymmen. Fönsterputs: Putsning av fönster. Möbeltvätt: Rengöring av möbler. Nöjd-kund-garanti: reklamation inom 48 h.",Borås|Alingsås|Svenljunga|Tranemo|Ulricehamn,Clean Företagsstäd i Sjuhärad AB är en Borås-baserad städfirma grundad 2018 med målet att bli bäst i Sjuhärad på städ. Utför städning för privatpersoner och företag. 10 anställda. Del av en koncern med ett dotterbolag. Öppettider mån-fre 08:00-17:00. Kontaktperson: Marah Ben Aouicha (marah@cleanforetagsstad.se).,2018,Tarek Bashir Ragheb Alnabulsi,10,Aktiebolag,Ja,4.7,7,"""Jag har haft städföretag hemma tidigare, aldrig någonsin varit så nöjd som med Clean! Vi hade höga förväntningar, företaget levde mer än väl upp till dom."" (Reco.se). ""Vi är mycket nöjda med köpt tjänst. Vi har använt dem både som företagstäd och privat flyttstäd och har fungerat utmärkt i båda fallen."" (Reco.se)",Reco.se: 4.2/5 (15 omdömen),,Telefon: 033-10 22 29|E-post: info@cleanforetagsstad.se|Offertformulär på cleanforetagsstad.se,Nya kunder får 3 timmar gratis städning vid första löpande hemstädningsavtal. RUT-avdrag tillämpas för berättigade tjänster.,Svenska,,https://maps.google.com/?cid=14035992888274692001,ChIJN3CrtqegWkYRoaeFfyrdycI,"High – webbplats bekräftad med fullständiga kontaktuppgifter och tjänstebeskrivningar; allabolag bekräftar org.nr, registreringsdatum och ledning",cleanforetagsstad.se|allabolag.se (559176-4559)|reco.se/clean-foretagsstad|stadningguiden.se,2026-07-25
Städexperten Borås AB,Städexperten Borås AB,556909-0920,Döbelnsgatan 110B,506 38,Borås,Norrby,070-055 58 82,info@stadexpertenboras.se,https://www.stadexpertenboras.se,https://www.stadexpertenboras.se/images/logo.webp,https://places.googleapis.com/v1/places/ChIJXxlfI66gWkYRCJ7t8xLrSX8/photos/AaVGc3md40G7QIV2hFkV_IvtH6b10tD5Hx4kfuOICzYT-kHBshHmM9Zpo0vWrOJ7aW9Fvxk3TnDkV0atnc4gRza1-krLU17DyzA0ItjIzaaf6-YReQr_jKt-9axLydhI_ID1rkd_ePqD7pJml3f4BaLb13GS5Uy96_m6B5DHgHPxDZyEnPaNPp6Wmsa8TQuldfePI14uApELBhNEC_OLkPQHk_TjZ7eX2yIsOMbydREybgmkA4W2gtOIdWybZj58JaA5YdSoKVfn7eshmtDEI-5FFDmqM6knDEdn7rjfZfDpuyqzKTgEqYx0kMN0ai-xevYhJSqeM8NbytTmGsCDFmUIKd78W8MWTMcIA_uV4itNODdXHOITiC58rZnC9RETkXVdemdh6hgVdWjHjOcGzNBcExOOuWgbhQMwc4oTG0RRhPZpw_Dm/media?maxWidthPx=400&key=AIzaSyAgucJSAxcE0tpOe1l47Xy0Rw4QehRSg94,Hemstäd|Företagsstäd|Flyttstäd|Byggstäd|Fönsterputs|Golvvård|Trappstäd|Källsortering|Strykning,"Hemstäd: regelbunden privatstädning med RUT-avdrag. Företagsstäd: anpassad städning efter era tider. Flyttstäd: grundlig städning vid flytt. Byggstäd: efterstädning efter renovering. Fönsterputs: in- och utvändigt året runt ner till -10°C. Golvvård: polering av alla golvtyper. Trappstäd: trapphus, vindar, källargångar. Källsortering: miljövänlig sortering.",Borås med omnejd,"Städexperten Borås AB grundades 2012 och erbjuder professionell städning för hem, kontor och fastigheter i Borås med omnejd. Filosofin är att göra det lilla extra – varje städning ska kännas fräsch och välkomnande. Företaget har nöjd-kund-garanti, försäkrad verksamhet och behandlar kundernas hem med sekretess och diskretion.",2012,Komeil Sam Nowrozi,1,Aktiebolag,Ja,4.8,56,,,RUT-godkänd|Försäkrad verksamhet,Telefon (07:00–18:00)|SMS (dygnet runt)|Webbformulär|E-post,Kostnadsfri offert. RUT-avdrag 50% på arbetskostnad för privatpersoner.,Svenska,https://www.instagram.com/stadexpertenb_ab/,https://maps.google.com/?cid=9172120582751100424,ChIJXxlfI66gWkYRCJ7t8xLrSX8,"High — webbplats bekräftad, allabolag-data verifierad",https://www.stadexpertenboras.se|https://www.allabolag.se/foretag/stadexperten-boras-ab,2026-07-25
Väst- Din Flytt & Finputs AB,Väst - Din Flytt & Finputs AB,559533-9150,Lilla Brogatan 31,503 37,Borås,Centrum,+46 10 263 31 00,,,https://www.google.com/s2/favicons?domain=vastdinflytt.se&sz=128,https://places.googleapis.com/v1/places/ChIJXazRBLChWkYRR2qsNm7MEDs/photos/AaVGc3kI200ETA3W6NAnn_yCrWejYUGmXfZUzgu6tlSA0-6VBsBB8_Mpb0UAT0RyWJAhyB6eTh3z5AlXz_7LvrIeTCVrAwQMaew5eiJoUWGYWFsDSDqbVqedcqcLyyfyGpJAyqPyPGOib6JHOhSeTX2Lo08dvyJxpvWrdnmAUj0fx5wk7XJ_WB61Z9Ces8VK_WOy6bCAclQiK9Pw7WMHBCgRxEsWBtHB9A47eDqAYorINwYB9DwqEIPC7pnB7AzUtgVuPiLp1Vxt3kn1gM-twBFC1u5adQPsttvgRkQqqAc5RfMKjtyRhoArLErnwiGp3N8C3paBfzM_ZYbR7SQaEugD9mrY7IrEZ5PR48MIx-RCXO4strf2_p4N_ihb1CR4aKsvZczgL6eKzjbkkxPvuosPCuSCSySfnXL99ob4lI6iUxUtwJQvaH8Fb1SItwlHZkLW/media?maxWidthPx=400&key=AIzaSyAgucJSAxcE0tpOe1l47Xy0Rw4QehRSg94,Flytt|Flyttstäd|Transport och logistik|Tredjepartslogistik|Personaluthyrning lager/logistik,"Flytt: professionell flytthjälp för privatpersoner och företag med noggrant bemötande. Flyttstäd: grundlig städning vid flytt. Transport och logistik inkl. tredjepartslogistik och personaluthyrning inom lager, logistik och bygg.","Borås och omnejd, t.ex. Bollebygd","Väst - Din Flytt & Finputs AB grundades i juni 2025 och erbjuder flytt, flyttstäd, transport, logistik och personaluthyrning i Borås. Företaget är känt för punktlighet, snabb hjälp och proffsigt bemötande. Betyg 5.0 på Google baserat på 24 recensioner. Ägs av Elvane Mehmeti.",2025,Elvane Mehmeti,1-4,Aktiebolag,Ja,4.7,41,"Utmärkt städat (Bengt Abrahamsson)|Rigtig bra flyttfirma samt fläckfri städning gör dem med, kan starkt rekommendera (Kim Hansen)|Snabbt och smidigt supertrevliga killar",Kundernas.se: 5.0 / 24 recensioner,,Telefon,,Svenska,,https://maps.google.com/?cid=4256126421600856647,ChIJXazRBLChWkYRR2qsNm7MEDs,"Medium — nystartat bolag (2025), ingen webbplats hittad, registerdata verifierad via bolagsfakta/syna",https://www.bolagsfakta.se/5595339150-Vast___Din_Flytt_%26_Finputs_AB|https://kundernas.se/vast-din-flytt-finputs,2026-07-25
Jane Flytt & Städ AB,Jane Flytt & Städ AB,559446-6558,Jössagatan 9A,504 41,Borås,Sjöbo,,,https://janestad.com,https://janestad.com/favicon.ico,https://places.googleapis.com/v1/places/ChIJGyrv5VunWkYRs5IwOHPERCs/photos/AaVGc3mC8LHImmcUvFLVyDitdnDTPg7_ArTsIKpBGaOoW_dfBH_sy3lBiD6THYl-VqXghBd_SDPLFVFe07yxPy5JvzFF3rcnROS6h2-VKRxiJjnrBDc8otBGdnakEhRDVXQiELKoeCUzwMwrdDF_WMFGDf9oGoS2xCfvLDp9v1NLk-IYLLdjjuP94_f5d6vSQjAcWbMv935HLwBXSIYtITDo3OnVFnF-tZTA7WiqCBd8bLcirHc31czVdpgtOmZrUBw8arII7DQ0gHksNrNT7062jRYbXQM01VYpn7iftyQxVM35tgHtVfF53q9mv6c5iMwf7wbV2rPEqUwakd0EaHJTSBHtMLWCXszsZr961qNjHS8Z1iBVRRmjBLhTBvV_msry-kEKa4Qirh2dDxX8AFAIFrS4Mq6CA-OOKF-WpkFZSqmYnT4lYp7uFYzUD7zuXQGe/media?maxWidthPx=400&key=AIzaSyAgucJSAxcE0tpOe1l47Xy0Rw4QehRSg94,Hemstäd|Kontorsstäd|Flyttstäd|Flytthjälp,"Hemstäd: grundlig städning av hem med miljövänliga produkter. Kontorsstäd: städning för kontor. Flyttstäd: detaljerad städning vid flytt. Flytthjälp: packning, transport och uppackning för en stressfri flytt.","Borås, Göteborg och omnejd","Jane Flytt & Städ AB grundades 2023 och är en pålitlig partner för städning och flyttservice i Borås, Göteborg och omnejd. Bolaget erbjuder skräddarsydda tjänster för hem och kontor med miljövänliga produkter och modern utrustning. Målet är långsiktiga relationer och enastående service till konkurrenskraftiga priser.",2023,Khalaf Alhaj Mnela,0,Aktiebolag,Ja,4.3,48,,,,Webbformulär (janestad.com)|Videobesök kostnadsfritt,50% RUT-avdrag på arbetskostnad. Prova hemstäd till extra bra pris.,Svenska,,https://maps.google.com/?cid=3117832841190216371,ChIJGyrv5VunWkYRs5IwOHPERCs,"Medium — webbplats bekräftad via janestad.com, registerdata via hitta.se; telefon/e-post ej publikt tillgängliga",https://janestad.com|https://www.hitta.se/verksamhet/jane-flytt-och-stad-ab-llrrtzio,2026-07-25
Serviceföretaget Pedanten AB,Serviceföretaget Pedanten AB,556525-5147,Skaraborgsvägen 30,506 30,Borås,Fristad,076-022 66 70,info@pedanten.se,https://www.pedanten.se,https://www.pedanten.se/wp-content/uploads/2025/01/Pedanten-main-logo-web-optimi-300x272-1.png,https://places.googleapis.com/v1/places/ChIJZ3fFFLKgWkYRYRUrB3vRXRA/photos/AaVGc3lOZwUZWaDLoKqfyh_0g6Hugdaayug6-rRPCfgtg0v33beRBSI7jsuk-_aB8fRAWO1BeXSMd13AoswIrZLXjheOY4tlmU05LuqZM5N0AU4xluS44-SLH7JsNm96wWNobbKgXMho04cWJWwXafsSD64zeRtZmnUQPggEwdY3XAHuBfmt-mvRyTBKzpIIWauLBNlF3WB2u4pi3RMHsgDHHk7iyk_VYNSD_RyB9dfL9tWq77eDZVER_p0f71DgcoWDwzHEkRPeFg6zqNxfsLs01IVnjq_G9tz6P889-FCFyqUMbVW9muR5EwXkN7Tu3yCvMyFSowcNDCQHb7i-9tb8zPpZLFoaDLLlQ8bC4gJq0SDd7skrY8Nr2RIiS0OMl9FesBzTIYvmYPRbdd7iFLQTBBl5v8fEq2KbyIw0lBcrDpxqN2rn/media?maxWidthPx=400&key=AIzaSyAgucJSAxcE0tpOe1l47Xy0Rw4QehRSg94,Hemstäd|Flyttstäd|Storstäd|Kontorsstäd|Fönsterputs|Trappstäd|Golvvård|Fasadtvätt och klottersanering|Höghöjdsstäd|Trädgårdstjänster,"Hemstäd: skräddarsydd regelbunden eller engångsstädning. Flyttstäd: grundlig städning vid flytt. Kontorsstäd: ren arbetsmiljö för företag. Fönsterputs: upp till 15 meters höjd. Trappstäd: trapphus och gemensamma utrymmen. Golvvård: alla golvtyper. Fasadtvätt och klottersanering. Höghöjdsstäd: tak, balkar, rör. Trädgårdstjänster.","Borås med omnejd inkl. Kinna, Skene, Ulricehamn, Svenljunga, Bollebygd","Serviceföretaget Pedanten AB har verkat i Borås sedan 1987 och erbjuder skräddarsydda städtjänster för privatpersoner och företag. Grundades av Tony Rosengren och drivs nu av Eddie Rosengren. Företaget prioriterar kundnöjdhet, långsiktiga relationer och hög servicenivå med 100% nöjd-kund-garanti. Aktiv i Norrby IF affärsnätverk.",1987,Tony Rosengren,13-14,Aktiebolag,Ja,4.4,28,,hitta.se: 4.7 / 22 omdömen,,Telefon (mån–fre 08:00–17:00)|E-post|Webbformulär,Kostnadsfri offert. RUT-avdrag inkluderat i offert och faktura för privatkunder.,Svenska,https://www.linkedin.com/company/serviceföretaget-pedanten-ab,https://maps.google.com/?cid=1179329003772384609,ChIJZ3fFFLKgWkYRYRUrB3vRXRA,"High — webbplats bekräftad, allabolag och hitta.se verifierade",https://www.pedanten.se|https://www.allabolag.se/foretag/serviceforetaget-pedanten-ab/boras/stadservice/2K1EQCRI5YH6T,2026-07-25
Piga nu AB,Piga nu AB,556828-2197,Kompassgatan 5K,506 49,Borås,Norrby,033-10 03 10,boras@piga.nu,https://piga.nu,https://piga.nu/_next/image?url=%2Fimages%2FPIGA_logo_utan_prickar_1_iwqij2.webp&w=3840&q=75,https://places.googleapis.com/v1/places/ChIJ61TyqOULUEYRElfzQb0Kw_8/photos/AaVGc3lggBQjUa7JI6xUNwOdWgNqj1LejwvW0IFeJB4YLIfxRjSlvpRyJNEziZpfHGgkPpo1u1l2JKlgffqlTn7-VwO298kFvXK5FCjbk3g_RKxVyF3F8NVeB6Gjyt9FmUK_ZDNHoTvpO4erYSFjW3CoUWtMLNshw43ZgKcKVU8DAKT4jxvqCeFwmkXAa2wSpnyQ-aBekLqF8ndnkUN06P86C4PjDm9BHR7V2MUx_VFeSBYeskfx6VjLrQDIRL_ZTVV0jiFBlDQqWW8d6nQzSmWk_cdpJUxkp-LCtkvtjSBoAFB3LU4cRMPM7JV97ZLs6FRpcTgFE5OSa27M31SMHmiSzl5hwAUYXTzcdphDGJ_q4swRmLzPQgp20SKrZmC5bNtq1bE3gzupH3VfyMR9GOPLfYFF6AZRvKLBIel8QGsREn_IOVzK/media?maxWidthPx=400&key=AIzaSyAgucJSAxcE0tpOe1l47Xy0Rw4QehRSg94,Hemstäd|Seniorstäd|Fönsterputs|Kontorsstäd|Byggstäd|Restaurang/hotell/camping-städ|Golvvård|Tvätt av företagsskyltar|Höghöjdsstäd|Sanering,"Hemstäd: regelbunden eller behovsanpassad städning utan bindningstid. Seniorstäd: rabatterad städning för kunder 68+. Fönsterputs: in- och utvändigt. Företagstjänster: kontor, lokaler, omklädningsrum, restauranger, hotell och camping. Byggstäd: slutstädning efter nybyggnation och renovering. Golvvård. Höghöjdsstäd. Sanering. Tvätt av fasader och företagsskyltar.","Borås (Kompassgatan 5K) samt Halmstad, Ängelholm och Mellbystrand (nationell kedja)",Piga nu AB är en nationell städkedja grundad 2006 med Borås som ett av sina arbetsställen (Kompassgatan 5K). Bolaget är moderbolag Piga nu Holding AB. Erbjuder städtjänster på kundens villkor utan abonnemang och med fri avbokning. Kollektivavtal med Almega och Byggnads. Eget Svanenmärkt städproduktsortiment. Kundportal för bokning och ändringar.,2006,,77,Aktiebolag,Ja,4.8,28,,,Svanenmärkt städprodukt|Kollektivavtal Almega och Byggnads,Telefon|E-post|Kundportal online|Hembesök innan offert,Inga bindningstider. Fri avbokning innan kl 07:00 på uppdragsdagen. RUT-avdrag 50%. Seniorstäd 68+ rabatt.,Svenska,https://www.linkedin.com/company/piga-nu,https://maps.google.com/?cid=18429585908101764882,ChIJ61TyqOULUEYRElfzQb0Kw_8,"High — webbplats bekräftad, allabolag och hitta.se verifierade, Borås-arbetsställe bekräftat",https://piga.nu/sv-se|https://www.allabolag.se/organisation/piga-nu-ab/mellbystrand/stadservice/2K37M1HI5YH6T|https://hitta.se/verksamhet/piga-nu-ab-piga-nu-boras-nsxekmsd,2026-07-25
M&M CLEANING GROUP,,,Yxhammarsgatan 3,503 31,Borås,Centrum,076-008 01 21,,,https://www.google.com/s2/favicons?domain=yxhammarsgatan3.se&sz=128,,Städning|Rengöring,Erbjuder fast pris och garanti på utfört arbete. Känd för bra kommunikation med ägaren och proffsig personal.,Borås,"M&M Cleaning Group är ett städföretag i Borås beläget på Yxhammarsgatan 3. Företaget är känt för bra kommunikation, fast pris och garanti på utfört arbete. Google-betyg 5.0 baserat på 2 recensioner.",,,,,Okänt,5,2,"Vi är mycket nöjda! Bra kommunikation med ägaren. Proffsig, trevlig personal (Gustav Persson)|Dom lämnar fast pris samt garanti på arbetet (Johan Gustafsson)",,,Telefon,Fast pris med garanti på utfört arbete.,Svenska,,https://maps.google.com/?cid=7213669196438666333,ChIJjfkxWLKgWkYRXXznHOoZHGQ,Low — inget org-nummer eller webbplats hittat; kontaktuppgifter och recensioner via kundernas.se; möjligen ej registrerat AB,https://kundernas.se/mm-cleaning-group,2026-07-25
Abelia städ och service,Abelia Hemtjänst AB,559559-4614,Druveforsvägen 15 B,504 33,Borås,Sjöbo,,,,https://www.google.com/s2/favicons?domain=abelia.se&sz=128,https://places.googleapis.com/v1/places/ChIJh0OPXGuhWkYRvTa6dIJnle0/photos/AaVGc3nfPqknlklBD69_9LfSm0KSVCiMNpaNSfu9H6TnS0PWGfcF4rZOAUcr6h-yOuNSJ5WIStsr13IvgOQEVKfEIH6iciMqNK47mp4BVPgMAVRPuA3BdEmi6YqG4zD0N9cY2aeL3XVQ-evlUJzyP9VnNHtwrT53WoZB8d500l2Gr-K2Ltn65ivAZN-g1svIacf5bTtBp752CSqoBUQ61Z5MGefPpSA1GwDsrK840M3dqw8bMbgFgPq5FZaoXCcn1uPiC60QLXaMQcam0DBXdIoiT3ZoI2oSemFUKKhXFKLzfMQn86SoLMFoTvFn1cPX9Rv96aiQBAypxAmf7fTzkVWKFqCcwQpOMhsXGEAO8CPbHC_NRpIOgEviXXh9Tu43SHhuKUMpqifGvXf_zv6qaR7F2ec7BlteYY3BYmHvoQbTfL9kRsbhFapuoX1ZQakol4IG/media?maxWidthPx=400&key=AIzaSyAgucJSAxcE0tpOe1l47Xy0Rw4QehRSg94,Hemstäd|Hemtjänst|Hushållsnära tjänster|RUT-tjänster|Trädgård/utomhusarbeten,"Hemtjänst: omsorgs-, service- och stödinsatser i kundens hem. Hushållsnära tjänster och RUT-tjänster. Städ och praktisk service i vardagen. Enklare trädgårds- och utomhusarbeten. Insamling av icke-farligt avfall.",Borås,"Abelia städ och service (registrerat som Abelia Hemtjänst AB) grundades december 2025 och erbjuder hemtjänst, hushållsnära tjänster och RUT-tjänster i Borås. VD är Natali Filiz Erdogan. Verksamhetens städgren bedrivs under binamnet Abelia Städ och Service.",2025,Natali Filiz Erdogan,0,Aktiebolag,Ja,5,1,,,,,RUT-tjänster tillgängliga.,Svenska,,https://maps.google.com/?cid=17119703368520578749,ChIJh0OPXGuhWkYRvTa6dIJnle0,"Medium — registerdata bekräftad via bolagsfakta/syna; mycket nystartat bolag (dec 2025), ingen webbplats hittad; gatuadress avviker från backbone (Druveforsvägen vs ingen angiven)",https://www.bolagsfakta.se/5595594614-Abelia_Hemtjanst_AB|https://upplysningar.syna.se/foretag/5595594614/abelia-hemtjanst-ab,2026-07-25
Fissa & Feja,Fissa & Feja Aktiebolag,556391-9132,Druveforsvägen 32,504 33,Borås,Sjöbo,070-582 97 25,,https://fissaochfeja.se,https://fissaochfeja.se/wp-content/uploads/2020/03/fissa_feja_logo-2.png,,Hemstäd|Flyttstäd|Fönsterputs|Golvvård|Företagsstäd|Hemhjälp|Trädgårdshjälp|Byggstäd,"Hemstäd: regelbunden städning i privathem, veckostädning och storstädning. Flyttstäd: professionell slutstädning vid flytt. Fönsterputs: invändigt och utvändigt. Golvvård: boning och underhåll av golv. Företagsstäd: kontor, butik, industri, fastighetsbolag, skola och byggarbetsplatser. Hemhjälp: tvätt, handla, strykning av sänglakan. Trädgårdshjälp: skötsel av trädgård. Byggstäd: städning på byggarbetsplatser.",Borås|Bollebygd|Herrljunga|Härryda|Alingsås|Lerum|Marks kommun|Töllsjö|Västra Götaland,"Fissa & Feja är en städfirma i Borås med ren passion sedan 1988. Grundad av Anna-Lena vars mormor skapade uttrycket 'Nu ska vi Fissa & Feja!'. Från enmansdröm i Töllsjö har företaget vuxit till ca 50 anställda med verksamhet på flera orter i Västra Götaland. 2015 förvärvades Galant Städ i Lerum. Idag är Fissa & Feja en del av KEYTO Group, den ledande aktören för tjänster i och omkring hemmet.",1988,Anna-Lena,52,Aktiebolag,Ja,4.1,24,,,,Kontaktformulär på webbplats|Offertförfrågan online,Offert på begäran; RUT-avdrag tillämpas för privatpersoner,Svenska,,https://maps.google.com/?cid=7780751608519365400,ChIJ33TuiZ6rWkYRGJNYH13I-ms,"High – webbplats bekräftad, allabolag.se verifierad, stämmer med gatuadress",fissaochfeja.se|allabolag.se/5563919132|hitta.se,2026-07-25
DammAkuten,DammAkuten,,Glimmerplan 33,504 67,Borås,Fristad,+46 76-049 93 35,dammakuten.boras@gmail.com,https://www.dammakuten.se,https://www.dammakuten.se/wp-content/uploads/2025/10/DammAkuten-LOGGA.png,https://places.googleapis.com/v1/places/ChIJ7Qfi1wWnWkYRTMvLwsNkwZw/photos/AaVGc3lEE4c3xpeM0XS17Y8-j6TV-fMHGijc-igxQ1YIFPmzdhn-EZohnp3eSluRCM6fUR95vB4zILjVWIWdE3A6wv7tyk4AWY2rGIzVPfw9HuCsKIyfyV8hcHdvt70vblR15ZTdBrD3fZb6_4USpnUW5sb8ImrHcjwMnKLwF85Ik18vILaAi8GLnZP-HEcthb9Q5aQAVSgNPRIUE9OPm6kvfQW-oelyn6bV9kXa9tVt9mmunZ7LWAY4KkXYnhr8-7D5IpKF8Bd6-5uOAyn3a2ZHauhYXE_KdXFUE3LGaCF0ZirWp5XRd4OHje_13oPsm1INV0bfamwdyvMlCsdCjCZCV50_CKjgUZh8T2oNpe60ddbDRxvqiH9zUeYqMxJwEeY9ofuF8GVtcQ9A4l6t2eA3C8Gi6noyZWl6kjbrePWmC-rLxarWqkX1f11n-xDPAHV-/media?maxWidthPx=400&key=AIzaSyAgucJSAxcE0tpOe1l47Xy0Rw4QehRSg94,Hemstädning|Kontorsstädning|Flyttstädning|Trappstädning|Byggstädning|Fönsterputs|Lokalvård|Visningsstäd|Dödsbo,"Hemstädning: noggrann och pålitlig städning som skapar trivsel i hemmet. Kontorsstädning: skräddarsydd städning för ren och produktiv arbetsmiljö. Flyttstädning: professionell städning vid flytt med garanti. Trappstädning, byggstädning, fönsterputsning och lokaltjänster för fastighetsägare och bostadsrättsföreningar.",Borås|Göteborg|Sandared|Bollebygd|Borås med omnejd,"DammAkuten är en städtjänst i Borås och Göteborg grundad 2014. I över 11 år har de hjälpt privatpersoner och företag i Borås med omnejd. De erbjuder Rut-avdrag direkt på fakturan och städgaranti. Använder miljövänliga rengöringsprodukter. Samarbetar med fastighetsägare, bostadsrättsföreningar, företag och kontor. Egenföretagare med 1–10 anställda.",2014,,1–10,Enskild firma / självständig,Ja,5,13,"Mycket nöjd med flytt städningen! Skinande rent och noggrant utfört. Rekommenderas varmt! | Väldigt nöjd med städningen. kommer att anlita denna firman igen. Väldigt trevligt bemötande av personalen. | Superbra bemötande, fick all hjälp jag behövde, de gjorde ett fint jobb.",kundernas.se: 5.0/5 (15 recensioner),Städgaranti,Kontaktformulär på webbplats|E-post|Telefon,Kostnadsfri offert; RUT-avdrag direkt på faktura,Svenska,https://linkedin.com/company/dammakuten-borås,https://maps.google.com/?cid=11295420132371450700,ChIJ7Qfi1wWnWkYRTMvLwsNkwZw,"High – webbplats bekräftad, LinkedIn-profil med org.detaljer, adress verifierad via kundernas.se; org.nummer ej funnet (egenföretagare)",dammakuten.se|linkedin.com/company/dammakuten-borås|kundernas.se/dammakuten,2026-07-25
Skaraborgs Städ AB,Coor Skaraborgs Lokalvård AB (f.d. Skaraborgs Städ & Servicepartner AB),556219-5510,Döbelnsgatan 21,506 36,Borås,Norrby,033-10 47 01,,https://www.skaraborgs.se,https://www.google.com/s2/favicons?domain=skaraborgs.se&sz=128,https://places.googleapis.com/v1/places/ChIJbyo6mbagWkYRU4gAPmJvtd0/photos/AaVGc3kmWQazytH6WoZyp5RqspZgMU8T9bWFPCgT2DyYbDXRtQ2q5tmFfYoeoupnS8UvSuZviOs6uhMTktHf2kuLEDJ1LBL28MtSMyDqQSmf_zEY5db2PvdYLQgPAXrbNonzuxeYMo9I3sFZRXtm3c4r8YZhLm8B56MdydsIUub-ndQPf3ROE1XKi8SoHFTqXhpRPS1ChE0Cfv04bIXDhKXuJHv2DOhxRDnlBTSulZorMpfSMuHEzFTS3rAGm-7O9pNMK_g9g5RoHsdYDoipRzShuWpc3CSAMTyaZbuDSQeA2NeqcCUxJy2o3tEDex_igNYmCA57F8sjEV_hw-3_52dBKLBzQkkdNV8ktTx5WQOYTqDkEFkgsy0AMj18G3sWZK4tmndtrfXtWyNPHhlD1mxzxGq0MsI2QIgoxOgXjFgKPPOp-6cC/media?maxWidthPx=400&key=AIzaSyAgucJSAxcE0tpOe1l47Xy0Rw4QehRSg94,Daglig städning|Fönsterputs|Golvvård|Flyttstädning|Byggstädning|Storstädning|Renrumsstädning|Sanering|Avfallshantering|Kontorsstäd|Fastighetsskötsel,"Fullständiga lokalvårdstjänster för företag och organisationer. Daglig städning, fönsterputs, golvvård, byggstäd och storstädning. Renrumsstädning och höghöjdsstäd för industri och sjukhus. Sanering via Sanmix. Facility Management-lösningar.",Västra Götaland|Skaraborg|Borås|Värmland|Småland|Jönköping|Falköping|Lidköping|Skövde,"Skaraborgs Städ AB (nu Coor Skaraborgs Lokalvård AB) grundades 1982 och är en av regionens ledande städfirmor för B2B. Verksamheten förvärvades av Coor våren 2023 tillsammans med dotterbolagen Städtjänst Värmland, Kristinehamns All Rent och Sanmix. Kunder möter samma personal men under varumärket Coor. Hade 409 anställda och omsatte 230 MSEK år 2022.",1982,,409 (2022),Aktiebolag,Okänt,5,1,,,ISO-certifierad|Svanen-certifierad (via Coor),Telefon|Kontaktformulär via coor.se,Offert på begäran; B2B-inriktad,Svenska,,https://maps.google.com/?cid=15975797720904403027,ChIJbyo6mbagWkYRU4gAPmJvtd0,Medium – allabolag/hitta.se bekräftar adress och org.nr; webbplats skaraborgs.se ej åtkomlig vid verifiering (timeout); Coor-förvärv 2023 dokumenterat,hitta.se/skaraborgs-stad|coor.se/om-coor/skaraborgs-stad|foretagsproffs.advokater24.nu,2026-07-25
Ekbergs Fönsterputs & Städ AB,Ekbergs Fönsterputs & Städ AB,556656-7433,Skaraborgsvägen 30,506 30,Borås,Fristad,033-13 73 00,,https://ekbergsstad.se,https://ekbergsstad.se/wp-content/uploads/2020/04/ekbergs-logo.png,https://places.googleapis.com/v1/places/ChIJAzVlHLWgWkYRPZ84yXbiYdU/photos/AaVGc3kREDruxhphF2hSX42RLVV-1C3d1SEkuZ8AETO-B-yl08N1-B1UwqZsRdOmsEovA3oSKqpErSi-A3UqDpeJlcGpsva_f2VaQsXPQeAa4N-UkTw3t-IgJfxMitFmPYDgLm3K_Sl8PDlcxyNvaZ7urTuXWtIHsJ4VcViH-18bdOjvlcMyMywtU6MQ2CGv--vi5lHfqFDZSsrN4hAZHv6kACTmd7MZE4ukj3vOjjLkl8VYffOp2ccBUqi7ELeY64vtGbXphSZM1hMTA51EaeYuIuCg5WUj8nsTWgWlV83vOYVhrOxYpNyZn0u9arEaYOloUbCnVrwqj64078E1GbJ9nCi-zHojMudUYNnbTr5TBp2bOCIbQOpm2jO48y5QKcbYAM6bYtG7tvnGJMQKvPDllgZTf65rrZA1SBTDEd7iIjPQ_JuX/media?maxWidthPx=400&key=AIzaSyAgucJSAxcE0tpOe1l47Xy0Rw4QehRSg94,Hemstäd|Fönsterputs|Flyttstäd|Företagsstäd|Kontorsstäd|Lagerstäd|Golvvård|Fasadtvätt|Byggstäd|Trädgårdsskötsel|Fixartjänst|Yttre fastighetsskötsel,"Hemstäd: regelbunden städning och storstädning för privatpersoner med RUT-avdrag. Fönsterputs: invändigt, utvändigt och abonnemang med ultrarent vatten; prova-på-pris 200 kr. Flyttstäd: snabb och professionell med samarbete med Flyttbilen i Borås. Företagsstäd: kontor, lager, industri, fastighetsskötsel. Golvvård, fasadtvätt och byggstäd. Trädgård varannan vecka. Fixartjänst för vardag.",Borås|Bollebygd|Falkenberg|Habo|Härryda|Jönköping|Kungsbacka|Mark|Mullsjö|Svenljunga|Tranemo|Ulricehamn|Varberg,"Ekbergs Fönsterputs & Städ AB grundades 1981 av Lennart Ekberg som cyklade runt i Skene och putsade fönster. Idag är företaget en komplett städfirma med 141 anställda och kontor i Borås (Knalleland och Viared). VD är Karl Georg Mathias Eriksson. Auktoriserade av Almega och ISO 9001, ISO 14001 samt ISO 45001-certifierade.",1981,Lennart Ekberg,141,Aktiebolag,Ja,4.2,26,,hitta.se: 4.4/5 (308 omdömen),Almega-auktoriserad|ISO 9001|ISO 14001|ISO 45001,Onlineformulär på webbplats|Telefon|Offertförfrågan,Hemstäd abonnemang prova-på 166 kr/tim inkl. moms efter RUT; fönsterputs abonnemang prova-på 200 kr inkl. moms efter RUT; ordinarie fr. 300 kr,Svenska,,https://maps.google.com/?cid=15375819602629533501,ChIJAzVlHLWgWkYRPZ84yXbiYdU,"High – webbplats bekräftad, hitta.se verifierad med org.nr och finansdata, adress stämmer",ekbergsstad.se|hitta.se/ekbergs-fonsterputs-stad-ab-ctzinsbxy|ekbergsstad.se/stadtjanster-boras,2026-07-25
Mobil Städ (Hemstäd och Flyttstäd),,,Barnhemsgatan 8,506 48,Borås,Norrby,033-78 46 47,,https://mobilstad.se,https://www.google.com/s2/favicons?domain=mobilstad.se&sz=128,https://places.googleapis.com/v1/places/ChIJyxy_SF-hWkYRX6Oh6sA2sos/photos/AaVGc3ka79h1vnfxEOoJwILhFOjuZqM7KSuegt8kPQ0Dt0ohpvId9CD2pUMj7fy-V6CSxtm3opzRXUGJ8BFRku6WksgP2x9d2d2vcmpr7dn3tTuHNTvQB9rDCxTm11EZV9bZOSBPIVziKJz0v0d0KNFQR_Un5NUP5sgzgttRuAxDkFhDIcQGXBLSHdfcSj5_I8oThw5QOTJlZzgFd6Gv9Fq49x4It-Jhy9aLOtmKWhblr29hBnBBGk_Jmgo5mIgbiKHl64iTBGv0295WEjH9ENi88FqX3couBApIMymJbtudWDqhnv0NnP3r-LsGdlrIMNhpp2AWrYFok3bL3kVetV0anZfvSZ6MwnQXRwX7Fe9zJFjUIpQ2YdKUtBZN2shxsm9lHCx45jZPol8zFUcVPjr7NaYUqxKsAcTlDu-JZN6A8Fqlurp8/media?maxWidthPx=400&key=AIzaSyAgucJSAxcE0tpOe1l47Xy0Rw4QehRSg94,Hemstädning|Flyttstäd|Byggstäd|Kontorsstäd|Trappstäd,Hemstädning: professionell och trygg städning för privatpersoner. Flyttstäd: grundlig slutstädning vid flytt. Byggstäd: städning efter byggnation. Kontorsstäd och trappstäd för företag och fastigheter.,Borås|Västra Götaland,"Mobil Städ är en städfirma i Borås som erbjuder hemstädning, flyttstäd, byggstäd, kontorsstäd och trappstäd. Proffsig städfirma med möjlighet att boka online och få prisförslag. Registrerad adress Barnhemsgatan 8, Borås.",,,,,Okänt,5,5,,,,Online bokning via mobilstad.se|Telefon,Prisförslag online,Svenska,,https://maps.google.com/?cid=10066168319324562271,ChIJyxy_SF-hWkYRX6Oh6sA2sos,Low – webbplatsen mobilstad.se ej tillgänglig vid hämtning; kontaktuppgifter och adress bekräftade via foretagsproffs.advokater24.nu; org.nr och legal form ej funna,foretagsproffs.advokater24.nu/mobil-stad-hemstad-och-flyttstad,2026-07-25
Servicegruppen i Väst,Servicegruppen i Väst Handelsbolag,969803-5418,Trandaredsgatan,507 50,Borås,Hässleholmen,,,,https://www.google.com/s2/favicons?domain=servicefinder.se&sz=128,https://places.googleapis.com/v1/places/ChIJLQR_2OahWkYROmtLRuw5tjU/photos/AaVGc3m3mMYuYESyoPEO5zplo7Pq9hGxed5N2vSlnT4to7KMzmULIgXAuzIvhe1TMzO4dMyXV7t2KoOV6QlkqAQZ3Wjg3CQ1nDvk6qigUHsMdZO4cIjwdKWDIKmqKyj8Z13FgGMk966BplLnBuVW4KyoQu290ZwvvxF-2lxHMBzTezqr2PJekQ6Z1QGkQGdLyt-N3Dx2PL5BGXqctm8B905qNtV9CwbifwHmx_Jx8BLJyysTy8saQ86amlOSM2bNO2LMlJwnxykGC7slNc4M02FtsoLiasXExXfSIf01l-U5DBFDFhLrjdeltAc3-La5G3JtKLjB_xXTYNrdEfMJG0vOYydIxZB-6Lh1MGiEQr5bah95RhGmlV52tOIJ29TMMld0naeil4KWDIcDF7OoTzO_gjE16ANhUQVgI_MGSrzVuWMfPKxhmooyyTTa6t6FOauw/media?maxWidthPx=400&key=AIzaSyAgucJSAxcE0tpOe1l47Xy0Rw4QehRSg94,Hemstädning|Kontorsstädning|Flyttstädning|Fönsterputsning|Trädgårdsskötsel|Gräsklippning|Snöröjning|Ogräsrensning|Beskärning,"Hemstädning, kontorsstädning, flyttstädning och fönsterputsning. Trädgårdstjänster: skötsel av grönytor, gräsklippning, beskärning av buskar och träd, plantering, ogräsrensning, snöröjning samt enklare anläggningsarbeten.",Borås|Västra Götaland,"Servicegruppen i Väst Handelsbolag är ett handelsbolag i Borås registrerat 2025-10-02 (SNI 81300 – skötsel och underhåll av grönytor). Bolagsmän är Fisnik Kurtaj och Dina Azedine Kurtaj. Bolagsadressen är Sidogången 6, Borås. Bedriver städning och trädgårdstjänster. Registrerat på Servicefinder som verifierat hemstädningsföretag.",2025,Fisnik Kurtaj|Dina Azedine Kurtaj,1–5,Handelsbolag,Okänt,4.8,18,,,,Servicefinder,,Svenska,,https://maps.google.com/?cid=3870344616725932858,ChIJLQR_2OahWkYROmtLRuw5tjU,Medium – org.nr och bolagsman bekräftade via bolagsfakta.se; ingen webbplats eller telefon hittad; OBS: bolagsregistrering 2025-10-02 men Google-recensioner kan avse tidigare verksamhet under samma namn,bolagsfakta.se/9698035418|servicefinder.se/tjanster/hemstadning/boras,2026-07-25
Viskans Städspecialist AB,Viskans Städspecialist AB,559260-0034,Centigatan 26,507 43,Borås,Hässleholmen,033-10 66 64,,https://viskansstad.se,https://viskansstad.se/wp-content/uploads/2024/11/viskan-logo-150x150.png,https://places.googleapis.com/v1/places/ChIJQ0K9O6mhWkYR8BHVhhFBU50/photos/AaVGc3mI_tRBNX2zqVOQtrQmFp3M7Zimv6k3mxy1EULfQjlfXQQ95J88pByuB5lmAfqbuvtnOB-HGrRvxjwabGxoDbaWZWQwvYwabYIpC8mmIMvF-3tcxDk9prt2jD79vhEWjoRhdjV1GpyO6AfrDx_O7EWXdGGH4JRHGV9ALBfOH2WtT9QuZnpHx0EudZZHUKH-kvpdqJVtQMPiQRKCmhczjH8jFm7InwKoUp3vqHGDm4eqownsPoQSvBw-8PSZlD1SBKL5EVXrCdpIaxM88zfOOFtgxR8QXUTEi45ssDSbhM71AeHopLl28cEHYqvrPb4vbTTtIuVf9A83JaVihNHlSwHdpbgFqnsFzgxEMRibIs1DO3yY9C30U5WX5R6wpo8mRRloOCMsYfTiipHVF6pc0H3mOjGXbQggF2KVBSzOAaxajA/media?maxWidthPx=400&key=AIzaSyAgucJSAxcE0tpOe1l47Xy0Rw4QehRSg94,Företagsstäd|Fönsterputs|Flyttstäd|Byggstäd|Kontorsstäd,"Företagsstäd: anpassad städning för kontor och arbetsplatser, veckostädning eller skräddarsydd. Fönsterputs: för hem och företag, fr. 379 kr inkl. RUT. Flyttstäd: fullständig städning inför flytt, golv till tak. Byggstäd: städning av byggarbetsplatser. Kontorsstäd: skapar ren och produktiv miljö.",Borås|Ulricehamn|Vårgårda|Herrljunga|Fristad|Dalsjöfors|Sandared|Sjömarken|Rydboholm|Hestra|Kinna|Skene|Tranemo|Västra Götaland,"Viskans Städspecialist AB är ett familjeföretag i Borås grundat 2020. Ledamot är Besarta Muzaqi (f 2004). Från liten verksamhet med stora drömmar har de vuxit snabbt och erbjuder idag flyttstäd, fönsterputs och företagsstäd. Fokus på noggrannhet, pålitlighet och familjekänsla. Använder miljövänliga produkter. 415+ nöjda kunder.",2020,Besarta Muzaqi,0 (registrerat),Aktiebolag,Ja,5,18,"Professionella, noggranna och alltid pålitliga! Viskans Städspecialist hjälpte oss med företagsstädning och fönsterputs – perfekt varje gång. | Vi anlitade dem för flyttstädning och de överträffade våra förväntningar! Skinande ren och redo för nästa hyresgäst. | Viskans Städspecialist har varit vår partner för företagsstädning i över ett år – alltid skinande rent.",,Nöjd kundgaranti,Telefon (svar inom 60 sek)|Kontaktformulär på viskansstad.se,Fönsterputs fr. 379 kr inkl. RUT; offert inom 24 timmar; RUT-avdrag tillämpas,Svenska,,https://maps.google.com/?cid=11336476230554030576,ChIJQ0K9O6mhWkYR8BHVhhFBU50,"High – webbplats bekräftad, allabolag.se verifierad med org.nr, adress och ledamot bekräftade",viskansstad.se|allabolag.se/viskans-stadspecialist-ab|hitta.se/viskans-stadspecialist-ab-hhcrrrrtu,2026-07-25
Blommande Städ I Stockholm,,,Brolundavägen 37,151 60,Södertälje,Södertälje Väst,,,,https://www.google.com/s2/favicons?domain=google.com&sz=128,https://places.googleapis.com/v1/places/ChIJo7c8a8cTX0YR89YHCbKbH-c/photos/AaVGc3nu1XSDJ1aXEx0IXVBZx3tp69-_yLefi706TM5I6twl6kNnOpoM7CVeCH9tNM9u7Xop_xF7IQIAOlQmJtQAlLHkdv8cDiO5JyGK8BA6d2O-gIZM6h82qmETfPi8GLJcmjXAS9Izi47yUnNUmJbrXOtsg55TN5k9fXkT7uEJsveSf4nE846xnDibwMwfk7zaJ31L9DaVgG2DJmpvFZ64EQRpRB2WP96K-KPEBxEb67zK5CMT1F1tGx57oiK9G05xGYMTeMwKPVhDB8eYgDxQVduXBr9uWHNXRfSsYg6R27tVcBIg4jBcpaISJZlnZVBrfe-aT7lnb7w8N0s2HQgv0Lj65WfYyLW95RF2mzSH1CVShWHEgUs3tzK1aAPqqYC40yZD9c1oB01SvipzfjwiM8nM_Hq092VK34db11TwA2VxmsBAYqNfnx-j2uqmQQ/media?maxWidthPx=400&key=AIzaSyAgucJSAxcE0tpOe1l47Xy0Rw4QehRSg94,,,Södertälje,,,,,,Okänt,,,,,,,,,,https://maps.google.com/?cid=16654201135997376243,ChIJo7c8a8cTX0YR89YHCbKbH-c,"Low — Google Places listing only; no website, registry record, or contact details found. No org number identified at Brolundavägen 37.",Google Places (place_id ChIJo7c8a8cTX0YR89YHCbKbH-c) | Exa search 2026-07-25 (no website or registry match found),2026-07-25
Ikos städ AB,Ikos Städ AB,559250-0663,Klinkervägen 29,151 55,Södertälje,Södertälje Väst,,,,https://www.google.com/s2/favicons?domain=allabolag.se&sz=128,https://places.googleapis.com/v1/places/ChIJbU78u6MNX0YRdHvBHg5P9UE/photos/AaVGc3mcpTx0seKKoKu0rRL9CWqzkBnCCGu9rNtD2ouJxsw47Nm5TOU12qgUdQbLbo92U_ahAE8xVniu4tXQ7skeK9XI1khHHax9NQf6rGU0Z_lmY_Un_VvVNLzPSifoFbUFKAJphKAxC_qjDYR-qpf5v57G8lX5-lplQGUixF2AlqY4KH94ZJmSoljWPx_H8r5LPW2R5pYDL5uU2NvCjWRBox2R-2wqBWQSc-erlPSPDhzgaD3IIxNhJnyAnPB1u_ql7lKbUePOPqAuYcCMQAz9ZHLp-7nv0OpSDKnpBgqfVa_xeRswo4-wa6blidstaxkdwtJnjo-rznLOxh5l5xHuI4mCcrh71OB8Yb5x2sOjTww7tNKqQTi8asfZQFCkRE1PgeT8oh3yKrfbNFfOLqc3SBwQJR__eXRTO9G2UoBo03fSVVy7/media?maxWidthPx=400&key=AIzaSyAgucJSAxcE0tpOe1l47Xy0Rw4QehRSg94,Städfirma|Lokalvård,"Städfirma med allmän lokalvård (SNI 81210). Söker deltidsstädare, erbjuder varierat arbete i trevlig arbetsmiljö.",Södertälje,"Ikos Städ AB är ett aktiebolag registrerat i Södertälje 2020. Företaget är en städfirma med 3 anställda. Har fått UC Nordiskt Tillväxtcertifikat för tillväxt 2024. Omsättning 2025: 1 634 325 kr (+17,4%).",2020,Xanthoula Koukidou,3,Aktiebolag,Ja,4.3,6,,,UC Nordiskt Tillväxtcertifikat 2024,,,,,https://maps.google.com/?cid=4752791903823559540,ChIJbU78u6MNX0YRdHvBHg5P9UE,"Medium — Registry data (allabolag.se, syna.se) confirmed org number, legal form, founder, employees, founded year. No website or direct contact info found.",allabolag.se (559250-0663) | syna.se | datreal.com | ledigajobbsodertalje.se | Google Places | Exa search 2026-07-25,2026-07-25
JJJ Städ,,,Ängsgatan 1A,151 34,Södertälje,Sodertälje Centrum,0700933605,,https://www.instagram.com/jjj_stad/,https://www.google.com/s2/favicons?domain=instagram.com&sz=128,https://places.googleapis.com/v1/places/ChIJzcy-uywTX0YRlZKTIh3GryY/photos/AaVGc3nU3UMxGDISLDHZdoOE_iyQx7Rc5BP1WSdPP7phPO1QvuKH2CyhcSjY0JiP2-BXRB57VtzezNTfwUGdaBaP8XmmPHfkjS-HGJOZzCzJ2Up919jCaF0z9ZpvJ3HZX7KWC8UZ_C5H335EkD5Xcg4--qmD8Elv01ACEi074MG2yH-I6ESYoA3Ls1m_lFaU48rxyaaN0EYMbctsnE_iZar9XJgMNWCHSiDLD6KGMH2bXoB5QlCMsMAFHzupYyEReziSS_EsmLurpaVpMMYv_SUviAGEY-gwaBFUAPOS1HBNeUOnSp9WRP7yVYMIZA3MOdMJbqyCX9omQsL5lAheYo_vebcHxs-9TLWq5bqf-suywhenmObPBPmQHo2L8kepK5dd-u1A_W-vlAo1hebWibqdTBAG4mRW2Ys3RtlEOOqmW8ewbQ/media?maxWidthPx=400&key=AIzaSyAgucJSAxcE0tpOe1l47Xy0Rw4QehRSg94,Hemstädning|Storstädning|Flyttstädning|Kontorsstädning|Golvrengöring|Fastighetsstädning|Feststädning|Daglig städning,"Hemstädning och privatstäd för privatpersoner; storstädning; flyttstädning; kontorsstädning och företagsstädning; golvrengöring; fastighetsstädning; feststädning. Specialanpassad städning med miljövänliga metoder och material. Lång erfarenhet, flexibla lösningar och nära kundsamarbete.",Södertälje,"JJJ Städ är ett städföretag i Södertälje med lång erfarenhet. Erbjuder snabba och flexibla lösningar med specialanpassad städning. Använder miljövänliga arbetsmetoder och städmaterial. Öppet mån–fre 07–22, lör–sön 08–16.",,,,,Ja,5,2,,,,Telefon: 0700933605,,Svenska,https://www.instagram.com/jjj_stad/,https://maps.google.com/?cid=2787664522802074261,ChIJzcy-uywTX0YRlZKTIh3GryY,"Medium — Phone and Instagram confirmed via multiple directory sources (infoisinfo.se, kollen.hk-r.se, foretagsproffs.se, tellows.se). No formal registry org number found. No dedicated website beyond Instagram.",infoisinfo.se | kollen.hk-r.se | foretagsproffs.advokater24.nu | tellows.se | Google Places | Exa search 2026-07-25,2026-07-25
Carant Städservice,Carant Städservice,681031-XXXX-00002,Höglandsvägen 40,152 70,Södertälje,Södertälje Centrum,070 715 58 00,mustafa@carantstad.se,https://www.carantstad.se,https://usercontent.one/wp/www.carantstad.se/wp-content/uploads/2021/03/carant_service_small.png,,Hemstädning|Storstädning|Fönsterputsning|Flyttstädning|Kontorsstädning|Tjänster för företag och föreningar|Anpassad städning,"Hemstädning: anpassas efter kundens behov, frekvens och tider bestäms av kunden, RUT-avdrag tillämpligt. Storstädning: en–två gånger per år, inkl. lister, köksfläkt, köksskåp invändigt, bakom element, kylskåp, badrum. Fönsterputsning: över 25 års erfarenhet. Flyttstädning: heltäckande service, hjälp med packning och flytt. Kontorsstädning och tjänster för företag och föreningar. Anpassad städning efter individuella behov.",Södertälje|Storstockholm,"Carant Städservice är ett välkänt städföretag verksamt i Storstockholm sedan 1990. Kunden alltid i centrum är deras motto. Företaget drivs av Mustafa Hammoud och Lily Hammoud som verkställande direktörer. Verksamheten är en enskild firma registrerad 1997-12-23 med säte i Södertälje. Erbjuder professionell kvalitetsgaranti, enkel och prisvärd städning samt användning av bästa produkter. Miljöanpassade städmetoder och material används genomgående.",1990,Mustapha Awad Hammoud,5–9,Enskild näringsidkare,Ja,5,4,"""Vi upplever Carant som ett stabilt och seriöst bolag. Styrkan hos Carant är att de tar hand om sin personal och uppfyller alltid våra kravspecifikationer."" — Anna Anderson | ""De är mångsidiga, professionella och framför allt håller de vad de lovar."" — Johan Eriksson",,,Telefon: 070 715 58 00 | E-post: mustafa@carantstad.se | Kontaktformulär på carantstad.se,Prisvärd städning; RUT-avdrag upp till 50% för privatkunder,Svenska,,https://maps.google.com/?cid=4128291690271383337,ChIJTR_H96gSX0YRKZ_Sb2ujSjk,"High — Website confirmed (carantstad.se), registry (ratsit.se updated 2026-07-10), contact details cross-confirmed via website + multiple directories. Org number partially masked by Ratsit (last digits redacted).","carantstad.se (om, kontakt, hemmet pages) | ratsit.se (updated 2026-07-10) | hitta.se | Google Places | Exa search 2026-07-25",2026-07-25
Zeleno Service AB - Flyttstädning Södertälje,Zeleno Service AB,556888-5742,Nydalavägen 77,152 51,Södertälje,Södertälje Centrum,072-174 33 41,info@zeleno.se,https://zeleno.se,https://zeleno.se/wp-content/themes/zeleno/images/zeleno_logo.png,https://places.googleapis.com/v1/places/ChIJJ1AB4b4NX0YRc8bbmIylmOo/photos/AaVGc3nfy_cKy7sD9ldW8_-vF6Hs8VQe3CIJ3tzHhCsRVsuLE9PWDpW5xrQ9Bd4CLbnaFlcfdQaUqEK3yHWGKF9IncE_p9GbrSuFmNG6GMRKTjhXdRY173MGN-FESJUx51DE8NoEBZSNUgXOrfhsBCO9iQioWFBxk4PzlXtgroh8Bnwj78V-G0MWBB7JMsoQPZQafPWNKajJmV_qSo3uefPFB1cX6b0OSeDb-5Kj2CHuSsOdUZkGsSuAwc0eR1IWRcQZDeNQd8Oivi4ATRcxEnsPBiQ_qISE57m6eOZKBIH2Wr80zHIEIUpn6mqrs3yM19F0IJxtpRGtLXeG64M2FGOshkjMObY5TaeiuKt7hVVJ_E2X8LvEcMBNxWeSc14MTsJIjYbC1XOE8Y6u0goUpXZoSuq0BngwkmrebFIJM1g6fdXf0A/media?maxWidthPx=400&key=AIzaSyAgucJSAxcE0tpOe1l47Xy0Rw4QehRSg94,Flyttstädning|Hemstädning|Storstädning|Kontorsstädning|Trappstädning|Fönsterputs|Byggstädning|Flytt,"Flyttstädning med 3 dagars garanti som täcker hyresvärd och nyinflyttade. Hemstädning med minst 3 timmars minimum, ingen bindningstid, flexibel frekvens. Kontorsstädning med 50% RUT-avdrag. Storstädning för alla typer av lokaler. Ansvarsförsäkring via Trygg-Hansa täcker eventuella skador.",Södertälje|Stockholm,"Zeleno Service AB är ett städ- och flyttföretag i Södertälje som fokuserar på kvalitet, punktlighet, tillgänglighet och flexibilitet. Företaget erbjuder hushållsnära tjänster, kontor-, flytt-, trapp- och byggstädning samt fönsterputsning och flytt­tjänster. Ansvarsförsäkring finns tecknad hos Trygg-Hansa. Bolaget bildades 2012 och har säte i Södertälje.",2012,Gerardo Andres Ortiz Dahmen,1-4,Aktiebolag,Ja,5,57,,,Ansvarsförsäkring Trygg-Hansa,Telefon|E-post|Webbformulär,Avbokning utan extra kostnad upp till 24 timmar innan planerad städning. Ingen bindnings- eller uppsägningstid.,Svenska,,https://maps.google.com/?cid=16904443224613701235,ChIJJ1AB4b4NX0YRc8bbmIylmOo,"High — website confirmed, registry confirmed via bolagsfakta.se",https://zeleno.se|https://zeleno.se/kontakt/|https://www.bolagsfakta.se/5568885742-Zeleno_Service_AB,2026-07-25
Alba Service Städfirma - Hemstäd i Södertälje | Altantvätt & Företagsstäd,Alba Service AB,559135-3478,Grödingevägen 19,152 70,Södertälje,Södertälje Centrum,072-003 86 00,,https://albaservice.se,"https://impro.usercontent.one/appid/oneComWsb/domain/albaservice.se/media/albaservice.se/onewebmedia/AS_Logo_simple-11___serialized1.png?etag=W%2F%224799-616e8d56%22&sourceContentType=image%2Fpng&resize=16,16&ignoreAspectRatio",https://places.googleapis.com/v1/places/ChIJOXNLVFwNX0YRrBJOWUXDHpk/photos/AaVGc3kQadZZHC4IWYP9psqKEHetcyeA4BLe8YfKyDPxlA5teAlsDl6h-QJ01qtED2sB_YuKcWFYs-1RmA1gze5VHdv_8RsTmWfW3lLk1OrSHqxgL42AOFBhh8hooPitwKVW9Ep7GZbPWEF6DYOgNvPcoau9NPh4H233rkInRwRKKv2-4hfdiivP5KFrGn_dAu4RuPTiDkLsAkcilKnDYh5dB5CGW8_geXfhOuWBiLQ1ObSwc1Kbxf9OCI2nPBwXK7KlZpi7VPkxovB4xPV4k4TWcvClwbcvHMb01GxfA0bNlBO-zO7TqkZux3W6H8k-JkBPpglMVram9vbIPAIzx21iF_nxWblpFK-QGQIFKf3aKdzbPwFUMyhURNuaI9dStl6Y-CCdgHp3gjKIS67-ZQfNjreUCIaZt_6Mc6LPdbaZGvSlDMXz/media?maxWidthPx=400&key=AIzaSyAgucJSAxcE0tpOe1l47Xy0Rw4QehRSg94,Hemstädning|Flyttstädning|Kontorsstädning|Golvvård|Altanrengöring|Trappstädning|Höghöjdsstädning|Butiksstädning|Garagestädning|Fönsterputs|Byggstädning|Trädgårdsskötsel|Mattrengöring,"Hemstädning med miljövänliga produkter märkta Bra Miljöval, från 255 kr/tim inkl. moms efter RUT-avdrag. Altanrengöring med träolja-behandling. Höghöjdsstädning med räckvidd upp till 18 m. Golvvård som förlänger golvets liv. Kostnadsfri konsultation och offert. RUT-avdrag hanteras av företaget.",Södertälje|Nykvarn|Järna|Hölö|Rönninge|Tystberga,"Alba Service AB grundades 2015 med målet att erbjuda miljövänliga städningar åt privat- och företagskunder i Södertäljeregionen. Företaget har kollektivavtal, är försäkrat och arbetar med hållbara tjänster som lokal entreprenör. Använder miljö- och allergivänliga produkter för att minimera påverkan på naturen. 100% nöjdhetsgaranti. Angelika Ildiko Bódis Nagy är styrelseledamot och kontaktperson.",2015,Angelika Ildiko Bódis Nagy,9,Aktiebolag,Ja,4.8,23,"Mycket bra bemötande, snabb och effektiv städning (reco.se)|Supernöjd med altanrengöring och behandling (reco.se)|Professionella och kundorienterade, gör alltid det lilla extra (reco.se)",Reco.se: 4.8/5 (56 omdömen),Kollektivavtal|Godkänd för F-skatt|Bra Miljöval-produkter,Webbformulär (offertförfrågan)|Telefon,Priser från 255 kr/tim inkl. moms efter RUT-avdrag. Kostnadsfri konsultation och offert.,Svenska,,https://maps.google.com/?cid=11033470839722742444,ChIJOXNLVFwNX0YRrBJOWUXDHpk,"High — website confirmed, registry confirmed via allabolag.se, reco.se reviews",https://albaservice.se|https://albaservice.se/kontakt|https://www.reco.se/alba-service|https://www.allabolag.se/foretag/alba-service-ab/södertälje/städservice/2KGY3YEI5YH6T,2026-07-25
Lanolia Städ & Service Ab,Lanolia Städ & Service AB,556912-1840,Morabergsvägen 5 A,152 42,Södertälje,Södertälje Nord,010-585 95 00,info@lanolia.se,https://lanolia.se,https://www.google.com/s2/favicons?domain=lanolia.se&sz=128,https://places.googleapis.com/v1/places/ChIJtxMItFwNX0YRP8A4NVuWp_Y/photos/AaVGc3n6ZcNNDjxWLKeQtbirnBWRdR189FMZdhULq5zfsulNF7KoUKq5bqw1HkzGD7H26FXD2LHQ2tWOLja84IBesUAaPtTP_bMt35Mw-NPHhv3CV77aG0fAlmJ0tPCvA11DKN6kI7-twuECHq3oL_pVa_f1SoCHnqdLYeyovkFO2IADGhntCYpDSVmX8lCZXWxgRB-8aZEB_B6D9uRdWwJvnT75JRVwx1ewaZlNMA7ThRnOmZARnMfYoXZ_xlg5V5aucODNQuYwzXkQthP4SQFxbSLOm26ck4khH33TJEII1wH3G3ovbogQCcnO5I4AFHqvQYBOjJi6x53jWLinbq4QRrO4-eJwG2suvyGrzyYODh7qWxIYAGRYlt3VSzURTapVDnUNPVWtcMjjf5ZrPPWOf8F-GKph97TUKIMXXqvxAF-8XGnD/media?maxWidthPx=400&key=AIzaSyAgucJSAxcE0tpOe1l47Xy0Rw4QehRSg94,Hemstädning|Flyttstädning|Storstädning|Fönsterputs|Kontorsstädning|Trappstädning|Byggstädning|Visningsstädning|Förskolestädning|Avtalsstädning,"Återkommande hemstäd med olika intervaller. Avtalsstädningar för företag och föreningar. Engångsuppdrag. Onlinebokning för offertförfrågan. Svarar alla ärenden inom 24 timmar. Auktoriserat serviceföretag med kollektivavtal med Kommunal, anslutna till Almega. Alla medarbetare försäkrade.",Södertälje|Nyköping,"Lanolia Städ & Service AB är ett auktoriserat serviceföretag med säte i Södertälje, verksamt sedan 2012. Företaget har kollektivavtal med Kommunal och är anslutna till branschorganisationen Almega. VD är Katja Hannele Järvelä. Bolaget har ca 48–50 anställda och omsätter ca 25 miljoner kronor (2025). Kontor i Södertälje och Nyköping.",2012,Katja Hannele Järvelä,48-50,Aktiebolag,Ja,4.6,19,,Hitta.se: 4.4/5 (938 omdömen),Auktoriserat serviceföretag (Almega)|Kollektivavtal Kommunal|Ansvarsförsäkring,Webbformulär (onlinebokning)|Telefon|E-post,,Svenska,,https://maps.google.com/?cid=17773339772920053823,ChIJtxMItFwNX0YRP8A4NVuWp_Y,"High — website confirmed, registry confirmed via allabolag.se",https://lanolia.se|https://lanolia.se/kontakt/|https://lanolia.se/om-oss/|https://www.allabolag.se/foretag/lanolia-städ-service-ab/södertälje/städservice/2K3PLWWI5YH6T,2026-07-25
SFD städning för dig,SFD Städning för dig Handelsbolag,969798-3410,Fjärilstigen 31,151 60,Södertälje,Södertälje Väst,079-014 75 57,info@stadningfordig.se,https://stadningfordig.se,https://stadningfordig.se/wp-content/uploads/2024/05/favicon-150x150.png,https://places.googleapis.com/v1/places/ChIJUTIIx8UTX0YRjut10AcXkk4/photos/AaVGc3lCyh7hjcdPSuh9Sc0eIqayhiWMhnD5sh_2OJoKzFlZpKVLivC9A7Ph0AidtTZYrPcM9eQPCZXuhLdwbFZLl6u5eOm9znXHUCcgzrufJzIR7ZRpwBte5zZNPtOsWdQNgnIn5gK-vXVgVE9bCmX1x_LcSbzdT_olYw8HxsA3c_tYxAKZdTJGS_d6B9cebR4covuKvRIdIJfJcXHFyHAtQ86-MKx0QldQIgXLsxGAz5tKF9AWxEAy0moOxuIq40tocQzWxmi1MAtPVmCPtHFNbltH3cCX6c2_-AL1pDCME-7WSIMqdUxthrq-71FFLVMWOMepN39RbSFj65TJinu-8ER4epgC-NimA7XB-RBwlW6Im9ZpjVoJKqEswxDU4o3PUTamAdQgo0KyFrUskr6QsgJPR8eUYPpgwp4OEIEgZlPz3w/media?maxWidthPx=400&key=AIzaSyAgucJSAxcE0tpOe1l47Xy0Rw4QehRSg94,Hemstädning|Engångsstädning|Visningsstädning|Storstädning|Kontorsstädning|Trappstädning|Dödbostädning|Flyttstädning|Golvvård|Fönsterputs|Kemisk fönsterrengöring|ClearShield|Tvätta solpaneler|Trädgårdsskötsel|Snöskottning|Terrasrengöring|Fasadtvätt|Byggstädning,"Specialiserade på kemisk fönsterputsning (borttagning av kalk), fönsterputsning i höghus, hemstädning, kontorsstädning, trappstädning, byggstädning, dödbostädning. Städar butiker, frisörsalonger, restauranger. Utför även mindre reparationer. Öppet måndag–fredag 07:00–17:00, lördag 07:00–15:00.",Södertälje|Stockholm|Stockholmsregionen,"SFD städning för dig är ett handelsbolag registrerat i Södertälje 2022. Erbjuder ett brett utbud av städ- och fastighetstjänster för hem, kontor och fastigheter i Stockholmsregionen. Specialkompetens inom kemisk fönsterputsning och höghöjdsarbete.",2022,,0,Handelsbolag,Ja,5,16,,,Godkänd för F-skatt|Momsregistrerad,Webbformulär|Telefon|E-post,,Svenska,,https://maps.google.com/?cid=5661613003887733646,ChIJUTIIx8UTX0YRjut10AcXkk4,"High — website confirmed (stadningfordig.se matches address/org), registry confirmed via allabolag.se",https://stadningfordig.se|https://stadningfordig.se/kontakt/|https://www.allabolag.se/foretag/sfd-städning-för-dig-handelsbolag/södertälje/städservice/4GDXFW2I5YH6T,2026-07-25
Pancevskis Städservice AB,Pancevskis Städservice AB,556870-4836,Okstigen 7,152 48,Södertälje,Södertälje Nord,070-778 37 69,,https://www.pancevskisstad.se,https://www.pancevskisstad.se/wp-content/uploads/2015/10/logga_pancevski-med-gul.png,https://places.googleapis.com/v1/places/ChIJ47-ArJcSX0YRbpRza5pmPow/photos/AaVGc3mVGsvicQJK5Zg9_2ubZx0F5_Qsqo11LM5KxZ-55E2kuBmPdpN4fhTbKui3okbGlFI8hTtS3gdWVTgBRW6ZkS0zTfYrJbIC8D1aIYfqXLe-ygGjZmxr7u_q8o2dui5JEkOpf2uPjJ8w6IGLM8u8mIwO2vVzOH0sPLKzGW6Ib-T8H5llDMJi2Hhb80rTes_zUAPk1QlV7hOGMC2QmpXdrMbHh49b2KcKS2tkRNVyGmuFwLaRj0B-x0mHgZjtaeXpkh2Ivm23tW9oC84Hac6_f5v7KzdBN14GaRBjlhaeXdW5E0-lEC4B7FnbF_wgI5mjbsmU-L5f66M_IwxEGpQRW-vV_gfY9FnziUjQOokbnOt62OocI_tTkcjA5-cCaWgB1OR9y7pxLILO5K0NB1vYcb4u4mn0oFAKEtC2tIU6y3BGDZUc/media?maxWidthPx=400&key=AIzaSyAgucJSAxcE0tpOe1l47Xy0Rw4QehRSg94,Kontorsstädning|Byggstädning|Trappstädning|Fönsterputsning|Golvvård|Skolstädning|Industristädning|Butiksstädning|Visningsstädning|Lägenhetsstädning|Hemstädning|Transport och bud,"Kundanpassade städlösningar med skriftliga avtal om frekvens och innehåll. Maskiner för alla typer av golvbehandling (skurning, polering, boning). Lastbil tillgänglig för transport vid flytt till hela landet. Miljöcertifierade och har kollektivavtal. Familjeföretag grundat 2002 av far och son Ante och Miki Pancevski.",Södertälje|Järna|Nykvarn|Stockholm,"Pancevskis Städservice AB är ett familjeföretag som ägs och drivs av far och son Ante Pancevski (ägare och styrelseledamot) och Miki Pancevski (VD och styrelsesuppleant). Startades 2002. Väletablerat städföretag med ca 25 anställda och omsättning ca 12,7 Mkr (2025). Miljöcertifierade och har kollektivavtal med Fastighetsanställdas Förbund. Försäkrade via Fora.",2002,Ante Pancevski,25,Aktiebolag,Okänt,4.2,15,,,Miljöcertifierad|Kollektivavtal (Fastighetsanställdas Förbund)|Försäkrad via Fora,Telefon|Webbformulär,Skriftliga avtal upprättas. Kundanpassad prissättning.,Svenska,,https://maps.google.com/?cid=10105627427279705198,ChIJ47-ArJcSX0YRbpRza5pmPow,"High — website confirmed, registry confirmed via bolagsfakta.se",https://www.pancevskisstad.se|https://www.pancevskisstad.se/om-oss/|https://www.pancevskisstad.se/kontakta-oss/|https://www.bolagsfakta.se/5568704836-Pancevskis_Stadservice_AB,2026-07-25
Familje Städ,,,Bodastigen,151 68,Södertälje,Södertälje Väst,079-044 19 83,,https://familjestadse.webnode.se,https://www.google.com/s2/favicons?domain=familjestadse.webnode.se&sz=128,https://places.googleapis.com/v1/places/ChIJk9gGQ0YTX0YRj3ic_kfG2Hg/photos/AaVGc3lh4dAshQjQ26JaRjhM2Ccy9qaQe8cLeSOtR1B_-zeHzibpeQd9GXBzcwgqC44GoNXwXAgFzqw47nVsniqQxTA6wc_wuuAVaYZsJQ8BCsvzQYa9IeFd2r4kk_AnVOEjsBD6sCHkT24zdLAX_kObNNclOFqkDepwE-B2oQ0hMTlLCGbXuDhBNMGO_HRgoCS5Vn9tOvvC4KpfTqww_PbNw0JhiOELbZ3YQcmG6TMbSe7xwV9iIEB2dlZGfxNtTnULxSAjtRdMo1hMXQdH6GZmkCuAAn7BNXc8ZDi8p099U6BiW_ri8ArAuo2U_J0DuFhUGVHZF7a9_hn4n9gJ5oy6h3922s90KsSh2vbHEKOitaFKTJFX_qFOofP1E7PDXMHnHPIKW32ANrJwDkKioDYH3D9PwWXbxlDuXpfKYQjG5ISrO0iv/media?maxWidthPx=400&key=AIzaSyAgucJSAxcE0tpOe1l47Xy0Rw4QehRSg94,Hemstädning|Storstädning|Flyttstädning|Trappstädning|Kontorsstädning|Fönsterputs,Hemstädning 245 kr/h. Storstädning 245 kr/h. Flyttstädning 250 kr/h. Trappstädning 250 kr/h. Kontorsstädning 245 kr/h. Fönsterputs 100–150 kr/h beroende på fönsterstorlek. Familjeföretag med ca 10 års erfarenhet inom städning. 100% nöjdhetsgaranti.,Södertälje,"Familje Städ är ett litet familjedrivet städföretag i Södertälje. Grundaren öppnade företaget tillsammans med sin familj efter ca 10 års erfarenhet i branschen. Fokus på hemstädning och storstädning för privatpersoner. Betonar personlig service, pålitlighet och 100% kundnöjdhet. Reco.se: 5.0/5 av 3 omdömen.",2021,,,,Ja,5,6,"Vi är sååå nöjda med vår städhjälp. Personlig, trygg, pålitlig (reco.se)|Vi har haft Familje Städ sedan start och är mycket nöjda. Alltid i tid, lätt att ha att göra med (reco.se)",Reco.se: 5.0/5 (3 omdömen),,Telefon,Hemstädning 245 kr/h. Storstädning 245 kr/h. Flyttstädning 250 kr/h. Fönsterputs 100–150 kr/h.,Svenska,,https://maps.google.com/?cid=8707927892037499023,ChIJk9gGQ0YTX0YRj3ic_kfG2Hg,Low — no registry match (no org number found); website is a simple Webnode site; legal_name and org_number unknown,https://familjestadse.webnode.se|https://www.reco.se/familje-stad|https://allaproffs.hk-r.se/familje-stad---71386,2026-07-25
Renrums I Sverige,Renrums I Sverige,,Okstigen 8,152 48,Södertälje,Södertälje Nord,070-499 18 63,,https://www.renrums.se/,"https://static.wixstatic.com/media/56a90d_42d335cf901345f883f66cacea957841~mv2.png/v1/fill/w_192,h_192,lg_1,usm_0.66_1.00_0.01/56a90d_42d335cf901345f883f66cacea957841~mv2.png",https://places.googleapis.com/v1/places/ChIJY-K4uh1fFIQRobwKnMuX9P8/photos/AaVGc3l9bNGhwFhdjSGHd0XNbtIWlyZWbXK6wFEplZRfRgWPAJTuNCT1GERwS7pFBbjB4zS_H6eHnkP0heCHYAHLfWpT7bl9la-AjnglZyhjkS__zzdCceBbQzKrKoHCUx-zwXZ3Z1Hn29j-hmzA5Bxx9USQYJZJMFOIuAimTKMKDuyB5OK8JNKVopI15_yG69KKMdwFkIugr2VBsTsnz8N3Loa5jASEX7FIR9JjXluf4aUBYr7MEUH_EzvIV3ZMfn7h3AGKG-yWiz9Uyp5jlblfy_ANyMq6EyRVhnfGVW1hEvVCZLbTANg91pBt18K8Duiu0Sk9KC_iDsaiBuTFwEKU6ablxoK5faSTBioYD8xa1fIYIS6FwMjsP3sMmNMYXvtQqyuNwmsFNiUJuYxYDIhxDggEz2DhVOfRQWqZajF8x3nBoV0PiLL9DZZ4HHiLhbk8/media?maxWidthPx=400&key=AIzaSyAgucJSAxcE0tpOe1l47Xy0Rw4QehRSg94,Hemstädning|Flyttstädning|Storstädning|Kontorsstädning|Fönsterputs,"Hemstädning: regelbunden städning skräddarsydd efter kundens schema och behov. Flyttstädning: grundlig städning inför avflyttning. Storstädning: djuprengöring av hela hemmet, 31 SEK/kvm efter RUT. Kontorsstädning: daglig underhållsstädning för arbetsplatser och skolor. Fönsterputs: in- och utvändig fönsterputs inkl. ramar, 39 SEK/sida.",Södertälje|Stockholm,"Renrums I Sverige är en enskild firma i Södertälje med passion för att skapa renhet och glädje i varje hem och arbetsplats. Företaget erbjuder ett brett utbud av professionella städtjänster skräddarsydda för kundens unika behov. Fokus på noggrannhet, trygghet och 100% nöjdhetsgaranti. Miljövänliga rengöringsprodukter används genomgående.",,,,Enskild firma,Ja,5,9,,,,Webbformulär på renrums.se,Storstädning 31 SEK/kvm efter RUT-avdrag; Fönsterputs 39 SEK/sida inkl. ramar,Svenska,,https://maps.google.com/?cid=18443533274741128353,ChIJY-K4uh1fFIQRobwKnMuX9P8,"Medium — website confirmed (renrums.se), phone confirmed via hitta.se; org.nr not publicly listed for enskild firma; no email found",https://www.renrums.se/|https://hitta.se/verksamhet/renrums-i-sverige-kmuxxicrs,2026-07-25
A&M Hemservice i Stockholm AB,A&M Hemservice i Stockholm AB,556827-5647,Orrstigen,151 54,Södertälje,Södertälje Väst,072-026 03 28,,,https://www.google.com/s2/favicons?domain=bolagsfakta.se&sz=128,https://places.googleapis.com/v1/places/ChIJAQAAwJ6jX0YR2sdfyHxkZXE/photos/AaVGc3n0QHDiNE0udvJvY64eLk5PibeJrB7718hwsYnd0-v0mffwdDS4jFSyG4rMbfKmHGL0HbNHXBUTeyu3FYK4c7oxFoBs9YiaCri2VVL1Q2q5IROe-mGvNmd1G4WE76vuL8HIUhyKAMGWJP3EgdNdA7XLfff17aIiYMNNITCHawnAkvTg6rX8_cfzcLRLsxEygHLUprQhz44sgTiGwpiZnwPlyl9qdmafeokLGh92oPqtTf1sKaGdJ50Q2eDva0HfIDNfziHv2zq8fHk-HS-T0b6lOvILcxO-6QEO8b3KXDuA4puTqGtQGFQU9R-baifQ-bcyWxV8hXgDvSIIeLlh2YdCCqmih0npkVlM3Luy28Lkxt1ZK3shS6ACY6lYF-YWfVDQwr3aKZrG7FZgotWRvu9DQN75hSoH0jrpcSUcxAbfKg/media?maxWidthPx=400&key=AIzaSyAgucJSAxcE0tpOe1l47Xy0Rw4QehRSg94,Lokalvård|Hemstädning,Lokalvårdsverksamhet för hem och företag. Bolaget är registrerat under SNI 81210 Lokalvård och är listat på Google Maps som house cleaning service.,Södertälje|Upplands-Bro|Stockholms län,"A&M Hemservice i Stockholm AB är ett aktiebolag bildat 2010 med säte i Upplands-Bro men med verksamhetsadress i Södertälje. Bolaget bedriver lokalvårdsverksamhet med 7 anställda (2025). Omsättning 3,4 Mkr (2025). Styrelseledamot: Anna Danuta Semerak. Öppettider mån–tor 08:00–17:00, fre 08:00–15:00.",2010,Anna Danuta Semerak,7,Aktiebolag,Ja,5,3,,,F-skatt|Momsregistrerad,,,Svenska,,https://maps.google.com/?cid=8171047586034075610,ChIJAQAAwJ6jX0YR2sdfyHxkZXE,"High — org.nr, address, employees, financials confirmed via bolagsfakta.se, hitta.se och syna.se; no website or email found publicly",https://www.bolagsfakta.se/5568275647-A%26M_Hemservice_i_Stockholm_AB|https://www.hitta.se/verksamhet/aochm-hemservice-i-stockholm-ab-flcssydh|https://upplysningar.syna.se/foretag/5568275647/am-hemservice-i-stockholm-ab,2026-07-25
Tibs Städtjänst AB,Tibs Städtjänst AB,556402-1136,Odalvägen 3,151 52,Södertälje,Södertälje Väst,070-558 12 49,info@tibs.se,https://www.tibs.se/,"https://static.wixstatic.com/media/1eb41a_98577e84e090416d9e839176f43b158f~mv2.png/v1/fill/w_192,h_192,lg_1,usm_0.66_1.00_0.01/1eb41a_98577e84e090416d9e839176f43b158f~mv2.png",https://places.googleapis.com/v1/places/ChIJQR_G9rINX0YRqgIlXx2D2wo/photos/AaVGc3mzXMxYwmEP9GD6WZHDlgXvf1YMgumN9VC_ssI1TpFivk50kPpbtNo_kvgFOPI_RXLQv7-jGCuGgY2rNJGoVANsKuBn-Sb9HophSzryiIsi_R0OR1opfnJQBz6yj_fcV_zGGAkNMKz_HXUqrpy-lp0Pka8AolVqLwSfC92Ih2hwdCICr-dsStSVwIPv8W5unYQiZkeIrjvBZ_bZRKEDEw_KQrpBNxULVTqL6ClCsIRqf6kYEawvrgHYxiJgNg3yzen5W4R3I9OmSfrBcpNAgxRGlViKEIGt7uCdkcaPh-ic6EIYOJuXTCYgTQG_OdX5xDfVQiNNqgqnxPgjh0QDlZWj26OTslRDEWk4APsTyrpr774Tr7FVFIrdy90u22m4BRijGjnbmG2s8WaJsaq74m_fdPRDqKOh5uogp-CfLVY/media?maxWidthPx=400&key=AIzaSyAgucJSAxcE0tpOe1l47Xy0Rw4QehRSg94,Hemstädning|Kontorsstädning|Flyttstädning|Byggstädning|Trappstädning|Fönsterputsning|Skola & Förskola|Butiksstädning|Storstäd|Mattvättning|Golvvård|Golvslipning,"Hemstädning: regelbunden städning med fast personal, nöjdkundgaranti och checklist. Kontorsstädning/Lokalvård: anpassade städplaner för företag och föreningar. Flyttstädning: noggrann stadning inför avflyttning med 100% nöjdkundgaranti; täcker Södertälje, Salem, Nykvarn, Gnesta, Huddinge, Järna, Rönninge, Enhörna, Botkyrka. Byggstädning: efter byggnation. Golvvård & golvslipning: maskinstödda metoder. Mattvättning. Skola & förskola städning.",Södertälje|Nykvarn|Gnesta|Salem|Botkyrka|Huddinge|Järna|Rönninge|Enhörna|Stockholm söderort,"TIBS Städtjänst AB är ett väletablerat städföretag med lång yrkeserfarenhet i branschen, grundat 1990. Bolaget utgår från Södertälje och har uppdrag i hela söderort och Stockholm. Ambitionen är att ständigt uppfylla kundens krav på kvalité, effektivitet och tillgänglighet. Personalen är försäkrad och bakgrundskontrollerad via polisens register. Miljöklassade produkter används. Samma personal utför samma uppdrag i möjligaste mån. Nöjdkundgaranti med checklistebaserad kvalitetskontroll. 2 anställda (2025), omsättning 1,76 Mkr.",1990,,2,Aktiebolag,Ja,5,1,,,F-skatt|Momsregistrerad|Ansvarsförsäkring|Polisregisterkontroll av personal,Webbformulär på tibs.se eller telefon 070-558 12 49; kostnadsfritt hembesök innan avtal,Offertbaserat; RUT-avdrag tillämpas,Svenska,,https://maps.google.com/?cid=782363122452464298,ChIJQR_G9rINX0YRqgIlXx2D2wo,"High — website, org.nr, email, phone, services alla bekräftade via tibs.se och hitta.se",https://www.tibs.se/|https://www.hitta.se/verksamhet/tibs-stadtjanst-ab-cpbhmmoxy,2026-07-25
Orkidé Städfirma,Orkidé Städfirma,19860424-****,Hövdingevägen 17,151 51,Södertälje,Södertälje Väst,,,,https://www.google.com/s2/favicons?domain=google.com&sz=128,https://places.googleapis.com/v1/places/ChIJn_jdfa8TX0YRQc2xMCrwLtI/photos/AaVGc3m4vsh4CIDFOJixtkhGWcq7XWZZWR2C77bikcRYySAvVdvp69HiDx5plnGTgkZu3NaaVPQwUXdFs8QVCEaRlV56pdeRW7LW7OJk8JZmUWWgcuzVztJX9312B_lx2rKjoljrfZBnBQ8Yz2VDSpmFC_mxAqhyE8SMArQEDcwfz3VsP5Hdy5jtSgEVvIZ1oG263gdT_ZH3paQtSOHLgHIpNYJLkeIVo7lTAdnm0rQ_8MpqXA23ID8-b4echvdDGvk0xCCippgqmvRSxKOlLMByG0RjJuk0og4ZBJ9c7dWkXaIzR5uwxD6IQut4e7P9Bs5chEFPvgNfX8_CcFo4sxMIQBBS9feS6aExNsJKx4W0GNnZT7ezsivfP6BlVMJ2cXyaTOENZZeurBqMQhEhJRVVuqB04tLsmYSc12N0cV-J9EW9oURdf3-fQK4A1L4V975Y/media?maxWidthPx=400&key=AIzaSyAgucJSAxcE0tpOe1l47Xy0Rw4QehRSg94,Lokalvård|Hemstädning|Administrativ service|Personaluthyrning,"Administrativ service, uthyrning av personal och lokalvård (SNI 81.21). Registrerade aktiviteter inkluderar även måleri/glasning, landskapsvård och detaljhandel.",Södertälje,"Orkidé Städfirma är en enskild näringsverksamhet i Södertälje, registrerad 23 maj 2019. Registrerad adress: Spjutvägen 2, 15151 Södertälje (registeradress); verksamhet även listad på Hövdingevägen 17 via Google Maps. Bedriver lokalvård, administrativ service och personaluthyrning. Ej momsregistrerad.",2019,,,Enskild näringsverksamhet,Okänt,5,3,,,,,,Svenska,,https://maps.google.com/?cid=15145306660889808193,ChIJn_jdfa8TX0YRQc2xMCrwLtI,"Low — org.nr delvis dold (personnummer-baserat), ingen webbsida, ingen kontaktinfo; registerdata från datreal.com; gap: telefon, email, fullständigt org.nr",https://datreal.com/en/se/company/12c6662beab131d4,2026-07-25
Städpulsen AB,Städpulsen AB,556735-4799,Lännockvägen 2,152 42,Södertälje,Södertälje Nord,0775-33 30 11,info@stadpulsen.se,https://www.stadpulsen.se/,https://www.google.com/s2/favicons?domain=stadpulsen.se&sz=128,https://places.googleapis.com/v1/places/ChIJ50YeKdENX0YRR3cyQXITRAA/photos/AaVGc3lWnqwu0Rse_DJUpxfMJpUO0GKi7qurhdb1bj3XEn331G1A2EGnQpRBWeZjsEJc1pDHOmAiVY2hOMFIftpaZfV6icX52u68GcCjT8NnPNSM6F8SuEayuDX5VOgXo_rDu5rhagN9CjY0hdSRi5TBIoiyljibTlPoiwYXSDhZRM0XObDrTTTrrOSji-QSdRlqlzudWVR_XsojiXlR2MNd0WyKt_hAV7wjIW5sNa38YYK6mvgLU8-KL96F7TFNB4my3KVP0hCuzFuNjHPYhvYgqhjwgDUa6b-1LLekW_Gzwt75aht6_MbR6vHmpGvU9c8NwAhuhgWLqD5-cXYzj-T50QFrzSo0EDjVI28bqOzjgVdXfQ5V76cxdYRnIFS9VcKGPHMahODY0b0NnsRc0Jo_7xE51qs34xtgwfzwQj1Ctpk/media?maxWidthPx=400&key=AIzaSyAgucJSAxcE0tpOe1l47Xy0Rw4QehRSg94,Hemstädning|Storstädning|Flyttstädning|Fönsterputs|Kontorsstädning|Fastighetsstädning|Trappstädning|Skola & förskola städning|Golvvård,"Hemstädning: regelbunden, auktoriserad Svanenmärkt städning anpassad efter kundens önskad frekvens (varje, varannan eller var fjärde vecka) eller engångsstädning. Storstädning: grundlig rengöring. Flyttstädning: redo för besiktning. Fönsterputs: kristallklart, fläckfritt. Trappstädning: för bostadsrättsföreningar och flerbostadshus. Kontorsstädning och fastighetsstädning. RUT-avdrag hanteras direkt på fakturan.",Södertälje|Mälardalen|Stockholm|Uppsala|Göteborg|Halland|Skåne,"Städpulsen AB är ett Svanenmärkt och auktoriserat städföretag med mer än 20 års erfarenhet och kontor bl.a. på Lännockvägen 2, Södertälje samt Isafjordsgatan 5, Kista. Ingår i koncernen Serviceföretaget PIMA AB. Över 1 500 verifierade kundomdömen på Reco, rankade bland Sveriges topp 10 städföretag. Kollektivavtal, fullt försäkrad personal, utbildad via intern plattform. Ingen bindningstid.",,,,Aktiebolag,Ja,3.9,7,,Reco: topp 10 Sverige (1 500+ verifierade omdömen),Svanenmärkt|Auktoriserat städföretag|Kollektivavtal,Webbformulär på stadpulsen.se eller telefon 0775-33 30 11 eller e-post info@stadpulsen.se,RUT-avdrag dras direkt på fakturan; ingen bindningstid; pris via offertformulär,Svenska,,https://maps.google.com/?cid=19161679857350471,ChIJ50YeKdENX0YRR3cyQXITRAA,"High — webbsida, org.nr, telefon, email, certifieringar, kontorsadress i Södertälje alla bekräftade",https://www.stadpulsen.se/|https://www.allabolag.se (Städpulsen AB 556735-4799),2026-07-25
VYRA Fönsterputs,,,Erikshällsgatan 63,151 46,Södertälje,Södertälje Väst,,,,https://www.google.com/s2/favicons?domain=google.com&sz=128,https://places.googleapis.com/v1/places/ChIJpYxGW24TX0YRXyzC04D3imo/photos/AaVGc3kdp66y8i7nYrbXQTJ0MRmx4eG2p-OOFumZX_R1YA3pHhQZ2xU4f2wYO7Wo6w05JDGAtFQIDvwwaPB31M-w05HecKi8YkGZPRNUATgdzd8GSi7wAj0ssmDzT1D0zIV89opzOVIyi3LF1iCVTM1JHrzr7DaaNv0RdwmHwZptenaoB7WlBBdc0J-zeuKR81GPMtQ7nLnjdQPpaKO3RVleKaw8Hd3ozdvveULvtSnYaaqgV2Ru_7l6978E9nPZguIvhpBLOoXLlS3JbwTxJW1H6o2CL-5A02GnpwAGArcTx8GPgIX9e7o-vmX3m-LZXNJ2N2gCIniB4dB8cmnybU8nlRDCruYxXM7DXkr4OXsY533VSLS_IIRQKShV1gjKe6zFM6p7GKj1VqcJIqNP64S4ros_STxLiz0N-voQzyI-dVejlq4luNbpc2QWuCrXJriJ/media?maxWidthPx=400&key=AIzaSyAgucJSAxcE0tpOe1l47Xy0Rw4QehRSg94,Fönsterputs,Fönsterputsning i Södertälje. Specifika tjänstebeskrivningar ej tillgängliga från offentliga källor.,Södertälje,"VYRA Fönsterputs är verksam i Södertälje med adress Erikshällsgatan 63, 151 46. Företaget är listat på Google Maps med 12 recensioner och betyg 5,0. Ingen webbsida, telefon eller registreringsuppgifter hittades i offentliga källor vid sökning 2026-07-25.",,,,,Okänt,5,12,,,,,,,,https://maps.google.com/?cid=7677220647487024223,ChIJpYxGW24TX0YRXyzC04D3imo,"Low — enbart Google Maps-data; ingen webbsida, org.nr, telefon eller email hittad; Vyra AB (559526-5850) i Göteborg är ett annat bolag; gap: alla kontakt- och registreringsuppgifter",Google Maps (place_id ChIJpYxGW24TX0YRXyzC04D3imo),2026-07-25
Kontorstädning Eskilstuna Städfirma Eskilstuna,,,Källgatan 4A,632 26,Eskilstuna,Centrum,,,,https://www.google.com/s2/favicons?domain=eskilstuna.se&sz=128,,Kontorstädning|Städfirma,"Kontorstädning och allmänna städtjänster i Eskilstuna. Källgatan 4A är en bostadsrättsfastighet (Brf Facklan) med även hyreslokaler, varför firmanamnet sannolikt avser städning av lokaler i byggnaden.",Eskilstuna,"Verksamhet registrerad under firmanamnet 'Kontorstädning Eskilstuna Städfirma Eskilstuna' på adressen Källgatan 4A i centrala Eskilstuna (Brf Facklan, byggd 1959). Ingen webbplats eller registreringsinformation hittades i offentliga register vid sökning.",,,,,Okänt,5,1,,,,,,,,https://maps.google.com/?cid=7790985961920379712&g_mp=Cidnb29nbGUubWFwcy5wbGFjZXMudjEuUGxhY2VzLlNlYXJjaFRleHQQAhgEIAA,ChIJaaXh1s7zXkYRQLtRNnQkH2w,Low — ingen webbplats eller registreringsdata hittad; Google Places-post saknar ytterligare info,Google Places|hitta.se (ej funnen)|allabolag.se (ej funnen),2026-07-25
Pigan - Din underlättare i vardagen,Underlättaren AB,556796-6873,Fraktgatan 9,633 46,Eskilstuna,Årby,016-14 01 20,,,https://www.google.com/s2/favicons?domain=underlattaren.se&sz=128,https://places.googleapis.com/v1/places/ChIJ4_fRDFbtXkYRCDWWBLPRVLE/photos/AaVGc3lduQfSoWyOkaPU-bJhyjRdqQnkYOnuYYu3QPDBkeiKDDdkg5myfQBqdDBxLmfnLhxZ4NqmjtUMCqKF3RQp99gUpM-JFMv4aTMUhB68edXFxnAtDXz76xU6V8hFvNPuYvlgpUpCIvImiefZ84jvuyitIyK2BxyVX99eSx0iyozr04ewGOmkga_2rqb_qBgDL8WUG67o3-AW7RaY14PxnItZ_EfO_Qa5FQ9oUenNiL7JiWjSnovaNqGnOocp7S7NsA2rD3X94nspYsunN2SvMkJ3G4j2i4iRDIFgQZPSIxt1qOFxwkc6kBtcrI7W7SylUfX-LF9tFi3qyKYmG3xxHOtxH8XqO5uTMcAL7dYOdvnBXfyYY2L7s8StQTSM6N8NXIynpwUPUNPvEvzIiGYKTEnL0adx6FAb0k50rmYeJcvSoxwv/media?maxWidthPx=400&key=AIzaSyAgucJSAxcE0tpOe1l47Xy0Rw4QehRSg94,Lokalvård|Hemstädning|Kontorsstädning|Flyttstädning|Fastighets­städning,"Pigan – din underlättare i vardagen som med respekt, kunskap och ansvar förvaltar förtroenden och genom praktiskt stöd och stimulans förstärker livskvalitet och glädje. Erbjuder hemstädning, kontorsstädning och flyttstädning till privat- och företagskunder.",Eskilstuna,"Pigan (handelsnamn) drivs av Underlättaren AB (org. 556796-6873), aktiebolag registrerat 2009-12-10. Moderbolag: SSG Facility Services AB. Verksamheten är lokalvård och fastighets­städning i Eskilstuna. Bolaget hade 8 anställda 2021 och omsatte ca 4,2 MSEK samma år. Status: bolaget är upplöst genom fusion (SYNA 2022).",2009,,8 (2021),Aktiebolag (upplöst genom fusion),Ja,5,1,,,,Telefon,,Svenska,,https://maps.google.com/?cid=12778068609563243784&g_mp=Cidnb29nbGUubWFwcy5wbGFjZXMudjEuUGxhY2VzLlNlYXJjaFRleHQQAhgEIAA,ChIJ4_fRDFbtXkYRCDWWBLPRVLE,"Medium — registry data bekräftad via hitta.se/SYNA; obs. bolaget upplöst via fusion, Google-post kan avse efterföljare",hitta.se|SYNA (en.syna.se)|allabolag.se (ej direkt funnen men bekräftad via hitta.se),2026-07-25
Venus Service Eskilstuna,,,Tallåsvägen 3A,632 31,Eskilstuna,Fröslunda,,,,https://www.google.com/s2/favicons?domain=venus-service.se&sz=128,https://places.googleapis.com/v1/places/ChIJMyp64KvyXkYR6b3IhdIbSA8/photos/AaVGc3leEWGZVnr38bXfWE5jpJs4UdFnyDjWU9Nd7U4ILh8JICZWP8VMQjD_Z--ZcoXKg4eFVUsTleSu1mpJ-8R1OWLOh2p8DWi3TvsfS1x3GP9-tJQIca59q3NOIckDNUuuYzL-Oa4XUk1M5jNBxGoT6scVuoriAGy5d2BYee3DTiknKpubDngci9qfEghVq8cWISi9JUiygSPDnO1GvMaDLH7wC5G_NjJyo1gUcqlQPERlnf4VRAfUMSEhGYzVrTT8PVe9l6vmyGG9eIKxeK-7uX9Pw3mxPrnyEzPdjkhho8-bd3Ehx5veuXb-W7-7Wqu0O3HNiH9vXGhZB5pygNaEW_HHYJfvDZbD-jBW3jPJcKC01Gvuca38jZHitvHY-B89jeZ50HrdR7sJUSaEpIBg1l-p4lyHTLZJ90JfBGm1bpPIXA/media?maxWidthPx=400&key=AIzaSyAgucJSAxcE0tpOe1l47Xy0Rw4QehRSg94,Hemstädning|Städning för privatpersoner|Städning för företag,"Venus Service Eskilstuna vänder sig till privatpersoner och företag som behöver höja kvaliteten i deras liv och verksamhet. Hjälper kunder att få vardagen lite enklare och roligare, med mer tid för det som är viktigt. Ägaren är eget företagare med bakgrund från Rumänien.",Eskilstuna,Enskild firma som driver hushålls- och servicetjänster i Eskilstuna under varumärket Venus Service Eskilstuna. Ägare/innehavare: Luiza (LinkedIn-profil). Öppet dygnet runt enligt öppettider.nu. Ingen formell registry-träff med org.nummer hittades.,,Luiza,,Sannolikt enskild firma,Okänt,5,1,,,,,,Svenska|Rumänska,https://linkedin.com/in/hush%C3%A5lls-tj%C3%A4nster-luiza-b9145765,https://maps.google.com/?cid=1101160699893693929&g_mp=Cidnb29nbGUubWFwcy5wbGFjZXMudjEuUGxhY2VzLlNlYXJjaFRleHQQAhgEIAA,ChIJMyp64KvyXkYR6b3IhdIbSA8,"Low — ingen webbplats, inget org.nummer hittad i register; uppgifter från LinkedIn och öppettider.nu",LinkedIn (Luiza/Venus Service)|öppettider.nu|Google Places,2026-07-25
Tuna Sanering AB,Tuna Sanering Aktiebolag,556526-8066,Nystrandsgatan 31,633 46,Eskilstuna,Årby,016-14 71 90,tuna.sanering@telia.com,https://www.tuna-sanering.se,https://www.google.com/s2/favicons?domain=tuna-sanering.se&sz=128,,Vacuumsanering|Högtryckstvätt|Rengöring av produktionslokaler|Slamsugning|Högtrycksspolning,"Vacuumsanering med sugbilar: grundlig rengöring i alla typer av miljöer inkl. tak, pannor, silos och ugnar. Rengöring av verkstads- och produktionslokaler. Högtryckstvätt av maskiner, pannrum och fasader. Slamsugning och högtrycksspolning av oljeavskiljare och avlopp. Riktar sig primärt till tung verkstadsindustri men välkomnar alla kunder.",Eskilstuna|Västerås|Mälardalen,"Tuna Sanering AB grundades 1975 som underavdelning till ASAB med specialinriktning på industrisanering. ISS köpte ASAB 1992. År 1996 såldes saneringsverksamheten i Mälardalen till Tony Skau (f. 1958), som är ägare än idag. Över 40 år i branschen. 5 anställda. Omsättning 2024: 6,3 MSEK. Samarbetspartners: Arboga Miljötransport, M4, SUEZ.",1975,Tony Skau (köpte bolaget 1996),5,Aktiebolag,Nej,5,1,,,,Telefon|Kontaktformulär på webbplats,Konkurrenskraftiga priser; kontakta för offert,Svenska,,https://maps.google.com/?cid=17200787932639943256&g_mp=Cidnb29nbGUubWFwcy5wbGFjZXMudjEuUGxhY2VzLlNlYXJjaFRleHQQAhgEIAA,ChIJOdNXPy2NXkYRWFrUtX15te4,"High — webbplats bekräftad, allabolag.se och bolagsfakta.se bekräftar alla registreringsuppgifter",tuna-sanering.se|allabolag.se (556526-8066)|bolagsfakta.se,2026-07-25
BILNAD,BILNAD,910326-XXXX-00001,"Björkhultsvägen 8 A, lgh 1202",632 29,Eskilstuna,Fröslunda,,,,https://www.google.com/s2/favicons?domain=bilnad.se&sz=128,https://places.googleapis.com/v1/places/ChIJlaIrYSjzXkYRu74Q4rBYNoc/photos/AaVGc3mbjD0CZXBhsDj39Vk8CDG886SGIVBee5deFcOEdRd-Hc-cnVkja3VG0IcYhCz1frSTn-1sPSu6kth9MweRTlYbFMiphZhYscKbl6j06Q__QH0iv9g77hRSJpA4gnwlgfeS7vMl_XA128LH4A7xsPeWGw62c1jz_czNCZ4tH_eB1XQA79ZxKpy8pWPe4PK_DxsDcBbZFvCAH9ZvPXnC2QdkN5aybIqUywKUYDUa5xq-qjz7I-t7WGDSqy0fonIddOddSuV4IKrpcSoUFeZyK8AwVzzsg24luJJT2EtINAuzDAplJ9aWK-Dp-iEZxPCpjj54HmfQnpH740J1TE-kHXhOBw5tWDIg7x1f1kuFKO4nfRhvYnAFsimwaCE4eErdiVvxhnbed2X0d_OlR4oMrON376XMHxdTfqXc9sDh1oJWkw/media?maxWidthPx=400&key=AIzaSyAgucJSAxcE0tpOe1l47Xy0Rw4QehRSg94,Hushållsstädning|Hemstädning|Kontorsstädning|Restaurangstädning|Flyttstädning,"Städverksamhet med fokus på hushållsstädning, hemstädning, kontorsstädning, restaurangstädning och flyttstädning. Enskild firma registrerad för SNI 81210 (Lokalvård).",Eskilstuna,BILNAD är en enskild firma (enskild näringsidkare) registrerad 2024-09-11 i Eskilstuna av Muhammad Bilal Ahsan (f. 1993). Registrerad för moms sedan 2024-06-04 och F-skatt. Nystartat bolag utan registrerade anställda. Adressen är en bostadslägenhet i Fröslunda/Björkhultsvägen.,2024,Muhammad Bilal Ahsan,0,Enskild näringsidkare,Ja,5,2,,,,,,,,https://maps.google.com/?cid=9743072360592883387&g_mp=Cidnb29nbGUubWFwcy5wbGFjZXMudjEuUGxhY2VzLlNlYXJjaFRleHQQAhgEIAA,ChIJlaIrYSjzXkYRu74Q4rBYNoc,Medium — Ratsit bekräftar registreringsuppgifter; ingen webbplats hittad; org.nummer delvis maskerat i register,"ratsit.se (BILNAD, uppdaterad 2026-07-25)",2026-07-25
4Y Flytt & städ Sverige AB,4 Y Flytt & Städ Sverige AB,559328-5108,Hejargatan 2,632 29,Eskilstuna,Fröslunda,+46 10 214 63 53,,https://www.4yflytt.se,https://www.google.com/s2/favicons?domain=4yflytt.se&sz=128,https://places.googleapis.com/v1/places/ChIJc3ma9a7_XkYRNPe9f4XRoZo/photos/AaVGc3kcPO_uMO98VhXw9pzJ9cL-wrOBoKOEOgiTYB4_OFv9te82p6M2GjIw3K0t0Lru2DLzYx2ma84sdTdiK9oQhRqlhFG27Quak0FKQhV6AX78wddNJdwZRZ9Rtd9cgQcaNixkYTgPavBojTpk1ICPXBTURX0rQJi1gEm_g9FAZLJuMHkPsk739je4uOvDOBkqMu96izg_NgLm_Rcwfud84UYHhPWbqSpJCQZNgs5J5SRn9byyemez-Yu-H3CgKamlAVQaslLUttOdRe7q1vdnzIJQNGnL53bZ_cM_BWWBZYI9p3u0ISXw5zziONQZjx00QqDZx42KXfhMLXZczQfoCnXZbo3SyUPxTXyGmz9bGGlANGOxvTuFvxmWMpkUfsHyO-AsiN4nN1BE3HJn8MuKwbDwA81Im6K1wvRl7ImglIzQFw/media?maxWidthPx=400&key=AIzaSyAgucJSAxcE0tpOe1l47Xy0Rw4QehRSg94,Flyttstädning|Hemstädning|Fönsterputsning|Flytthjälp|Magasinering|Kostnadsfri rådgivning,"Professionell flytt och städning i Mälardalen. Erbjuder flyttstädning, hemstädning/återkommande städ, fönsterputsning, flytthjälp och magasinering till privatpersoner och företag i Eskilstuna och regionen.",Eskilstuna|Mälardalen,"4 Y Flytt & Städ Sverige AB registrerades 2021-07-22 av Muhib Khalil Farzat (f. 1992), styrelseledamot; Rawya Farzat är styrelsesuppleant. Aktiebolag med 3 anställda. Verksamhetsbeskrivning: lokalvård (städning, flyttning). Omsättning 2024: 6,9 MSEK. Bolaget har 2 lättlastbilar och 1 personbil registrerade.",2021,Muhib Khalil Farzat,3,Aktiebolag,Ja,4.4,161,,4.4/5 (50 omdömen på Alla Flyttfirmor),,Telefon|Webbplats,Kontakta för offert,Svenska,,https://maps.google.com/?cid=11142417324395329332&g_mp=Cidnb29nbGUubWFwcy5wbGFjZXMudjEuUGxhY2VzLlNlYXJjaFRleHQQAhgEIAA,ChIJc3ma9a7_XkYRNPe9f4XRoZo,"High — webbplats bekräftad, allabolag.se och SYNA bekräftar alla registreringsuppgifter",4yflytt.se|allabolag.se (559328-5108)|SYNA|flyttspecialisten.se|allaflyttfirmor.se,2026-07-25
Eskilstuna Flytt & Städ AB,Mästar Bilvård i Eskilstuna AB,556687-0662,Helgestagatan 5,633 46,Eskilstuna,Årby,016-544 05 77,,https://www.eflytt.se/,https://www.eflytt.se/eflytt-og-logo.png?v=3,https://places.googleapis.com/v1/places/ChIJtY5DtYDzXkYRBWgvmMKosTw/photos/AaVGc3kxqX_InXGMkd_HMd7gcw63x_BHsXULH7xFoXMrokJY5gEVgApq890V059Y0J1r9W_4OuRvHP_CuPquB-FgQCMET5UeOK49t1W0mmiqL-ZZchSivX9_mbW9aWSXgNfdE4-s1-RZs2YhiUFdlvl8IIsFa8gNvpMzo9hJtq_45TWcVs1GN4bVMRbJXpGm5j0wrtPxfgdoy2x4_--f39ZsHqFRgK8usNd5Q_WzkuX_teCsX7Q3wgeSnyvjsANBxHpk3iYJRUX7-Az-iIMfRgpYxTtbe568gBf2Fs_JlNBb5JnzuSe4NyClskZaQYgR7MdPrR3GY2erhvGsREkQhhLY0nCHM3aBoS7ZWVW-xj24GoyidPpdfaK86KGDMBo_omcRZrpvW3nBtTE0ZP5aAfR-2jYA1_OWX3InOPQKWsTv-iGH7Rsf7jqD3M6MoWBeKA/media?maxWidthPx=400&key=AIzaSyAgucJSAxcE0tpOe1l47Xy0Rw4QehRSg94,Flytthjälp|Flyttstädning|Hemstädning|Fönsterputsning|Grovstädning|Packning|Uppackning|Tömning|Nedmontering & Montering|Magasinering|Pianoflytt|Bärhjälp,"Bohagsflytt för privatpersoner och företag med helförsäkring. Tre paket: Standard (3-5 h), Premium (5-8 h), Deluxe (8-12 h inkl. flyttstäd och packning). RUT-avdrag gäller. Gratis hembesök och offert. 10% rabatt på första flytt.",Eskilstuna|Södermanland|hela Sverige,Eskilstuna Flytt & Städ AB är en professionell flytt- och städfirma i Eskilstuna med omnejd. Verksam sedan 2005. Branschvinnare 2025. Över 1 000 nöjda kunder och 1 000+ genomförda uppdrag. 8+ års erfarenhet. Helförsäkrade transporter. Digital signering av offerter och fakturor.,2005,,4,Aktiebolag,Ja,4.9,354,"Städningen utfördes noggrant och proffesionellt (Reco)|Excellent service, very professional (Reco)|Riktigt och professionellt arbete, jätte trevliga och hjälpsamma personal (Reco)",Reco 4.6/5 (148 omdömen)|AllaFlyttfirmor 4.6/5 (50 omdömen),Trafiktillstånd (Transportstyrelsen)|Branschvinnare 2025|Hållbara Flyttar (miljöpartner),Online via eflytt.se|Telefon: 016-544 05 77|Cliento bokningsplattform,"Fast pris per paket. Standard, Premium, Deluxe. RUT-avdrag gäller. Betalning via Qliro delbetalning, Swish eller kreditkort.",Svenska|Engelska,,https://maps.google.com/?cid=4373462266883827717&g_mp=Cidnb29nbGUubWFwcy5wbGFjZXMudjEuUGxhY2VzLlNlYXJjaFRleHQQAhgEIAA,ChIJtY5DtYDzXkYRBWgvmMKosTw,"High – webbplats bekräftad, org.nr verifierat via hitta.se (legal name är Mästar Bilvård i Eskilstuna AB som handlar under varumärket Eskilstuna Flytt & Städ AB), adress på hitta.se är Lagerkvistsgatan 6 (operativ adress) vs Helgestagatan 5 (Google-adress)",https://www.eflytt.se/ | https://www.reco.se/eskilstuna-flytt-stad-ab | https://www.hitta.se/verksamhet/eskilstuna-flytt-och-stad-ab-icosxzam | https://cliento.com/business/eskilstuna-flytt-stad-ab-1830/,2026-07-25
Flytt & Städ AMA Sverige AB,Flytt & Städ AMA Sverige AB,559278-6643,Bergsgatan 20,632 26,Eskilstuna,Centrum,019-44 60 66,info@flyttama.se,https://www.flyttama.se/,https://www.flyttama.se/uploads/2022/02/logo.png,https://places.googleapis.com/v1/places/ChIJJWJk0Y7zXkYR9wwGgyjsExY/photos/AaVGc3mS3lDlRnZdySieNOU0bqoGXdJCyJ4lnnltKrshIM_OAKFQUj0BoeUtxWerrzuVzn44C9zKEvhlwGxnUDKgbvx3TEdGbOmpkaaibFMDCpHlVONFsC0cvGEtjvZanyevRGKpoRXJ2zByjiIFQh8HZKGxDvvghVEDg-v-0k_RybvmWsqNQcuioWnYjfeTRQs17Hb0uDpJaUaGikW8fmLzN2lGGnGJIM14poPa4za25muXrjAQD5_9ZGHH4JuXJVGCulUaRbY7MyrhP2_rHuYD6oUcgp_isNJ7EytYIO1NOLYvEJc7MeW1fsUNYRAzepgTYbFh0MuAQgh4Ki89o9MDvif6pNG6IOLlziND2wsOx2XZ55y-hOyYZeHQ3JZjABK9G_ilZa0fmPdHtdsurp6Rd5EzA4CDmVK2OUBnk__B53zGYQ/media?maxWidthPx=400&key=AIzaSyAgucJSAxcE0tpOe1l47Xy0Rw4QehRSg94,Bohagsflytt|Flyttstädning|Kontorsstädning|Kontorsflytt|Hemstädning|Byggstädning|Fönsterputsning|Packhjälp|Pianoflytt|Magasinering|Bortforsling,Alltid fast pris. Bohagsflytt för privat och företag. Fönsterputs ingår vid städuppdrag. Ansvarsförsäkring upp till 10 000 000 kr. Trafiktillstånd via Transportstyrelsen. RUT-avdrag 50% på arbetstimmar.,Eskilstuna|hela Sverige,"Flytt & Städ AMA Sverige AB är ett pålitligt flytt- och städföretag registrerat 2020 med huvudkontor i Kungsör och verksamhetsadress i Eskilstuna (Bergsgatan 20). Erbjuder helhetstjänster från packhjälp och montering till flytt, magasinering och städning. Fast pris och inga dolda avgifter.",2020,Mohamad Alahmad,3,Aktiebolag,Ja,4.7,70,"Mycket fint bemötande och varsamma med möblerna (Google)|Snabba och smidiga, riktigt trevliga personal (Google)|Bra service! Tung pianoflytt gick utmärkt (Google)",,Trafiktillstånd (Transportstyrelsen)|Ansvarsförsäkring 10 Mkr,Telefon: 019-44 60 66|E-post: info@flyttama.se|Offertformulär på flyttama.se,Fast pris. RUT-avdrag 50% på arbetstimmar gäller. Inga dolda avgifter.,Svenska,,https://maps.google.com/?cid=1590874752132975863&g_mp=Cidnb29nbGUubWFwcy5wbGFjZXMudjEuUGxhY2VzLlNlYXJjaFRleHQQAhgEIAA,ChIJJWJk0Y7zXkYR9wwGgyjsExY,"High – webbplats bekräftad, org.nr verifierat via allabolag.se, adress Bergsgatan 20 Eskilstuna bekräftad på webbplatsen. Notera: legalt säte är Kungsör (Torsgatan 9) men operativ adress i Eskilstuna.",https://www.flyttama.se/ | https://www.allabolag.se/foretag/flytt-st%C3%A4d-ama-sverige-ab/kungs%C3%B6r/%C3%A5kerier/2KHSTSJI5YIR3 | https://www.flyttama.se/kontakt/,2026-07-25
UNICLEAN ESKILSTUNA,Uniclean,559359-4178,Björkhultsvägen 37A,632 29,Eskilstuna,Fröslunda,076 136 35 77,bokning@uniclean.nu,https://uniclean.nu/,https://uniclean.nu/wp-content/uploads/2025/10/cropped-WhatsApp-Bild-2025-02-22-kl.-21.11.39_a6679406-150x150.webp,https://places.googleapis.com/v1/places/ChIJxWsx2hDzXkYRmRHsuok4LAY/photos/AaVGc3lg_7Tep2_MxxqbTkjA9oZb21HxVe0IMHsOVRLRnMAzwPyosrDluIJA_g_DPfRA8qFB3fy9neno10OUu2GSvMBECWQ22hL-8Otrj_YSKcu4XHxiQvsjsVzT0JKWFz8CM3WQtM0h3tKrRkn3KUUlUT8ZhvuRGZyuovxYQNEog6YaUHhe-yrNoFf7sr6vHLZqSVy4bRgufdijH2IjO1dRmJ96yAC-kqDOEcmWwvHmgRZuOXYGz8Q3f2jWUneK_QvDo9LmVsMNB_gnCmo83Pspitn7y0_X_SMPWKXaOql-WPH30Rx5FT5-gV3fTDXWlS2arRUgY3Bg88a8afqKcJx9ovCp7qk50ps718_LLKg6iGYkjX8K0P03dtQkoEeCdrbRFVJEBq0kXeR4KDtz54M4dHDjMrzco4tDItkJQcxQqh5p6120jU32_2fc_-yml43X/media?maxWidthPx=400&key=AIzaSyAgucJSAxcE0tpOe1l47Xy0Rw4QehRSg94,Hemstädning|Flyttstädning|Fönsterputsning|Storstädning|Kontorsstädning|Matt- och möbeltvätt,"Professionell hemstädning med 98% nöjda kunder. Offert inom 24h. Bokningsformulär online för hemstädning, flyttstädning och fönsterputsning. 4.9 stjärnor av 58 Google-recensioner.",Eskilstuna,"UniClean Eskilstuna är ett städföretag som erbjuder professionell hemstädning, flyttstädning och fönsterputsning. 98% positiv feedback. Registrerat 2022. Topp städföretag 2025 enligt plattform.",2022,,1,Aktiebolag,Okänt,5,28,"Bästa städfirman med de bästa personalen (Google)|Rekommenderas! Många fönster med spröjs var inga problem (Google)|Super professionella noggrann, detaljerade och trevliga killar (Google)",,Topp städföretag 2025,Online via uniclean.nu|E-post: bokning@uniclean.nu|Telefon: 076 136 35 77,Offert inom 24h baserat på kvm och antal fönsterrutor,Svenska,,https://maps.google.com/?cid=444792627400544665&g_mp=Cidnb29nbGUubWFwcy5wbGFjZXMudjEuUGxhY2VzLlNlYXJjaFRleHQQAhgEIAA,ChIJxWsx2hDzXkYRmRHsuok4LAY,Medium – webbplats uniclean.nu bekräftad och matchad via Google Maps. Org.nr 559359-4178 hämtat från Alla Städföretag-listning (Mariefred/Eskilstuna); google-adressen Björkhultsvägen 37A Eskilstuna kan vara en annan arbetsadress. Legal name osäkert.,https://uniclean.nu/ | https://www.xn--allastdfretag-gfb6y.se/foretag/jvnscnc-ab,2026-07-25
Smidig Flytt 365 AB,Smidig Flytt 365 AB,559540-3337,Pressargatan 12,632 29,Eskilstuna,Fröslunda,08-27 09 09,info@smidigflytt365.se,https://www.smidigflytt365.se/,https://www.smidigflytt365.se/logo.png,https://places.googleapis.com/v1/places/ChIJiXDtkIHtXkYR5KhUUcOfQZo/photos/AaVGc3lWYwiX7JJ6m-QUKBfUxHQRt44quCYc4KyDcmiUL6edwqgyGq01r5vJGgqd6TW1Mn-HA5PesZuVW10_OwCppzEzFpBxASpZWD47aNhJYx7XMtH06dWxFtbyOTi8hlCJdU1JBkMXZYGPqgjburSJEEB57W1DXC_3EGYQBYYXvrB1VsWAwmxRv_J1P5NPG_EBgF6oq1nG9tNbCiLb1VDHKN_SSI09YLJzNjjIKGuwiPbjW4a-qHNGM2drY51joaHkcKBNLQp2sA-09YFXHN5dl6AIeez03OQ7UbP-_7DPOJfPCe0IFwCn75hxpLpZaIssBil0BOs0wbLyK4EJOEOTAqpeOaPsZKrLjKucasIXC51yoWZZJFTOYVNQnjAC9NwFjbxQ6V3EVr3oBuXFF4sPPpW88UNCAZxw0lmLV3BLueX5Ufo_l1qKgUpIxzdWV629/media?maxWidthPx=400&key=AIzaSyAgucJSAxcE0tpOe1l47Xy0Rw4QehRSg94,Bohagsflytt|Företagsflytt|Utlandsflytt|Bärhjälp|Packhjälp|Bortforsling|Magasinering|Flyttstädning|Byggstädning|Fönsterputsning|Hemstädning,"Komplett flytt- och städservice med 10+ års erfarenhet. Fullt försäkrat. Garanterad godkänd flyttstädning. Grundstädning, toppstädning, fönsterputs, ugn och kylskåp ingår. Bohagsflytt inkl. packning, transport, montering. Serviceområde Mälardalen.",Eskilstuna|Mälardalen|Västerås|Stockholm|Södermanland|Västmanland|Örebro,"Smidig Flytt 365 AB är ett flytt- och städföretag med huvudkontor i Eskilstuna, verksam i hela Mälardalen. Registrerat 2025. Erbjuder bohagsflytt, kontorsflytt, utlandsflytt och städtjänster. 100% försäkrat, godkänt för RUT-avdrag, F-skatteregistrerat.",2025,Yelyzaveta Arkhanhelska,,Aktiebolag,Ja,4.9,21,"Fantastisk service i Eskilstuna! Snabb, professionell och prisvärd hjälp (webbplats)|4.8/5 från över 500 recensioner (webbplats, aggregerat)",,F-skatteregistrerad|Fullförsäkrad|Branschcertifierad,Online via smidigflytt365.se|Telefon: 08-27 09 09|E-post: info@smidigflytt365.se,"Offert baserat på boyta, bostadstyp, avstånd. RUT-avdrag 50%. Kvalitetsgaranti.",Svenska,,https://maps.google.com/?cid=11115341016559036644&g_mp=Cidnb29nbGUubWFwcy5wbGFjZXMudjEuUGxhY2VzLlNlYXJjaFRleHQQAhgEIAA,ChIJiXDtkIHtXkYR5KhUUcOfQZo,"High – webbplats bekräftad, org.nr 559540-3337 och adress Pressargatan 12 bekräftad via hitta.se. Bolagsregistrering 2025-08-08 (relativt nytt AB).",https://www.smidigflytt365.se/ | https://www.hitta.se/f%C3%B6retagsinformation/smidig+flytt%20365%20ab/5595403337 | https://www.smidigflytt365.se/om-oss,2026-07-25
NordStäd Service,Lmt Nordstäd Service AB,559493-3706,Kungsgatan 20,632 18,Eskilstuna,Centrum,010-641 03 01,,https://nordstadservice.se/,https://nordstadservice.se/wp-content/uploads/2024/06/cropped-Logo-04-stor-endast-hand-1-scaled-1-32x32.jpg,https://places.googleapis.com/v1/places/ChIJ6ZNhNKo8CioRWjLDLQxXqjU/photos/AaVGc3lBsza07yLhddMWhcie75ZLJ5mD0TZEyHIItHB8yx_noCJd23WyrjFeWkc5Uos-8aYtdncEZ69k4rWvXJANXezLnEaPb9lcilWMtd7ZQTLHZ_zbyw5VxCH2GPyW3njcyMet Bm87IXFVJg6y_1mLpBN65RXiruMqtKkxL5aqzFmSeJ3pRcPtYtlNjJWMg-wTVk5ZzpjkNFJbtlQSCV1dOMz_qQzahSezd_JG5-SLPG6mon3QioNCEozLfd1hKaAXgVMTftW8hoJWSjbts-CmmlP-XneaQRPXUiUccL0oxhyD8g/media?maxWidthPx=400&key=AIzaSyAgucJSAxcE0tpOe1l47Xy0Rw4QehRSg94,Hemstädning|Storstädning|Flyttstädning|Kontorsstädning|Industristädning|Butiksstädning|Fönsterputsning|Trappstädning|Visningsstäd|Dödsbostädning,"Familjeägt städföretag med skräddarsydda tjänster för hem och företag i Södermanland. Hemstädning veckovis/varannan vecka/månadsvis. 14-dagars nöjd kund-garanti på flyttstädning. Miljövänliga produkter med EMAS, EU Ecolabel och cradle-to-cradle certifieringar. Industristäd och butiksstäd kommer snart.",Eskilstuna|Strängnäs|Södermanland,"NordStäd Service är ett familjeägt städbolag i Eskilstuna där service, kvalitet och hållbarhet står i fokus. Registrerat 2024 (Lmt Nordstäd Service AB). VD: Selwan Dawood Ramirez. Använder miljömärkta städprodukter. Omsättning 557 000 kr (2025).",2024,Selwan Dawood Ramirez,0,Aktiebolag,Okänt,5,5,,,EMAS|EU Ecolabel|Cradle to cradle (städprodukter),Offertformulär på nordstadservice.se|Telefon: 010-641 03 01,Konkurrenskraftiga priser. Kostnadsfritt offertmöte för kontorsstädning.,Svenska,,https://maps.google.com/?cid=3866998939869983322&g_mp=Cidnb29nbGUubWFwcy5wbGFjZXMudjEuUGxhY2VzLlNlYXJjaFRleHQQAhgEIAA,ChIJ6ZNhNKo8CioRWjLDLQxXqjU,"High – webbplats bekräftad, org.nr och juridiskt namn verifierat via hitta.se. Leveransadress Rustmästarvägen 53 (kan vara hemadress). E-post ej publicerad på webbplatsen.",https://nordstadservice.se/ | https://nordstadservice.se/vara-tjanster/ | https://www.hitta.se/verksamhet/nordstad-service-hanqrszj | https://www.hitta.se/nordst%C3%A4d+service/eskilstuna/hanqrszj,2026-07-25
Hemfrid i Eskilstuna AB,Hemfrid i Sverige AB,,Rinmansgatan 18,633 46,Eskilstuna,Årby,,,https://www.hemfrid.se/,https://www.google.com/s2/favicons?domain=hemfrid.se&sz=128,https://places.googleapis.com/v1/places/ChIJoR8MhVXyXkYRJCCtc-gLJro/photos/AaVGc3nwtUWZhSrFa6HIuhoBiOuay47Aw745X1-ud6JVfQVdZ1gTWWkmoph1QLMsK-br1jC05FCzB9XBncMRjEokqRYOjsCiuaU4Kr7T9tJnNdXjWwzJw1w7F8CX0bVgu2MvmwjZekJmQr4x-omqaeZlf04bwNrUI5v9ndk2oRSDxeySt1rJ_CwFjUg0EJZS8iyK-TCSzSRkh_3v9flGCsACrlMOsQIIWH_uxXmLyhAVb86HzBRUuoshp806o8SQr1LOoiy3kBeqidylVHs3_f08VP8Robny6vUc74IB50AWm6DcuqjOxFxWNKFr9pizeyinvcHjhIpM6DzoYFb8v4bD1J17LdzWkOsIv9sqvrdN1NrqyipKbjoqLE-Mpuzv2yjdjGQfJFn7Q5tIloOGCMZoPTsre3cG48qbDCGQhMKfIiHMsiFkkyaYNp7B4lnwuOSM/media?maxWidthPx=400&key=AIzaSyAgucJSAxcE0tpOe1l47Xy0Rw4QehRSg94,Hemstädning|Fönsterputsning|Flyttstädning|Storstädning,"Hemstädning med online-bokning. App för om- och avbokning, feedback och instruktioner. Tillsvidareanställda städare med kollektivavtal. Kampanj: Boka hemstädning – få fönsterputs på köpet (gäller t.o.m. 28/6 2026 för nya kunder). Postnummerbaserad bokning.",Eskilstuna,Hemfrid är ett av Sveriges ledande städföretag med lokal närvaro i Eskilstuna. Erbjuder hemstädning med tillsvidareanställd personal och kollektivavtal. Bokas enkelt online eller via app.,,,,Aktiebolag,Ja,4.3,32,,,Kollektivavtal,Online via hemfrid.se|App,Pris baserat på postnummer. RUT-avdrag tillämpas.,Svenska,,https://maps.google.com/?cid=13413421633170645028&g_mp=Cidnb29nbGUubWFwcy5wbGFjZXMudjEuUGxhY2VzLlNlYXJjaFRleHQQAhgEIAA,ChIJoR8MhVXyXkYRJCCtc-gLJro,"Medium – webbplats hemfrid.se bekräftad och Eskilstuna-sida bekräftad. Org.nr och direktkontaktuppgifter för Eskilstuna-lokalen ej tillgängliga i sökning. Rinmansgatan 18 är Google-adress, ej bekräftad på hemfrid.se. Founded_year satt till 0 (okänt för lokal enhet).",https://www.hemfrid.se/hemstadning/eskilstuna,2026-07-25
Talkoo,Kooperativet Talkoo Ekonomisk förening,769605-2153,Gustafsvägen 9,633 46,Eskilstuna,Årby,016-42 24 42,info@talkoo.se,https://talkoo.se/,https://talkoo.se/wp-content/uploads/2020/12/Talkoo_webkopy-1-e1607296798617.png,https://places.googleapis.com/v1/places/ChIJfVnHvkmNXkYRjHT04CyiP38/photos/AaVGc3mT959jvuU1YYQIPleBLGFdgZ6MawK_a4a6dJm5CdB0avNEgIHbo_PezL6vhMZxBZD426Vjz2U7ERDk7StJhhjgX19kxBswqvBaDwT07dlLtjQgm5LCSqg0jrvg5WslMjaEISBCb-cEpSxIw5JxGOQj191q6Vzv_2TKFjSLwe4vppk-L6X9Y1SfoPbaTvQTMjMLe-IV66RVV4S5BxHfYvkdIIyb5a_HZYGl1zY1ScRPQnUNr-4sIzbBScwK0knlscUEOhlhYmG7ZmoJKaP6fDkwYsJrk8sVilhR7INMkR1wfYHZ5GXv44bEr7stV9ZRwcLC34YfpVVjHOJub8howoufZWQX9brVEaNNLebRg0jxf1J18nG-oRRt1wXGwkBKvEOqFhoYXQMvrpc6zKFNvZuLjpMskhXNrI9H4pv4LinxVhCw/media?maxWidthPx=400&key=AIzaSyAgucJSAxcE0tpOe1l47Xy0Rw4QehRSg94,Bohagsflytt|Packhjälp|Bärhjälp|Flyttstädning|Magasinering|Förråd|Pianoflytt|Fastighetsskötsel|Utemiljö|Trappstädning,Komplett flytt- och städservice sedan 1999. Över 50 000 utförda uppdrag. Ansvarsförsäkrade via IF Försäkring. Kollektivavtal. Städgaranti med åtgärd inom 24h på vardagar. Fönsterputs ingår i flyttstädning. Offert inom 24h.,Eskilstuna|Strängnäs|Västerås|Kungsör|Arboga,"Talkoo är ett kooperativ grundat 1999 i Eskilstuna med verksamhet inom flytt, magasinering, städ och fastighetsskötsel. Ekonomisk förening med 20–49 anställda. Registrerade ytterligare firmanamnet Lasses Piano & Bohagsflytt för transport- och flyttdelen. VD: Daniel Dawd. Ordförande: Bricha Mushi Sulaka.",1999,,20-49,Ekonomisk förening,Ja,4.5,44,"Bra flyttfirma, väldigt måna om kunden och det som flyttades (webbplats)|Rekommenderar detta företag starkt har nu testat alla deras tjänster. Guldstjärna på allt (webbplats)|Proffsigt utfört flytthjälp från start till mål (webbplats)",,Ansvarsförsäkring (IF Försäkring)|Kollektivavtal|Medlemmar i Sveriges Åkeriföretag,Offertformulär på talkoo.se|Telefon: 016-42 24 42|E-post: info@talkoo.se,"Gratis offert inom 24h. Pris baseras på boyta, bostadstyp, avstånd och tillägg.",Svenska,,https://maps.google.com/?cid=9169225679985996940&g_mp=Cidnb29nbGUubWFwcy5wbGFjZXMudjEuUGxhY2VzLlNlYXJjaFRleHQQAhgEIAA,ChIJfVnHvkmNXkYRjHT04CyiP38,"High – webbplats bekräftad, org.nr, adress, VD och grundningsår verifierat via allabolag.se och bolagsregistret.",https://talkoo.se/ | https://talkoo.se/kontakta-oss/ | https://www.allabolag.se/foretag/kooperativet-talkoo-ekonomisk-f%C3%B6rening/eskilstuna/st%C3%A4dservice/3JA13UHI5YH6T | https://www.xn--nringslivsregistret-gwb.se/foretag/7696052153/,2026-07-25
Laxéns Städ och Fönsterputs (SSG Facility Services),Laxéns Städ & Fönsterputs AB,559096-8797,Fraktgatan 9,633 46,Eskilstuna,Årby,077-533 32 23,kundcenter@ssgfs.se,https://www.ssgfs.se/eskilstuna,https://www.ssgfs.se/_next/image?url=%2Fssg%20logga%20vit.png&w=828&q=75,,Hemstädning|Företagsstädning|Flyttstädning|Byggstädning|Fönsterputsning|Kontorsstädning|Klottersanering|Butiksstädning|Industristädning|Storstädning|Golvrenovering|Stenslipning,"Del av SSG Facility Services AB. Över 30 års erfarenhet. Hemstäd, fönsterputs, företagsstäd, flyttstäd och specialtjänster. RentVatten-metod för miljövänlig fönsterputsning. Prislista för fönsterputs publicerad (1–7 rok, 2–6 sidor). Dokumenterade checklistor och snabb feedback vid flyttstäd.",Eskilstuna|Östergötland|Södermanland|Motala|Linköping|Norrköping|Finspång,"Laxéns Städ & Fönsterputs AB är ett aktiebolag registrerat 2017 i Eskilstuna. Del av moderbolaget SSG Facility Services AB (Thomas Henrik Isaksson, ordförande). Bedriver lokalvård och fönsterputsning. 3 anställda. Omsättning 2 251 tkr (2024).",2017,Thomas Henrik Isaksson,3,Aktiebolag,Ja,4.8,8,,Google 4.9/5 (7 omdömen – SSG Facility Services),RentVatten-metod (miljövänlig fönsterputsning),Telefon kundcenter: 077-533 32 23|SMS: 070-263 67 23|E-post: kundcenter@ssgfs.se|Online offert via ssgfs.se,"Fönsterputs fast pris publicerat på ssgfs.se (efter RUT). 1 rok 2-sidor: 369 kr, 3 rok 4-sidor: 948 kr. Etableringsavgift +70 kr.",Svenska,https://www.facebook.com/ssg.facility.services/,https://maps.google.com/?cid=8136637591967894376&g_mp=Cidnb29nbGUubWFwcy5wbGFjZXMudjEuUGxhY2VzLlNlYXJjaFRleHQQAhgEIAA,ChIJXwgWe-ryXkYRaAtWt8ck63A,"High – org.nr, grundningsår, anställda och moderbolag bekräftat via allabolag.se. Webbplats ssgfs.se bekräftad. Adress Fraktgatan 9 bekräftad via stadningguiden.se. Juridisk adress är Björkbacken 15 (c/o Isaksson).",https://www.ssgfs.se/eskilstuna | https://www.allabolag.se/foretag/lax%C3%A9ns-st%C3%A4d-f%C3%B6nsterputs-ab/eskilstuna/st%C3%A4dservice/2KGPV4TI5YH6T | https://stadningguiden.se/stockholm/eskilstuna/laxens-stad-och-fonsterputs-ssg-facility-services-eskilstuna/ | https://www.ssgfs.se/tjanster/fonsterputs,2026-07-25
BNB Alltjänst AB,BNB ALLTJÄNST AB,556911-9000,Tegnérgatan 20,632 28,Eskilstuna,Centrum,072-259 92 25,info@abbnb.se,https://abbnb.se,https://www.google.com/s2/favicons?domain=abbnb.se&sz=128,,Hemstädning|Flyttstädning|Fönsterputs|Övrig städning|Högtryckstvättning|Renovering|Målning|Byggtjänster,"Hemstädning för privatpersoner med RUT-avdrag. Flyttstädning med garanti och besiktningsgaranti, priser från 1790–7150 kr efter RUT beroende på storlek. Fönsterputs för privat och företag. Högtryckstvättning, renovering och målning. Företagskunder: butiker och kontor.",Eskilstuna med omnejd,"Företaget startade i november 2009 i Ärla, Eskilstuna under namnet Ärla Städ & Fastighetsservice. Verksamheten var inledningsvis inriktad på hemstädning och flyttstädning. Företaget ombildades till aktiebolag i november 2012 och bytte namn till BNB Alltjänst AB. Arbetar med både privat- och företagskunder, däribland butiker och kontor.",2009,Bat-Enkh Enkhtaivan,3,Aktiebolag,Ja,5,15,,,,"Telefon, e-post, kostnadsfri offert för företag","Flyttstädning fr. 1790 kr (10-40 kvm) till 7150 kr (251-300 kvm) efter RUT-avdrag. Källare/förråd/garage 280 kr/timme. Öppet mån-fre 09-17, lör 09-15.",Svenska,https://www.facebook.com/bnballtjanst,https://maps.google.com/?cid=14820784909107360618&g_mp=Cidnb29nbGUubWFwcy5wbGFjZXMudjEuUGxhY2VzLlNlYXJjaFRleHQQAhgEIAA,ChIJtU07qFXuXkYRanPQ11kBrs0,"High — website confirmed, allabolag confirmed, address/org match",abbnb.se|allabolag.se/5569119000,2026-07-25
Mb Lokala Tjänster AB,MB Lokala Tjänster AB,559567-5306,Gredbyvägen 18,632 21,Eskilstuna,Centrum,070-899 06 00,info@mblokalatjanster.se,https://mblokalatjanster.se,https://www.google.com/s2/favicons?domain=mblokalatjanster.se&sz=128,https://places.googleapis.com/v1/places/ChIJSVBPB8eNXkYR3gMGca_-_uI/photos/AaVGc3mRcPMKFk6NOc3nIOfC36YBjEahxZI5vgXACG9BKhh4eN_mTt6iiXdOJmkkJZnrthWICCFM8-6RrznmVTB7DnMpo91QjlbiK6fcw_-zvnJDj_5zp8OqlqMwO0xW8maLGc7fKi_ccuV4LJjYTsVoLn0HvJv-XGav0G77n7mY9wDTrECELYdLJq9cJiRAPT177VjXggUXs9URarM9LApuiQbjIaWEwEpAOmyjDC5BuwtQ-Zl9iLUpelA2S6kXKHGwl2b52FdvDo7lHFSmdM7p098P8g_oJ_8o7IL5QGYdz1WESP0rdfeBcwxiepO3HvKwjxKRNTHduBF4gqQ9AquMp6adfsEupPoTTMIH5VKR7IZaVD6_OCLJoL-548uRmtRr2WjUn8kffq6lKXKPJX41J6IBNmaf53-07o9Z0H_OUzkrzo7wW8MjyN8FW1XOwYX9/media?maxWidthPx=400&key=AIzaSyAgucJSAxcE0tpOe1l47Xy0Rw4QehRSg94,Hemstädning|Storstädning|Flyttstädning|Visningsstädning|Kontorsstädning|Trädgårdsskötsel|Snöröjning|Textilrengöring|Fönsterputsning|Möbelrengöring|Ångrengöring|Desinficering,"Hemstädning för privatpersoner med RUT-avdrag 50%, vardag/helg/kväll. Storstädning och djuprengöring. Flyttstädning med kvalitetsgaranti. Visningsstädning för mäklare/säljare. Kontorsstädning och lokalvård för företag. Trädgårdsskötsel och fastighetsskötsel. 20% rabatt för nya kunder.",Västerås|Eskilstuna|Köping|Sala|Fagersta|Enköping och omkringliggande områden i Mälardalen,"MB Lokala Tjänster AB är ett nystartat städbolag grundat 2025 med fokus på professionell städservice och lokalvård i hela Mälardalen. Bolaget är RUT-godkänt, F-skattregistrerat och erbjuder 20% rabatt för nya kunder. Styrelseledamot: Mohammad Albakir. Certifierad av Svenska Städföretagen och miljöcertifierat.",2025,Mohammad Albakir,0,Aktiebolag,Ja,5,8,,"4.9/5 enligt webbplats (500+ recensioner, ej oberoende verifierat)",Svenska Städföretagen|Miljöcertifierat|ISO-standard (enl. webbplats)|F-skatt|RUT-godkänd,"Telefon, e-post, onlineformulär, kostnadsfri offert",RUT-avdrag 50% på arbetstimmar. 20% rabatt för nya kunder. Kostnadsfri offert.,Svenska,,https://maps.google.com/?cid=16356790926125171678&g_mp=Cidnb29nbGUubWFwcy5wbGFjZXMudjEuUGxhY2VzLlNlYXJjaFRleHQQAhgEIAA,ChIJSVBPB8eNXkYR3gMGca_-_uI,"Medium — website confirmed, bolagsfakta confirmed; Google-rating vs website-rating mismatch (8 reviews vs 500+ claimed); very new company (reg. 2026-01-14)",mblokalatjanster.se|bolagsfakta.se/5595675306,2026-07-25
FreshGo AB,FreshGo AB,,Lagrådsgatan 16C,632 35,Eskilstuna,Fröslunda,016-542 59 99,info@freshgoab.se,https://freshgoab.se,https://freshgoab.se/images/1200x630/23478951/NewPermanentLogo-je33aEvvK_3GgA25eHQqkw.svg,https://places.googleapis.com/v1/places/ChIJhXTyCUdFroQRjwHC0OPeJ7A/photos/AaVGc3np8Z--ih_hd0FL19mQUqllcQdJ8Dfchsy6pI6wajrDkb0V583El1mHe_q8cQytQc5lWH-ba9DeoHSqxPeSorjECVKwUxAIw4Gf1qbld12cfzHpxc81t-hCFZTywX_Dt9HciNUro-GqjZo_irQw7miHMjG6VA8g4CTXhamrBsYtgd3P54pfm7RwX1F5ayEMUICGRd15VkgEbOwlzjc26CiHhHzu3sSJ9GQ0YqZIXD9zybO9gJnvfjihqGQoOSeoNkbfyjH2OnCAo7oiIH7cxuYO12gllG-uoB721c4LWY97yMzoVTgEDm5xxjtUnSAxxUNJG3OcrlizdglV5Kvyy2zMKlJ1HGPBccBPjmkVDVePfnCpGULgPbFQrgT1CmkGsP8whNVrFbZNY4So3eC06EH8F_saZTs19PkoiiYj7dFJT9MOEaYz2ST-7_3ceuif/media?maxWidthPx=400&key=AIzaSyAgucJSAxcE0tpOe1l47Xy0Rw4QehRSg94,Hemstädning|Storstädning|Flyttstädning|Fönsterputsning|Visningsstädning|Grovstädning|Dödsbostädning,"Specialiserade på flyttstädning med besiktningsgaranti och dokumenterad systematik. Hemstädning för regelbundet fräscht hem. Storstädning för djuprengöring. Miljövänliga metoder och fasta priser med RUT-avdrag. Premium-tjänst inkl. tvätt, strykning och bäddning.",Eskilstuna,"FreshGo AB är din trygga städpartner i Eskilstuna med specialisering på flyttstädning. Målet är total sinnesro och godkänd besiktning på första försöket. Använder expertis, miljövänliga metoder och fasta priser med RUT-avdrag för en smidig och stressfri flytt.",,,,Aktiebolag,Ja,5,18,"Väldigt nöjd med flyttstädningen! De var flexibla, snabba på att svara. Inga anmärkningar från hyresvärden. (Johan)|Anlitade FreshGo för flyttstäd hos K-Fast. Sjukt noggranna och smidiga. Rekommenderas varmt! (Jasmin)|Vi är mycket nöjda med flyttstädningen. Trevliga och utförde ett noggrant arbete. (Carina)",,,"Online bokning via webbplats, telefon, e-post","Fasta priser med RUT-avdrag. Besiktningsgaranti på flyttstädning. Öppet mån-fre 08-18, lör-sön 09:30-14:30.",Svenska,https://www.facebook.com/freshgoab.se,https://maps.google.com/?cid=12693359144808350095&g_mp=Cidnb29nbGUubWFwcy5wbGFjZXMudjEuUGxhY2VzLlNlYXJjaFRleHQQAhgEIAA,ChIJhXTyCUdFroQRjwHC0OPeJ7A,"Medium — website confirmed (freshgoab.se), address/phone verified via multiple sources; org_number not found in public registries (enskild firma 910115-XXXX c/o Fadila bakero at same address may be predecessor/owner)",freshgoab.se|opendi.se/eskilstuna/310511|tupalo.se/eskilstuna/freshgo-ab,2026-07-25
Eskilstuna Städbolag,Eskilstuna Städbolag AB,559507-7933,Riktargatan 27,644 33,Eskilstuna,Torshälla,070-305 75 55,,https://eskilstunastadbolag.se,https://www.google.com/s2/favicons?domain=eskilstunastadbolag.se&sz=128,https://places.googleapis.com/v1/places/ChIJVaCPF7GNXkYRXBQR-TnbRb0/photos/AaVGc3kKbMAu_BlEHmvAVBJ1GC6ntPPZn5DTlaIzUfhU1L5gVEOCnRkRuc7C1kPtF0LUzKfB0XyH1RC3bgVt7eYxvPfCOBTW5LkO9S8zQftyDTDBgoSjZ2hDzHECYW-4FdX1_60Ic5xfLPOQbEyId2F2d5vV58DbxcMsIdIg3fAhzE-oLyGWWo4VyB6bUJcYVgb8VFCu78ic3vz1K1LRo1fvkCbWE6mQkmSMKB1JqtZpoHezq2WQc3hUnkYr18yDnkktAf2KYm87IXFVJg6y_1mLpBN65RXiruMqtKkxL5aqzFmSeJ3pRcPtYtlNjJWMg-wTVk5ZzpjkNFJbtlQSCV1dOMz_qQzahSezd_JG5-SLPG6mon3QioNCEozLfd1hKaAXgVMTftW8hoJWSjbts-CmmlP-XneaQRPXUiUccL0oxhyD8g/media?maxWidthPx=400&key=AIzaSyAgucJSAxcE0tpOe1l47Xy0Rw4QehRSg94,Hemstädning|Fönsterputs|Företagsstädning|Kontorsstädning|Trappstädning|Byggstädning|Sanering|Flyttstädning|Visningsstädning|Trädgårdsarbete,"Hemstädning med abonnemang eller enstaka tillfällen. Fönsterputs för hem och kontor. Bred företagsstädning: kontor, trappor, byggstädning och sanering. Flyttstädning och visningsstädning. Lättare trädgårdsarbeten. Fasta priser utan dolda avgifter. Pensionärer 10% rabatt. Presentkort tillgängliga.",Eskilstuna|Torshälla och omnejd,"Eskilstuna Städbolag är en lokal, personlig städfirma i Eskilstuna med omnejd. Bolaget ombildades nyligen till AB men teamet har många års erfarenhet inom städbranschen. Kända för att vara noggranna och effektiva. Erbjuder nöjd-kund-garanti och miljömärkt kem i största möjliga utsträckning. Egna kvalitetskontroller och internutbildning. Presentkort säljs.",2024,Heidi Susan Pedersen,3,Aktiebolag,Ja,5,8,,,Miljömärkt kem,"Telefon (ring direkt), webbplats",Fasta priser utan dolda avgifter. Abonnemangspriser förmånligare. Pensionärer 10% rabatt på hemstädsabonnemang.,Svenska,,https://maps.google.com/?cid=13638548088599680092&g_mp=Cidnb29nbGUubWFwcy5wbGFjZXMudjEuUGxhY2VzLlNlYXJjaFRleHQQAhgEIAA,ChIJVaCPF7GNXkYRXBQR-TnbRb0,"High — website confirmed, allabolag confirmed (559507-7933), address match",eskilstunastadbolag.se|allabolag.se/5595077933,2026-07-25
Städhem Eskilstuna,Städhem AB,,Fraktgatan 2,633 46,Eskilstuna,Årby,016-200 66 10,kontakt@stadhem.se,https://stadhem.se,https://stadhem.se/wp-content/uploads/cropped-stadhem_start.jpg,https://places.googleapis.com/v1/places/ChIJUYCDRzCNXkYRhk3rLZV549M/photos/AaVGc3mB1s0khF1dZm4SEIWwY6XqL4FAWyZq7YaCSDJ6MbRWUTw_U2vrqQ4rauRAUDphGmtM0JNSjRt3eG-Pdg0Gfo95ErH05uzjwutPq4_H05gQrsNnTxaU81ulZigo_RktU98V2XFP5TcBPc2V-FdF5SifRsXu4GiWEpiXRXJ5vUkpoxuPehqZELNmr3uc2HS4z_SJyDC5p_nwMSE-7Y3GYmHMcOAFGhmqgo5SJtJTuo6FqWF_8_02rbWcThahoFY8s-U9sElOSN5zBU_Pfgs_1Fg3ufQYr_dM6afUvVZWF6E07d9XFxT_NU77EUB3dxHo1PSLsf4o1DGz2CdYuYDgTHUlDtTSpyHAG-OlGwlFTFd1hi3pLMJEpHepQfER-WdRE5427-yNwqYcN8rJlkt-tkzly6r0h65gqbVyn7NgxLCY34C422hgO7g3l5tNfw/media?maxWidthPx=400&key=AIzaSyAgucJSAxcE0tpOe1l47Xy0Rw4QehRSg94,Hemstädning|Storstädning|Fönsterputs|Kontorsstädning|Flyttstädning|Trädgårdsskötsel,"Hemstädning med fast månadspris och ingen bindningstid. Alltid samma städare, samma veckodag. Startpaket värde 750 kr ingår. Timpris 295 kr/h efter RUT. Storstädning med miljömärkta produkter. Fönsterputs, kontorsstädning, flyttstädning. Bokning möjlig via Benify. Pensionärer 20% rabatt.",Eskilstuna med omnejd|Västerås|Köping,"Städhem är ett professionellt och personligt städföretag med mer än 10 års erfarenhet av hemstädning i Eskilstuna och Mälardalen. Personal med kollektivavtal och trygg anställning. Ansvarsförsäkring hos Länsförsäkringar. Miljömärkta städprodukter ingår. Kontor i Eskilstuna (Fraktgatan 2), Västerås (huvudkontor) och Köping. Betyg 4.3/5 på Reco och 4.5/5 hos Städhem Eskilstuna (21 omdömen).",,,,Aktiebolag,Ja,3.8,9,"Vi är otroligt nöjda, både med bemötandet och städningen! Rekommenderas varmt!|Anlitade Städhem för flyttstädning och blev trevligt bemött. De kom på bestämd tid och var snabba och effektiva.|Vi har varit kunder i över 5 år. Nästan alltid samma personer och snabb hjälp från kundtjänst.",4.5/5 Reco (21 omdömen Städhem Eskilstuna)|4.3/5 Reco (övergripande),Ansvarsförsäkring Länsförsäkringar|Kollektivavtal|Miljömärkta städprodukter,"Telefon, webbplatsformulär, kostnadsfritt startmöte, bokning via Benify","Hemstädning fr. 1078 kr/mån (var 4:e vecka, 3h) efter RUT. Timpris 295 kr/h efter RUT. Serviceavgift 110 kr/tillfälle. Storstädning 295 kr/h efter RUT. Ingen bindningstid.",Svenska,,https://maps.google.com/?cid=15268180843343596934&g_mp=Cidnb29nbGUubWFwcy5wbGFjZXMudjEuUGxhY2VzLlNlYXJjaFRleHQQAhgEIAA,ChIJUYCDRzCNXkYRhk3rLZV549M,"High — website confirmed (stadhem.se), address/phone verified, Reco-profil verifierad; org_number ej hittat (nationellt bolag, söks ej på lokal enhetsnivå)",stadhem.se|reco.se/stadhem-eskilstuna-eskilstuna-fraktgatan-2,2026-07-25
Klara Städ,Klara Städ AB,559237-6981,Mått Johanssons väg 54,633 46,Eskilstuna,Årby,016-544 04 40,,https://klarastad.se,https://klarastad.se/wp-content/uploads/2020/02/K-logo-150x150.png,https://places.googleapis.com/v1/places/ChIJF06QOKCNXkYR7CxfxeoDfoE/photos/AaVGc3kYQM3trffQWUea2Nroxz2rYvJt0_tvZ7TPoeWXypCIZseer2bmIJ6LNtJgYXDW_T0Op2VdoQCfZJ3UQkX_KC-WxL6cqe6LTvneCklpzdkN-4v2Uxk1XGyD1Mbr3ZijO_GQxATBLO_uqd63ei56F6LVOo_mFvz-dvQkiXee7VQWS_011fpesoTPlCIE2__2g2thzMBOFMzPoXImU5sWNs-oOOz2P_7l7G83y4AV4oGz4rcC3hx0cfdaN0GERB07y2jfsxMtEtPjQH8jQ1uAbGN0rdQUeZ88Llbo9zufSl6CRYghQ4ixROLmYl9nTKicJdChoAr7hR3LyPWmK1BRveTNihEROuAtrR0F36rSUmOKKrJAOTHZhHoRyYBr2wF59sxpCX0z0UflfDOnAFX0eTOUuq2eHC4qylhQSBXnWsC12hc6KCn_CAP1qm_z3w/media?maxWidthPx=400&key=AIzaSyAgucJSAxcE0tpOe1l47Xy0Rw4QehRSg94,Hemstädning|Storstädning|Fönsterputs|Kontorsstädning|Företagsstädning|Flyttstädning|Visningsstädning|Byggstädning|Trappstädning,"Hemstädning med fast pris och städgaranti. Storstädning för djuprengöring. Fönsterputs för privat och företag. Kontors- och företagsstädning för kommersiella ytor. Byggstädning för byggföretag. Trappstädning för BRF och fastighetsägare. Flyttstädning och visningsstädning. RUT-avdrag, certifierad personal.",Eskilstuna|Borlänge|Stockholm|Bålsta|Mariestad|Norrköping|Linköping|Örebro|Västerås|Uppsala|Köping|Katrineholm|Karlstad|Gävle|Fagersta|Enköping,"Klara Städ är en nationell städfirma med kontor i Eskilstuna och ett 20-tal andra städer i Sverige. Bolaget grundades 2020 och har vuxit kraftigt. Med 211 anställda och omsättning 140 Mkr (2025) är de en av de större städfirmorna i Mälardalen. Fast pris, städgaranti och certifierad personal. Del av koncernen Klara Städ Holding AB (ägt av Dayan Lundgren Holding AB).",2020,Andreas Dayan,211,Aktiebolag,Ja,3.6,39,"Vilket stjärnföretag. Oerhört trevliga i kundservice, städarna var på plats i tid. Proffs ut i fingerspetsarna. (Rasmus Bergström)|Seriös städfirma. Möttes av två väldigt trevliga tjejer som kom i tid och utförde ett kanonjobb. (Filip Eriksson)",,Certifierad personal,"Onlineformulär (prisförfrågan), telefon 016-544 04 40, webbplats",Fast pris. RUT-avdrag. Gratis offert. Kostnadsfritt startmöte.,Svenska,https://www.linkedin.com/company/klara-st%C3%A4d,https://maps.google.com/?cid=9330899784826825964&g_mp=Cidnb29nbGUubWFwcy5wbGFjZXMudjEuUGxhY2VzLlNlYXJjaFRleHQQAhgEIAA,ChIJF06QOKCNXkYR7CxfxeoDfoE,"High — website confirmed (klarastad.se), allabolag confirmed (559237-6981, 211 anst.), phone from website",klarastad.se|allabolag.se/5592376981|bolagsfakta.se/5592376981,2026-07-25
SSG Facility Service - Eskilstuna,SSG Facility Services AB,556806-7895,Fraktgatan 9,633 46,Eskilstuna,Årby,077-533 32 23,kundcenter@ssgfs.se,https://www.ssgfs.se,https://www.ssgfs.se/_next/image?url=%2Fssg%20logga%20vit.png&w=828&q=75,https://places.googleapis.com/v1/places/ChIJVVVVabTyXkYRyjJ2ETHOXGo/photos/AaVGc3mtkEeat4LECzB91CDezSWMsEBy1mHap6ZimS_2gsGgbjgd4MQmmCiqBg6JA59l92YjFS0DCrJrP1CGbhHqPJVMMLInurRYBQKwze6OtlXMa5izhGyxPyOVbdI-zdeo0MWQ8Z_3b40IhSG6pzt4_GA0fwhGnbQ02i9zrRd-g3BELyUFVCGcGQtjT4ZPnNmXoWBjukW6VigSuKPktFGM-T5YkoQd04eup7VHf3VKW_ElfPta652sKXBOOzOBTm-I_C72zkKt88XScStPXtmnJUsVu25aORQM1E-sxUAS_ys8x8Xlk9_d6i1qRy28gk0IQlgzKsq0j7SNGq6nhd9KZ2wlk1eMiWs06KiZPFkPw5ZUFM0EJixszHDuhiWl1EhDhos2KUHl0XhDHqOYuiES9iaQwidmcIM9CLRNyRRJpc2K-Q/media?maxWidthPx=400&key=AIzaSyAgucJSAxcE0tpOe1l47Xy0Rw4QehRSg94,Hemstädning|Fönsterputs|Företagsstädning|Kontorsstädning|Byggstädning|Flyttstädning|Golvrenovering|Klottersanering|Butiksstädning|Industristädning|Stenslipning|Storstädning,Hemstädning med flexibelt schema och uppmärksamhet på detaljer. Fönsterputs in- och utvändigt. Företagsstädning med avtal och fokus på hygien. Byggstädning redo för besiktning och inflyttning. Komplett flyttstädning med dokumenterade checklistor. Golvrenovering med slipning och oljning. Klottersanering med miljögodkända produkter. Industristädning för produktionslokaler och lager.,Eskilstuna|Östergötland|Södermanland|Motala|Linköping|Norrköping|Finspång,"SSG Facility Services AB är ett etablerat städbolag med över 30 års erfarenhet och bred kompetens. Grundat 2010, 66 anställda, omsättning 52,9 Mkr (2024). Del av koncernen SSG Miljötjänster AB (moderbolag). Har dotterbolagen Laxéns Städ & Fönsterputs AB och Serviceföretaget i Norrköping AB. VD: Thomas Henrik Isaksson. Kontaktpersoner i Eskilstuna: Josefina Eriksson (Arbetsledare), Tindra Skoglund Alsén (Affärskoordinator Sörmland).",2010,Thomas Henrik Isaksson,66,Aktiebolag,Ja,5,7,,,Miljögodkända produkter (klottersanering),"Telefon (077-533 32 23), e-post, SMS (070-263 67 23)",Offert på begäran. Avtalsstädning för företag.,Svenska,https://www.facebook.com/ssg.facility.services/,https://maps.google.com/?cid=7664227376019419850&g_mp=Cidnb29nbGUubWFwcy5wbGFjZXMudjEuUGxhY2VzLlNlYXJjaFRleHQQAhgEIAA,ChIJVVVVabTyXkYRyjJ2ETHOXGo,"High — website confirmed (ssgfs.se), allabolag confirmed (556806-7895, 66 anst.), address match",ssgfs.se/eskilstuna|allabolag.se/5568067895,2026-07-25
JL Fönsterputs,JL Fönsterputs,870626-4978,Vasbergsgatan 1C,633 43,Eskilstuna,Centrum,072-965 46 10,jerry@jlfonsterputs.se,https://www.jlfonsterputs.se,https://www.google.com/s2/favicons?domain=jlfonsterputs.se&sz=128,,Fönsterputs|Snöskottning,"Professionell fönsterputs året runt för allt från små lägenheter till stora herrgårdar och företag. Priser per fönsterbåge med minimitaxa 450 kr inkl. moms efter RUT-avdrag: 2-sid 45 kr, 4-sid 55 kr, 6-sid 65 kr, inglasad balkong/altan 45 kr/ruta. Karmtvätt 30 kr, spröjstvätt 25 kr, fasta spröjs 20 kr. Material/utkörningsavgift 100 kr tillkommer. Skyltfönster för företag: offert. Snöskottning med RUT-avdrag erbjuds även.",Eskilstuna|Strängnäs|Köping|Arboga|Västerås,"JL Fönsterputs är din fönsterputsare i Mälardalen, driven av Jerry Leppänen. Putsar fönster året runt för allt från pequeña lägenheter till stora herrgårdar och företag. Täcker Eskilstuna och omkringliggande städer. Registrerad som enskild firma (org.nr som personnummer-baserat nr 870626-4978).",,Jerry Leppänen,,Enskild firma,Ja,5,13,,,,"Telefon, e-post, webbplatsformulär","Fasta priser ink. moms och efter RUT-avdrag. Minimitaxa 450 kr. Per fönsterbåge: 2-sid 45 kr, 4-sid 55 kr, 6-sid 65 kr. Material/utkörning 100 kr tillkommer.",Svenska,https://www.linkedin.com/company/jl-f%C3%B6nsterputs,https://maps.google.com/?cid=5978447769370484702&g_mp=Cidnb29nbGUubWFwcy5wbGFjZXMudjEuUGxhY2VzLlNlYXJjaFRleHQQAhgEIAA,ChIJEYOSbKbzXkYR3t-NMZK291I,"High — website confirmed (jlfonsterputs.se), address/phone/email/org all confirmed from site; legal form is enskild firma (personnummerbaserat org.nr)",jlfonsterputs.se|jlfonsterputs.se/priser,2026-07-25
Hink & Mopp Städtjänster - Städfirma i Halmstad,Hink & Mopp Städtjänster Helsingborg Kontorsstädning och Flyttstädning Enskild firma,721224-XXXX,Wallbergsgatan 4,302 31,Halmstad,,0732-741 757,,https://www.hinkmopp.se/,https://www.hinkmopp.se/wp-content/uploads/2025/05/logo.png.webp,https://places.googleapis.com/v1/places/ChIJ5USXElOjUUYRvpSB2SO50Bk/photos/AaVGc3n3QmxVPyMBRGZVmX5YR7XeABBX6Ho49XmlTo19GLuboBXcptmJoNIMi7Hfd-yVjeUPZEbhuOCbiGc7ufwowg6KxYmFCJqLZXcCdZHQ5BE2W2vS5B10MIyiuIWYGBwYYSJxaTDOorL1N5CWfY1ygscymixejQ1eERtXZak5utLx0gY4O_xKFB7LnmlsfhiBs3dcry6GyBBcL4yzv6R0oD-BTjpagUcccyg7JO69_ELW2IA4FYy-v1VLg1b_asDAPMXQ7IGHqtpKkiOvRxZvEMuVhqE5Im0Y9txjYdHK0wlRDbQ4p9lc2DwsnBgoEGLvzJPYVqBYPDC2-JMolJxEU6wRO2nUGultad_sR74Mv9aQml4CbGnAhWmKrlJaNna0r8mBlTpUPut2qDdmkcXvMrgXbHDJpDH93NZPruxv4McXBOugNtw6kFfxV8TXTYU-/media?maxWidthPx=400&key=AIzaSyAgucJSAxcE0tpOe1l47Xy0Rw4QehRSg94,Hemstädning|Kontorsstädning|Flyttstädning|Trappstädning|Storstädning|Skolstädning,"Hemstädning: alla rum städas noggrant med miljövänliga produkter och fasta rutiner. Kontorsstädning: skrivbord, golv, kök och toaletter hålls i toppskick. Flyttstädning: grundlig städning enligt mäklars krav inklusive ugnsrengöring och fönsterputs. Trappstädning: regelbunden städning för bostadsrättsföreningar och fastighetsägare. Storstädning: rejäl genomgång av hem eller kontor inför högtider eller säsongsbyte. Skolstädning: klassrum, korridorer, matsalar och toaletter med miljövänliga produkter.",Halmstad,"Hink & Mopp Städtjänster är ett professionellt städföretag med hjärtat i varje uppdrag. Vi erbjuder flexibla och miljövänliga städlösningar för både privatpersoner och företag. Certifierade enligt SRY-standard. Vi har kunskap inom hantering av bakterier, patogener, virus och svampar. Vi tror på tydlig kommunikation, punktlighet och långsiktiga relationer.",2025,Hamida Nanjala Ochieng,,Enskild firma,Ja,4.6,13,,,SRY-certifierad,Webbformulär på hinkmopp.se; telefon 0732-741 757,Offertbaserat; RUT-avdrag upp till 50% av arbetskostnaden dras direkt på fakturan,Svenska,,https://maps.google.com/?cid=1860190209728156862&g_mp=Cidnb29nbGUubWFwcy5wbGFjZXMudjEuUGxhY2VzLlNlYXJjaFRleHQQAhgEIAA,ChIJ5USXElOjUUYRvpSB2SO50Bk,Medium — website + allabolag confirmed; org nr partly masked; email not published,https://www.hinkmopp.se/ | https://www.allabolag.se/foretag/hink-mopp-städtjänster-helsingborg-kontorsstädning-och-flyttstädning-enskild-firma,2026-07-25
AB Maid2Clean,AB Maid 2 Clean,556253-1318,Stationsgatan 37F,302 50,Halmstad,,020-12 12 20,info@maid2clean.se,https://maid2clean.se/,https://maid2clean.se/wp-content/uploads/2022/04/Logo-Maid2Clean.png,https://places.googleapis.com/v1/places/ChIJi5VEPjKjUUYR4JjvXWvWBks/photos/AaVGc3m42Uf71UfbFiaTmSHDsFFx2U3jr8ImqyhKTiGG-PrAUGeAzwL6ra8M55-h64q-GmPy86xb-gt88LRXKG9p3macVFGmqgpbljX5LXegHKOy_-t0Dk5NW671mGr_HU25tFaxqO5rArU5ScoKuOmQToVuStMdvPFCaMlW0IoH2a3-ZLY4HTkZNUygRfg0iCLX1BbgX1faiSasAzPmZFuQfkQNtQh0wtM6vZKOkS9KI_B-TSTa51lIo3QTIt_Ji2tHDOhSnMouZqeD_79BwdFUOtcL0IrDIgUbJfthh0nCq9TvpHmw2l3t8GphN9DwPGgL18Gdu9NVTCyI6aC3WfneNukjo57BbBujAIaetfmTsCOvySzWIaKxFe0XOYPE3krh_6LYuq9ZRIHXCd4z7EFmjR2MfTNMFx3EUTVO_E3-d8g/media?maxWidthPx=400&key=AIzaSyAgucJSAxcE0tpOe1l47Xy0Rw4QehRSg94,Hemstädning|Flyttstädning|Storstädning|Företagsstädning|Fönsterputs|Byggstädning|Visningsstädning|Trädgårdsskötsel|Taktvätt|Fasadtvätt|Golvvård,"Hemstädning: veckovis, varannan vecka eller månadsvis abonnemang. Flyttstädning: godkända besiktningsprotokoll, garanti ingår. Storstädning: djupstädning för engångstillfällen. Fönsterputs och byggstädning för privat och företag. Golvvård inklusive polish och vaxbehandling. Service i Halmstad, Varberg, Falkenberg, Laholm, Båstad, Ängelholm, Helsingborg och Gnosjöområdet.",Halmstad|Varberg|Falkenberg|Laholm|Båstad|Ängelholm|Helsingborg|Gnosjöområdet,"AB Maid2Clean är en pålitlig städfirma i Halmstad med 30+ års erfarenhet (aktiv sedan 1985). Garanterar godkänd städning vid besiktning med 10 dagars nöjd-kund-garanti. Kollektivavtal med Almega, hängavtal med Byggnads och Hotell & Restaurang. Ansvarsförsäkring upp till 10 miljoner kr. 28 anställda. Omsättning 14,7 mkr (2024).",1985,,28,Aktiebolag,Ja,4.5,29,,"4.5/5 (378 omdömen, Hitta.se)",Kollektivavtal Almega; hängavtal Byggnads och Hotell & Restaurang,Webbformulär på maid2clean.se; telefon 020-12 12 20 eller 070-770 14 55,Offertbaserat; kostnadsfritt hembesök; RUT-avdrag tillämpas,Svenska,,https://maps.google.com/?cid=5406244159330687200&g_mp=Cidnb29nbGUubWFwcy5wbGFjZXMudjEuUGxhY2VzLlNlYXJjaFRleHQQAhgEIAA,ChIJi5VEPjKjUUYR4JjvXWvWBks,"High — website, allabolag och hitta.se bekräftar org nr, anställda, adress och kontakt",https://maid2clean.se/ | https://www.allabolag.se/foretag/ab-maid-2-clean | https://www.hitta.se/verksamhet/maid-2-clean-innquhnrs,2026-07-25
"Smutsfri, flyttstäd, flytthjälp & kontorsstäd i Halmstad",Smutsfri Halland AB,559405-7654,Järnvägsgatan 8B,302 49,Halmstad,,011-333 13 06,info@smutsfri.se,https://smutsfri.se/,https://smutsfri.se/images/logos/logo.png,https://places.googleapis.com/v1/places/ChIJ9coDyEWjUUYROVUWIkzTUqo/photos/AaVGc3lMhAH0Z1bKmEVJAPwn011fSjyqsSB-Mk-XYZUPWDeDR0WeWunc66puVSRuTCMZLpcby-7ZbmZdVzpJ7X1sh0ug66ZmmjVGRGLNStYW2pMGMwWLLaSkdw7J1mWhTZiFm7M2WFYKC5Qk-eSx1jX_AdFsSa15S2nSNhs808AQFnBmdc3G_UPZTw_T0MlkVjML3SBg9vARRrO2QuVmtl123Q4gVfXdtkzYJfpizyepscKLAoYyeQQ-NcRve8uvAQnuDigg24uF83ZZNemhbOUQLY67WB8Cw5b4QEg9RKz7toRM0DEX7no7e1szhtQQK-5EkezY_IjRgBd16b84raStUMKheeYj1HMP8mZ0Ll-TEyCnA2xgsm2E4nZgOj2ZgVilccxVVnnTZz3Gmk6teO5pWrEykKpwNVtEJjmoVhAjEuwqBwgb/media?maxWidthPx=400&key=AIzaSyAgucJSAxcE0tpOe1l47Xy0Rw4QehRSg94,Hemstäd|Flyttstäd|Kontorsstäd|Storstäd|Byggstäd|Fönsterputs|Trappstäd|Kemtvätt|Vissningsstäd|Flytthjälp|Företagsstäd,"Hemstäd: regelbunden städning för privatpersoner. Flyttstäd: godkänd städning vid flytt, djuprengöring enligt schema med garanti. Kontorsstäd och Företagsstäd: renare arbetsplats för bättre arbetsmiljö. Storstäd: helhetslösning för djupgående rengöring. Byggstäd: städning efter byggprojekt. Fönsterputs: glasklara fönster. Kemtvätt: tvättning av textiler utan vatten. Vissningsstäd inför bostadsvisningar. Flytthjälp tillgänglig.",Halmstad|Varberg|Båstad|Falkenberg,"Smutsfri är en lokal städfirma baserad i Halmstad med brett utbud av städtjänster för privatpersoner och företag. Registrerat som Smutsfri Halland AB (aktiebolag sedan 2022, 2 anställda). Bokar via hemsidan smutsfri.se och via Setmore. Erbjuder kundgaranti och kostnadsfri offert. Satsar på miljövänliga metoder och förmånliga priser.",2022,,2,Aktiebolag,Ja,4.5,36,Bästa städfirma som utför väldigt noggrann flyttstädning. (Dr. Salem Ayoub) | Rekommenderas! Väldigt bra service och vänlig bemötande. (Mohammad Hazeem) | Snabb och trevlig återkoppling. Smidig bokning av flyttstäda som blev så bra! (Malin Cavric),,,Webbformulär på smutsfri.se; onlinebokning via smutsfri.setmore.com; telefon 011-333 13 06,Gratis offert; förmånliga priser; ingen bindningstid,Svenska,,https://maps.google.com/?cid=12273104258480887097&g_mp=Cidnb29nbGUubWFwcy5wbGFjZXMudjEuUGxhY2VzLlNlYXJjaFRleHQQAhgEIAA,ChIJ9coDyEWjUUYROVUWIkzTUqo,"High — website, hitta.se, setmore och allabolag bekräftar kontakt, adress och org nr",https://smutsfri.se/ | https://smutsfri.se/kontakt | https://smutsfri.setmore.com/ | https://www.hitta.se/verksamhet/smutsfri-halland-ab-almgrrsyz,2026-07-25
Serviceföretaget Pima AB,Serviceföretaget Pima AB,556464-5520,Stålverksgatan 1,302 50,Halmstad,,0775-33 30 31,kundtjanst@pima.se,https://www.pima.se/,https://www.google.com/s2/favicons?domain=pima.se&sz=128,https://places.googleapis.com/v1/places/ChIJoy5n-VaiUUYRXIyZr0qEhRE/photos/AaVGc3kJVRU2khBTE5L6XGyAcUHkFgwD9QqO63kcD68QQfhVO_pmSxgrsExvd1DUVLZfyBH1iTAkB4FFwaGUMmHzIlMtKdszMK-MT9lUMq2R0U6GNcoBRdhgSkbc7V43AY8rnuS7hXhrAhOs1_frMkZMQY3y0eeevKXshVV97P0lZuLB-Rz4Yln1Kee3vfJU7O1OGIu-ap2jm41s17WoxQnLoxEUut-eGK1oebukKA2Kw9akVVrz79F8LW694gzf-Leh0PPRU7_w5IVczq-TggNqwqblQdwa-WYnA8x0RS9q82cuXLem9z8nEB7UVDfN9WTQp9qCD0LMmth_tmzT-mXg7ZzkS_4LxZ5C9stAl99oF1fiaeSkMi5sBxhipqVXvdPn0wHZHmZu_yYN2L3INh4uLtqAkgW0EZyefQZeBKHeqQWPPuI-/media?maxWidthPx=400&key=AIzaSyAgucJSAxcE0tpOe1l47Xy0Rw4QehRSg94,Lokalvård|Kontorsstädning|Hemstädning (via Städpulsen)|Fastighetsservice|Fönsterputsning|Mattvätt|Textiltvätt|Golvvård|Flyttstädning|Visningsstädning|Trappstädning|Industriservice|Renrum-städning|Fasadtvätt,"Lokalvård och kontorsstädning med ISO-certifierad kvalitet. Hemstädning levereras via dotterbolaget Städpulsen AB. Fastighetsservice inkl. fasadtvätt, fönsterputsning och trappstädning. Industriservice och renrum för kritiska miljöer. Golvvård med polish, vax och slipning. Facility Management-lösningar. Regelbunden uppföljning och platsbesök.","Halmstad|Halland|Sverige (rikstäckande med kontor i Stockholm, Göteborg, Malmö, Halmstad, Falkenberg, Klippan)","Serviceföretaget PIMA är ett av Sveriges äldsta och mest renommerade serviceföretag, grundat 1978 i Halmstad. Auktoriserat serviceföretag och ISO-certifierat enligt ISO 9001, ISO 14001 och ISO 45001. Vinnare av Årets Städföretag 2025. 191 anställda. Omsättning 139 mkr (2025). Ingår i Pima Holding AB-koncernen med dotterbolagen Pima Syd AB, Pima Väst AB och Städpulsen AB.",1978,,191,Aktiebolag,Ja,5,6,,,ISO 9001|ISO 14001|ISO 45001|Auktoriserat Serviceföretag (SRY)|Årets Städföretag 2025,Kontaktformulär på pima.se; telefon 0775-33 30 31; e-post kundtjanst@pima.se; kostnadsfri behovsanalys och platsbesök,Offertbaserat; kostnadsfri offert; RUT-avdrag för privatkunder via dotterbolaget Städpulsen,Svenska,,https://maps.google.com/?cid=1262560726855814236&g_mp=Cidnb29nbGUubWFwcy5wbGFjZXMudjEuUGxhY2VzLlNlYXJjaFRleHQQAhgEIAA,ChIJoy5n-VaiUUYRXIyZr0qEhRE,"High — website, hitta.se och allabolag bekräftar org nr, anställda, adress och kontakt",https://www.pima.se/ | https://www.pima.se/kontakt/ | https://www.hitta.se/verksamhet/serviceforetaget-pima-ab-halmstad-nrtdflnng,2026-07-25
Josefs Fönsterputs i Halmstad,,,Malcusgatan 14,302 69,Halmstad,,070-026 07 15,info@josefsfonsterputs.se,https://josefsfonsterputs.se/,https://josefsfonsterputs.se/wp-content/uploads/2023/03/LOGGA.webp,https://places.googleapis.com/v1/places/ChIJx3Md5PH14YIRsuAgeBzZHVw/photos/AaVGc3lUfW0Fro1FK7Vu04cLfj9rco8UtBV0ITlb0Djvb73qUmphRwYL0uH6vy2aOQexX5I5UOkU1VHUz4T6U51OVnzy6L_Uzu_plF4xb97MkwtKWD39gkagGjBxvHJqARr0x7I8E9ddu_OwYMvljD5bc5UwBMqyJDV59bj8PCEq4qZ5HUbJUKgjuK4UnskxOb_JHmgYo38IbSLPzoi4tgdZRrmA0hxUX1CNoJBjz2eOt8yHpF4W3urLowUvfSPBUj6l59nr4kA_PBl_p8vR6LJH_KgUaGzUR5CkUxs66JtbXxIU7bG7wdDEXPmkiPEWuMiTlT_b-gTFDPHVRqStVIp5kkMcu3ru_KfeyF1VLciGrPm3oqBhW7g7Dl-n6Nz7EtyB5cPBTnOuLACdfwLJ9ux1iz67fmxXaveCkn4pCyaS4WbRc4uV/media?maxWidthPx=400&key=AIzaSyAgucJSAxcE0tpOe1l47Xy0Rw4QehRSg94,Fönsterputs|Kontorsstädning|Hemstädning,"Fönsterputs: rengöring av in- och utsida, fönsterbräde och bläck inkluderat; inglasade balkonger och balkongräcken. Kontorsstädning och hemstädning för privat och företag i Halmstad med omnejd. Utan bindningskrav — engångsputsning eller återkommande. Nöjdhetsgaranti: om kunden ej nöjd kostar det ingenting.",Halmstad|Laholm|Båstad|Steninge|Getinge|Haverdal|Harplinge|Kvibille|Slättåkra|Oskarström|Tylösand|Skedala|Simlångsdalen|Trönninge|Eldsberga|Veinge|Mellbystrand|Skummeslövsstrand,"Josef startade fönsterputsverksamheten 2011 i Halmstad vid sidan av ett jobb som resurspedagog. Växte via kundrekommendationer. Fokus på prisvärd kvalitet, punktlighet och noggrannhet. Lokalt företag med miljöbil och försäkring. Samarbetar med andra Halmstad-företag inom fönsterputsning, matt- och möbeltvätt.",2011,Josef,,,Ja,5,9,,,Försäkrad,Telefon 070-026 07 15; e-post info@josefsfonsterputs.se; kontaktformulär på josefsfonsterputs.se,Ca 35 kr/ruta (vanliga fönster) efter RUT-avdrag inkl. moms; balkong/altanfönster ca 55 kr/ruta. Timtaxa 320–490 kr. Fastpris föredras. RUT-avdrag hanteras av företaget.,Svenska,,https://maps.google.com/?cid=6637700142111711410&g_mp=Cidnb29nbGUubWFwcy5wbGFjZXMudjEuUGxhY2VzLlNlYXJjaFRleHQQAhgEIAA,ChIJx3Md5PH14YIRsuAgeBzZHVw,"High — website bekräftar adress, telefon, email, grundår, priser och tjänster",https://josefsfonsterputs.se/ | https://josefsfonsterputs.se/kontakta-fonsterputsare/ | https://josefsfonsterputs.se/om-oss/,2026-07-25
Knebels Fönsterputs,KNEBELS Fönsterputs,520101-XXXX,Snöstorspsvägen 14,302 48,Halmstad,,035-16 94 00,,,https://www.google.com/s2/favicons?domain=halmstadsfonsterputs.se&sz=128,,Fönsterputs|Städservice,Fönsterputsning för privatpersoner och företag i Halmstad. Hushållsnära tjänster. Förvärvades 2018 av Halmstads Fönsterputs som nu driver verksamheten.,Halmstad,"Knebels Fönsterputs är en enskild firma för fönsterputsning registrerad i Halmstad sedan 1985, med innehavaren Stellan Knebel. Verksamheten förvärvades 2018 av Halmstads Fönsterputs (Jan-Ove Johansson) och drivs nu under den paraplyen. Firman är fortsatt aktiv som juridisk enhet.",1985,Stellan Knebel,,Enskild firma,Ja,5,1,,,,Telefon 035-16 94 00; kontakta Halmstads Fönsterputs (halmstadsfonsterputs.se) för bokning,RUT-avdrag tillämpas; priser via offert,Svenska,,https://maps.google.com/?cid=16888344316031501709&g_mp=Cidnb29nbGUubWFwcy5wbGFjZXMudjEuUGxhY2VzLlNlYXJjaFRleHQQAhgEIAA,ChIJMWD-ihejUUYRjYWLWa1zX-o,Medium — registry data bekräftad via merinfo.se och foretagsbas.se; webbplats ej aktiv; verksamheten drivs under Halmstads Fönsterputs sedan 2018,https://www.merinfo.se/foretag/KNEBELS-Fönsterputs-520101-XXXX | http://foretagsbas.se/foretag/Knebels_Foensterputs/381615 | https://halmstadsfonsterputs.se/om-oss/,2026-07-25
Halmstad Fönsterputs,Halmstads Fönsterputs,,Kvarndalsvägen 6,302 92,Halmstad,,0708-12 97 88,info@halmstadsfonsterputs.se,https://halmstadsfonsterputs.se/,https://halmstadsfonsterputs.se/wp-content/uploads/2021/02/cropped-cropped-Ny-logga-1.png,,Fönsterputs|Tak- och fasadtvätt|Impregnering,"Fönsterputs invändigt och utvändigt för privatpersoner och företag. Tillgång till skylift, kranbil och ultrarent vattensystem för höga fönster — putsar stående på marken med lättviktsstänger. Tak- och fasadtvätt med hetvattensystem eller ultrarent vatten; impregnering erbjuds för vissa material.",Halmstad|Laholm|Båstad|Halland,"Halmstads Fönsterputs grundades 1988 och drivs av Jan-Ove Johansson. Enskild firma verksam i stora delar av Halland. Förvärvade Knebels Fönsterputs 2018. Betonar utbildad och försäkrad personal, punktlighet och noggrannhet. Hittas också under telefon 035-12 97 48.",1988,Jan-Ove Johansson,,Enskild firma,Ja,4.5,4,,,Försäkrad personal,Kontaktformulär på halmstadsfonsterputs.se; telefon 0708-12 97 88,Kostnadsfritt prisförslag; RUT-avdrag 50% av arbetskostnaden dras direkt på fakturan,Svenska,,https://maps.google.com/?cid=4271944706854775222&g_mp=Cidnb29nbGUubWFwcy5wbGFjZXMudjEuUGxhY2VzLlNlYXJjaFRleHQQAhgEIAA,ChIJrZ_i0ta8UUYRtmkwwBP_SDs,"High — website bekräftar adress, telefon, email, grundår, grundare och tjänster; org nr ej tillgängligt via öppna källor",https://halmstadsfonsterputs.se/ | https://halmstadsfonsterputs.se/kontaktaoss/ | https://halmstadsfonsterputs.se/om-oss/ | http://foretagsbas.se/foretag/Halmstads_Foensterputs/271898,2026-07-25
"HomeMaid Halmstad - Hemstäd, flyttstäd & fönsterputs",HomeMaid AB,,Kungsgatan 20,302 46,Halmstad,Centrum,035-16 15 52,halmstad@homemaid.se,https://homemaid.se/kontakta-oss/h-k/halmstad/,https://homemaid.se/static/images/favicon/apple-touch-icon-57x57.png,https://places.googleapis.com/v1/places/ChIJMar32CKjUUYR___RXwhKURc/photos/AaVGc3leLpE_Gv6oF2IBp5G5XYAlUtPfTQxwyvtXcVBm3aTg1mfcGANHaEOKgV6UYF19t2Y_mF-JxKe0k6361SDE33fNVUnZ8Zz1fE9D5ZVPh8dKCQ1_NEW1XM1EckHvk9ndaC86aPrsfkZ4Vv0XiZH5DXnKkUDDrQwA9gDV0xfH9H8SCsVq0Ck6kWyVj1dgtGYRtqF2fAYKIOhDGgF1k_k2-bByCzLPPqxXEM9WvezagNntJaswMtWVmfRolIrS8uMHZdow1TrglQTCYsZGnsumoYiDZ25pC9eYzekLuZ9vhBR8BJ-IWai4fD0NOZkZmvcja3_VLCQL6tmUDzwALuzKO2iGtxMnjYPDI3eD5UVV2BfmPVUElycKIYUcj9u1NetLn0i0OeFBrJVngroNQ-B4AWMZ-SVJNo1zeb_caf32dhnIv37R/media?maxWidthPx=400&key=AIzaSyAgucJSAxcE0tpOe1l47Xy0Rw4QehRSg94,Hemstädning|Storstädning|Flyttstädning|Fönsterputsning|Visningsstädning|Företagsstädning|Tvätt och strykning,"Hemstädning: återkommande städning med fast serviceassistent, anpassad frekvens och timbank. Storstädning: grundlig rengöring inklusive ugn, kyl, köksfläkt och svåråtkomliga ytor. Flyttstädning: komplett städning med nöjd kund-garanti. Fönsterputsning: professionell puts in- och utvändigt. Visningsstädning: inför bostadsvisning och fotografering. Företagsstädning: skräddarsydda lösningar för kontor och verksamheter.",Halmstad och 61 orter i Sverige,"HomeMaid grundades 1997 och är ett av Sveriges största hemserviceföretag, börsnoterat sedan 2006 med huvudkontor i Halmstad. Erbjuder ett brett utbud av hem- och företagsstädning. Kollektivavtal, miljögodkända metoder och fast serviceassistent för varje kund.",1997,,ca 960 (nationellt),Aktiebolag (börsnoterat),Ja,4.5,95,Vi hade vår uppstarts städ igår och helt otroligt vad duktiga ni är – 10/10 | Fönsterputsen vi fick var jättebra | Vi har använt dem i flera år och det har fungerat väldigt bra | Supernöjd!! fin service bra återkoppling,,Kollektivavtal; miljögodkända rengöringsmedel,"Online via homemaid.se, telefon, e-post",Pris beror på frekvens och ort; snabb prisuppskattning via webbplatsen; timbank vid abonnemang,Svenska,,https://maps.google.com/?cid=1680205535813697535&g_mp=Cidnb29nbGUubWFwcy5wbGFjZXMudjEuUGxhY2VzLlNlYXJjaFRleHQQAhgEIAA,ChIJMar32CKjUUYR___RXwhKURc,High – website confirmed at Kungsgatan 20 Halmstad with phone/email; national chain with public registry,homemaid.se/kontakta-oss/h-k/halmstad/ | investors.homemaid.se,2026-07-25
"Halmstad Städ – Flyttstädning, hemstädning, fönsterputsning",Halmstad Städ & Tjänster AB,559278-1552,Söndrumsvägen 31,302 37,Halmstad,Söndrum,070-914 97 03,info@halmstadstad.se,https://www.xn--halmstadstd-u8a.se/,https://www.xn--halmstadstd-u8a.se/wp-content/uploads/logo-black.png,https://places.googleapis.com/v1/places/ChIJB8mN26avUUYRbS1SmTgkwfo/photos/AaVGc3lRs8NYKTyLE4y300UkGeQgOphW7LRUBnQR0iGPd__FJIxhMbh40HLwXXo8MijhOe7285QVepa6ynprSgG9qjXqDb_3cRG7EeRfdUbxC9OqW9XtrEZk35bC5GnZ1KiWsRqor4hy5SOLM4iNg7pjEk4oev5wdUeWwmPxNCrkTHHHOyUcoJZykPnA0nEaTX2ABJ6PfBjeADaX91I79vPJUtsqSfshXb5wRxvIRuWEwC2EQCu2fdakGpZxf6YB-2bxTLQZK0WzfZZ6SiLm0tloUymw7r3bk7f6WTnzKYzIUTgJEwZfLZnkUeQujDin_7xCaKwMZxL7P_aPr3s7prUZYsdoUSJxpwKyBifZ4_l4M518PxsGELgsR0P3pKAh040ITKJCBojYEDuS3Qz2mbR8wGivcQfp6q3UM6tE4sUlxHprohC9/media?maxWidthPx=400&key=AIzaSyAgucJSAxcE0tpOe1l47Xy0Rw4QehRSg94,Flyttstädning|Hemstädning|Fönsterputsning|Storstädning|Visningsstädning|Kontorsstädning|Byggstädning,"Flyttstädning: fast pris per kvm enligt Mäklarsamfundets lista, fönsterputs ingår, nöjdhetsgaranti. Hemstädning: varannan vecka (vanligast 2-3 tim), provstädning vid start. Priser hemstädning: 0-50 kvm 600 kr, 60-80 kvm 700 kr, 90-110 kvm 800 kr. Flyttpris: 0-50 kvm 3100-3600 kr, 51-80 kvm 4200-4800 kr.","Halmstad, Oskarström, Falkenberg, Laholm, Hyltebruk","Halmstad Städ är en personlig städfirma med fokus på hygien, kvalitet och prisvärda lösningar. Specialisering på flyttstädning, fönsterputsning och hemstädning. Bolaget registrerades 2020 och har 6 anställda (2024).",2020,,6,Aktiebolag,Ja,4.9,44,,,,"Webbformulär på halmstadstäd.se, telefon, e-post",Fast pris per kvm; hemstädning varannan vecka fr. 600 kr; flyttstädning 0-50 kvm 3100-3600 kr (fönsterputs ingår),Svenska,,https://maps.google.com/?cid=18068763005496208749&g_mp=Cidnb29nbGUubWFwcy5wbGFjZXMudjEuUGxhY2VzLlNlYXJjaFRleHQQAhgEIAA,ChIJB8mN26avUUYRbS1SmTgkwfo,"High – website confirmed, registry data from hitta.se/bolagsfakta.se, phone+email from Svenska Hantverkare",xn--halmstadstd-u8a.se | hitta.se/verksamhet/halmstad-stad-ijcsteija | svenskahantverkare.se,2026-07-25
HS Städ Halmstad AB,HS Städ Halmstad AB,559282-3339,Stellan Mörners gata 19,302 24,Halmstad,Centrum,0722-298138,kontakt@hsstad.se,https://www.hsstad.se/,https://www.google.com/s2/favicons?domain=hsstad.se&sz=128,https://places.googleapis.com/v1/places/ChIJqzNX2vOjUUYRoLm_XSr2DwU/photos/AaVGc3kRj2qb_LAU2pA3IIUAcpi0s8YIOiczkzrs_LMM68wL0RN4jfUiZECFYoSXjqI2NDhjSrvXwqHsQww4kUPMgngHNp9v9Bq0n3xPVW2jvtug3_F1Rt_jNckX6Hj2FrNU1FA9DMJTwpIA9S_AwwvwcdWdubEkzB5C9zr3qs0s5noOXm_WgGJ5O42M6QqY0sINzLjUBI8vCs1_ppbkj5dw1j08mLJxxYH41GuUHZUfl40baZLTYMPYXSRfmBJLS_yLszmeg12geM1WXGAhKns4kP8rbd6ezG-5oKN5-wdvxtioTudHB4DdcbYU-MBGuu6uUORUKKrdiCcEHWsVQwG35NH2Xb-IGy_3YK-ATZ3sryNJMeRYZ3bddoODylSRNlPVUI8QvtwRh3Siq8F9QcCnDXLyovjzCZf6r6GQzEiJfX60hlXRjHYK2N62CxuMcGxc/media?maxWidthPx=400&key=AIzaSyAgucJSAxcE0tpOe1l47Xy0Rw4QehRSg94,Hemstädning|Flyttstädning|Kontorsstädning|Fönsterputsning|Storstädning|Trädgårdsarbete,"Hemstädning: skräddarsydd, regelbunden städning för privatpersoner. Flyttstädning: säkerställer rent boende vid flytt. Kontorsstädning: ren och välorganiserad arbetsmiljö. Fönsterputsning: glas, karmar och ramar. Storstädning: grundlig rengöring av alla ytor. Trädgårdsarbete: gräsklippning, ogräsrensning och beskärning.",Halmstad,"HS Städ är en lokal städfirma i Halmstad för privatpersoner och företag. Bolaget registrerades 2020 (Andreas Johansson, VD). RUT-avdrag erbjuds. Omsättning 153 tkr (2025).",2020,Andreas Johansson,0 (soloföretagare),Aktiebolag,Ja,5,6,,,,"Webbformulär på hsstad.se, telefon, e-post",Gratis offert via webbplats,Svenska,,https://maps.google.com/?cid=364780756662204832&g_mp=Cidnb29nbGUubWFwcy5wbGFjZXMudjEuUGxhY2VzLlNlYXJjaFRleHQQAhgEIAA,ChIJqzNX2vOjUUYRoLm_XSr2DwU,"High – website confirmed at adress, full registry data from bolagsfakta.se/letabolag.se",hsstad.se/kontakt | bolagsfakta.se/5592823339-HS_Stad_Halmstad_AB | letabolag.se,2026-07-25
Smooth Move flytt & städ,Smooth Move Flytt & Städ AB,559537-7234,Litorinavägen 17,302 56,Halmstad,Andersberg,070-039 00 83,,https://www.smoothmoving.se/,https://www.smoothmoving.se/uploads/2024/09/favicon.png,https://places.googleapis.com/v1/places/ChIJFe6Ruj2jUUYRDe558w9eSK0/photos/AaVGc3kKSVbwiS4UiMsfY_mHiNofbbYERfbXvbIK-GTlAbWBoYlGoXt3230AqG3_8QFCS3f-FnrSM93LTZ1zb6lkamPvH3FS41wogxj0pKst8tu9Ahh9k-zoG0ccsrku5OF2rbvMFEsP27_SUg90uCpoJMs7NNv4UC_DHh6MG57mvCy7F9EOacfS2X7_VYklBf78pAmPEsGWyYwY_bbPz-6dgwG9tQL0USylchrB0sJuqbgQZPREJ08PwUUwIMS99Tdhj61DFbFl2BzEWCbGuRzcFbW4UPNjHBzaHWtPaRwP8-iva06rZev4OTXiv_1hcVGAILxch5xKwvB2L3-dkhjWz_NguyBEgFtvHbzOi3OhmCgYYuVSOgCbTtAtPxw8g5tgLcHtILo3KaX8GjMnUSLqubSD6_F6Q-EGFBIY3oIkD28/media?maxWidthPx=400&key=AIzaSyAgucJSAxcE0tpOe1l47Xy0Rw4QehRSg94,Bohagsflytt|Flyttstädning|Transport|Bärhjälp|Flyttpackning|Utlandsflytt|Företagsflytt|Bortforsling,"Bohagsflytt: säker och försäkrad flytt med trafiktillstånd. Flyttstädning: fast pris, garanti att godkännas av hyresvärd/besiktningsman. Transport: budkörning, tungtransporter (pianoflytt), ömtåligt gods. Bärhjälp och flyttpackning. Utlandsflytt och företagsflytt. Bortforsling av skräp, tömning av dödsbo.","Halmstad, Laholm, Båstad, Ängelholm, Hässleholm, Kristianstad, Falkenberg och hela landet","Smooth Move Flytt & Städ AB är en etablerad flyttfirma i Halmstad med fina kundomdömen (4.7/5). Trafiktillstånd, ansvarsförsäkring, F-skatt och RUT-avdrag. Aktiebolag registrerat 2025.",2025,,0,Aktiebolag,Ja,4.8,145,"Killarna var jätteduktiga och noggranna med alla möbler. Rekommenderar starkt | Otroligt bra hjälp och service. Flyttstädet blev godkänt på första försöket | Bästa flytthjälpen! Försiktiga med möblerna, gick snabbt och smidigt",Trustpilot/Google 4.7,Trafiktillstånd (Transportstyrelsen); ansvarsförsäkring; F-skatt,"Webbformulär smoothmoving.se, telefon 070-039 00 83, telefon 010 707 96 07",Fasta priser per uppdrag; RUT-avdrag 50% på arbetskostnad,Svenska,,https://maps.google.com/?cid=12486333389487074829&g_mp=Cidnb29nbGUubWFwcy5wbGFjZXMudjEuUGxhY2VzLlNlYXJjaFRleHQQAhgEIAA,ChIJFe6Ruj2jUUYRDe558w9eSK0,"High – website confirmed, org-nummer verified via smoothmoving.se/hitta.se, phone confirmed",smoothmoving.se | smoothmoving.se/om-oss | hitta.se/verksamhet/smooth-move-flytt-och-stad-mseijcgb,2026-07-25
Moverent Halland AB,Moverent Halland AB,559387-8944,Herr Olaus väg 12,302 63,Halmstad,Halmstad,0735-779 669,info@moverent.se,https://moverent.se/,https://files.builder.misssite.com/ea/ef/eaefa948-52e8-48bd-b1bc-a3fd6370673e.png,https://places.googleapis.com/v1/places/ChIJgXYtouGjUUYR40NkLIXk414/photos/AaVGc3lksiYiSbEsZPMoUCwnzcWfPyT8nH8V33BrHugrI9mB6KlGjomd9D-eC7f05WdF5Qg15ZJ9trOMTA1lLxZEk4kOypYIdOjiOWh3YVA5dbw_UGcd5xNG2SKkxXS0VpAItXuCtKcDsM-BJrheIgy4ZgZbKjF7CY4-1KQTQTVUs1C1BB_PIEONEYLJ4Da_r_gdw1B7kIPhMAp8ExjpmUozPn1CgwELyrckC-E4tPhnMqpUKGIToj8hw8LWnssfVtK_B6wURmjhTAiW4xtX7yKlFhK8ORHpufLBqxRMx1Pj_jG4_gVGgpaysUX--tcZXcYgnNFD4n4giuyYVnj474z-1rfAVAIpKYrbiwYGxPJeP4eBAg-StB4NMEr24rxO1ZJtu0xcFOCAOt1ErLxqp0uskULHHNH-ZL1-xNSwYom14ZW7zA/media?maxWidthPx=400&key=AIzaSyAgucJSAxcE0tpOe1l47Xy0Rw4QehRSg94,Visningsstädning|Flyttstädning|Hemstädning|Storstädning|Kontorsstädning|Fönsterputsning|Airbnb-service|Flyttjänst,Visningsstädning: städning inför husvisning. Flyttstädning: komplett städning med garanti. Hemstädning: regelbunden städning för privatpersoner. Storstädning: grundlig rengöring. Kontorsstädning: professionell verksamhetsstädning. Airbnb-service: städning och förberedelse av uthyrningsobjekt. Städmaterial ingår. 100% nöjd kund-garanti.,"Halmstad, Falkenberg, Laholm","Moverent är en personlig och flexibel städfirma med fokus på öppen kommunikation och prisvärda städ- och flyttjänster. Värden: Reliabel, Effektiv, Noggrann (REN). Samarbete med Bjurfors, Bostad&Co, Fastighetsbyrån och Husmanshagberg. Registrerat 2022, VD Michael Luu.",2022,Michael Luu,1,Aktiebolag,Ja,4.8,45,Vi fick verkligen fin hjälp med vår flyttstädning. Mycket bra kommunikation! Rekommenderas varmt! (Ann-Sofie Wikström) | Proffsigt med mycket noggrann städning! Vi är supernöjda! (r i johansson) | Best cleaning service period... like I got new appliances (alex lundqvist),,"Moms, F-skatt, Arbetsgivaravgift registrerade","Webbformulär moverent.se, telefon 0735-779 669, e-post info@moverent.se; offert inom 24 timmar","50% RUT-avdrag på visningsstädning, flyttstädning, hemstädning, storstädning och fönsterputs","Svenska, Engelska",https://www.facebook.com/profile.php?id=100083032602486,https://maps.google.com/?cid=6837559919905096675&g_mp=Cidnb29nbGUubWFwcy5wbGFjZXMudjEuUGxhY2VzLlNlYXJjaFRleHQQAhgEIAA,ChIJgXYtouGjUUYR40NkLIXk414,"High – website confirmed with adress/phone/email, org-nummer verified via allabolag.se/moverent-kontakt",moverent.se | moverent.se/om-oss | moverent.se/kontakt | allabolag.se/moverent-halland-ab,2026-07-25
MNE Housekeeping AB,MNE Housekeeping AB,559215-8827,Klockarevägen 12,302 56,Halmstad,Andersberg,+46 70 650 63 47,mne.housekeeping@gmail.com,https://xn--hemstdning-halmstad-kwb.se/,https://xn--hemstdning-halmstad-kwb.se/wp-content/uploads/2024/02/logo-housekeeping.png,https://places.googleapis.com/v1/places/ChIJUyuxN02jUUYRK9LQ7BUTtIo/photos/AaVGc3lk02HV4Lq2-DhXzY_0EM7vN73_WEwI305736cbmzXKQRY_w7R10cCzi-dCUYXyc1SvuXHzFFi5Xb3vokXDxrEZSJ4YfmuBacwm2ARVM3MJ9mg_ToKjQVkdnoF3sp2ok0nqOTMvanmHLRAFR8yU7eV6txSzQE2tcpgVcrft0R3jFFoBbkCU-v7M1LWbFfGkVdDsgcXorKVEnzx-YNsKBsszDXHcZ2ShgH4kenmF5VyJZCM_iX2XlSIgejFwxkcNOMyiJClFaFU2-P5crDHFaScoCE8pNTcyWlLhCi-NWpGWDPjBbOMPWsALWn3Wmy85hHZ5rRL-gBsQRs_l9ptQlUj3o4fHLi_PfAkjHwqHxymb-kXFE7t0CU57iHGui2jqnXHz8K6hI9VtJBmTbqzMyZ7EM0pQMeNKKuynvRzkKOQ28-y4/media?maxWidthPx=400&key=AIzaSyAgucJSAxcE0tpOe1l47Xy0Rw4QehRSg94,Hemstädning|Storstädning|Flyttstädning|Kontorsstädning|Trappstädning|Fönsterputsning|Strykning,"Hemstädning: anpassad städning för alla rum med naturliga och icke-allergena produkter. Storstädning: säsongsbaserad grundlig städning. Kontorsstädning: ren arbetsplats för ökad produktivitet. Trappstädning: snabb och effektiv. Fönsterputsning: integrerad fönstertvätttjänst. Strykning: kläder och textiler. 17+ års marknadserfarenhet, 98% nöjda kunder.",Halmstad,"MNE Housekeeping AB är ett städföretag med lång erfarenhet och välutbildad personal. Använder moderna dammsugnings-, rengörings- och desinficeringstekniker. Naturliga och icke-allergena lösningar tillgängliga. Aktiebolaget registrerat 2019, styrelseledamot Florentina Estera Antónya.",2019,Florentina Estera Antónya,1–4,Aktiebolag,Okänt,4.9,16,Vi har arbetat med Mne Housekeeping i flera år och har aldrig blivit besvikna! Oklanderligt utförda tjänster och extremt välutbildad personal! (Robert),,"Moms, F-skatt, Arbetsgivaravgift registrerade","Telefon +46 70 650 63 47, e-post mne.housekeeping@gmail.com, webbformulär",Personliga offerter efter analyserade behov,Svenska,,https://maps.google.com/?cid=9994634457930322475&g_mp=Cidnb29nbGUubWFwcy5wbGFjZXMudjEuUGxhY2VzLlNlYXJjaFRleHQQAhgEIAA,ChIJUyuxN02jUUYRK9LQ7BUTtIo,"High – website confirmed at address with phone/email, registry data from allabolag.se",xn--hemstdning-halmstad-kwb.se | xn--hemstdning-halmstad-kwb.se/contact | allabolag.se/mne-housekeeping-ab,2026-07-25
Sanito Clean,,,Kastanjeallén 1,302 32,Halmstad,Centrum,,,,https://www.google.com/s2/favicons?domain=sanitoclean.se&sz=128,https://places.googleapis.com/v1/places/ChIJBcjEMDmjUUYRORZQEbGKHj4/photos/AaVGc3m3p5q_JCyyo7izIeYFILeCWg0ttmKoglZgJfrDhOpyKNMUooFHDgFg5TxBz3yTqgKrVUBBrmNZmuht7BrFWJboNPnhM0QHGRg44XH_6rdUzsFsdX8juubUEhRQ8PtZmnnIRV2VgrsBDuuEYwhktX_j-gpmMXDDJwe7VbjJ1YQy8ho_PjvX8nGTo5hs4Xo8urSPCIHIS_tqaWciR2qMFdPeZLeeFz10xaI9GtWbWf5GX-BtyN0WRE-IPwzcge2tzUQFBMVk4plFqmlA6IBJF7nO0Zf0vpIbviKGEX00HtAAHPJ4ervC9Q2dGaGfDSxAZTazek_ZXftLbx6dKNLYCKxZryhd1TH6ZslmlfwDxMh1mgnxBVfizryOJudUj3yY9p8IkSFfBHCi7dLkXOaF34P3UUEbg1WY3Fa5Mg2d0TH3sg/media?maxWidthPx=400&key=AIzaSyAgucJSAxcE0tpOe1l47Xy0Rw4QehRSg94,Städtjänster,Städfirma i Halmstad. Specifika tjänster ej dokumenterade via offentliga källor.,Halmstad,Sanito Clean är ett städföretag på Kastanjeallén 1 i Halmstad. Öppet mån–lör 09:00–17:00. Mycket begränsad offentlig information tillgänglig.,,,,,Okänt,5,2,,,,,,Svenska,,https://maps.google.com/?cid=4476167572757157433&g_mp=Cidnb29nbGUubWFwcy5wbGFjZXMudjEuUGxhY2VzLlNlYXJjaFRleHQQAhgEIAA,ChIJBcjEMDmjUUYRORZQEbGKHj4,"Low – only address and opening hours found; no website, phone, email, or registry match confirmed",xn--ppettider-z7a.nu/sanito-clean-halmstad,2026-07-25
Städpulsen AB,Städpulsen AB,556735-4799,Stålverksgatan 1,302 50,Halmstad,,0775-33 30 11,,https://www.stadpulsen.se,https://www.google.com/s2/favicons?domain=stadpulsen.se&sz=128,https://places.googleapis.com/v1/places/ChIJKynMzoWjUUYRMRAdx6vZhQI/photos/AaVGc3nVvElZSg0oI9M7HkPU9sOczYVngZ0IDN8MSHJYP99FSjuJbqTKin2e12OKh6TnSXiK0EBhSrfcexJ79150OdK2ATNC3v3NSmgQmvI5zzt_48l_gOxmw5ycN_CX42nXa8Cn4BA6KQjeyYDgtLg-rZAvnR6hqdlv785rtUV2It9D2XHzjgbc50AF19Yc6M1AZpgZK9WTKUEnRjuyDOqA407REpPVAlwv_dXViMCnB3n-R0yVLD4_jV5jj79Qz53sltMSJ29_-4V7LrV3fHS0lNtHpWf_-mhyXiQ6JCSEEam_cEdr_iqXrHzigk3liGB8ThFWMrqmjjwOB9wbI7Bu3WFN8HgaRAT3aB6nhqWw6IKH-OPe-g53HTP2u7edpnTS4MzxRhhFyAg4hIxw6JDyuaZJ7LmyB3LiNcgwTdBjc4Egwg/media?maxWidthPx=400&key=AIzaSyAgucJSAxcE0tpOe1l47Xy0Rw4QehRSg94,Hemstädning|Storstädning|Flyttstädning|Fönsterputsning|Kontorsstädning|Trappstädning|Golvvård|Byggstädning|Fastighetsstädning|Skolstädning|Textiltvätt|Trädgårdstjänster,"Hemstädning: regelbunden städning av hem med Svanenmärkta produkter och RUT-avdrag direkt på faktura. Storstädning: grundlig djuprengöring ett par gånger per år. Flyttstädning: garanterad kvalitet enligt checklista med miljövänliga medel. Fönsterputsning: Svanenmärkt fönsterputs utan farliga kemikalier. Golvvård: behandling av linoleum, trä och stengolv med egna maskiner. Textiltvätt: mattor, soffor, madrasser och sängar tvättas i hemmet.",Halmstad|Halland|Nordvästra Skåne|Göteborg|Stockholm|Södertälje|Mälardalen|Södermanland|Falkenberg,"Städpulsen startade sin städverksamhet 1991 och är ett Svanenmärkt, certifierat servicebolag. Sedan 2016 ingår bolaget i PIMA-gruppen. Kontor öppnades i Halmstad 2018. Bolaget erbjuder auktoriserade, trygg och Svanenmärkta städtjänster med kollektivavtal och internutbildning för all personal. Totalt ca 650 medarbetare nationellt. Utsedd till Topp 10 städfirma i Sverige 2026.",1991,,ca 78 (Halmstad-kontoret ingår i nationell stab om ca 650),Aktiebolag,Ja,4.2,5,,,Svanenmärkt städning|Auktoriserat servicebolag,Online bokning via hemsidan med direktbokning och prisberäkning|Telefon,RUT-avdrag dras direkt på fakturan (50% av arbetskostnaden). Prisberäkning tillgänglig online.,Svenska,https://www.facebook.com/stadpulsen,https://maps.google.com/?cid=181790691781578801&g_mp=Cidnb29nbGUubWFwcy5wbGFjZXMudjEuUGxhY2VzLlNlYXJjaFRleHQQAhgEIAA,ChIJKynMzoWjUUYRMRAdx6vZhQI,"High – webbplats bekräftad, allabolag-data bekräftad, adress matchar",https://www.stadpulsen.se/varjobbarvi/stadning-halmstad/|https://www.stadpulsen.se/om-oss/vilka-ar-vi/|https://www.allabolag.se/foretag/stadpulsen-ab/kista/stadservice/2K2NQGFI5YH6T,2026-07-25
Välkommen Hem Städ AB,Välkommenhem Halmstad AB,559160-7626,Linjegatan 3D,302 50,Halmstad,,070-352 69 67,pierre@vkhs.se,https://xn--vlkommenhemstd-5hbm.se,https://xn--vlkommenhemstd-5hbm.se/wp-content/uploads/2022/10/Valkommen_Hem_Stad-150x150.png,https://places.googleapis.com/v1/places/ChIJ89OYywKjUUYRrcloazrbJ00/photos/AaVGc3n4j-of6UUkYaxGogxJQdAPCpgfLOFvCTj4_oCUyeZsyPKClkukBBNQF8gHo2W-tzCMIqD69Y5tMIEMJAT_BLZGIoqY0HooofefeljugJCJ1N7wJd534WpzZwTh3biE0TdGR9enEF_wzO-EFdmcR4NBYR44eXeRwQgYgDiI_NkO7Hn5Awt0dfBYbAHT0bk6r4lF9RNmJjOb2WUdjPYweF6NLeIiy0FjSCjXw3jscCPVahngGdpCP_SuhC-sA4pHjZIIu67yC9oVL3yhlxliBGsfmA5CR9nIY2qtoKiZY18Kl81dteogidUTpaUbB0rwnXHSmEKoQhej4g9XVVAQO1Xqk8tjZ2lXv-PjWJ9GNPgeUtm46dX4lm6aIYllMtEcx6d3JucdNywbfTDZNfeHtpV239yFJDlbHI7s_N0_XNVYCg/media?maxWidthPx=400&key=AIzaSyAgucJSAxcE0tpOe1l47Xy0Rw4QehRSg94,Hemstädning|Kontorsstädning|Byggstädning|Flyttstädning|Storstädning|Visningsstädning|Företagsstäd,Hemstädning: regelbunden veckostädning med kollektivansluten personal och miljömärkta produkter. Storstädning: grundlig städning 8-12h med team om 2-3 personer. Flyttstädning: enligt mäklarsamfundets riktlinjer. Visningsstädning: noggrant planerad inför bostadsvisning. Byggstädning: borttagning av byggdamm inför inflyttning.,Halmstad|Falkenberg|Varberg|Båstad|Ängelholm|Laholm|Mellbystrand,"Välkommen Hem Städ vill förmedla känslan av att komma hem till ett välstädat hem. Grundat och drivet av Pierre Gripson. Kollektivavtal och humana arbetsvillkor för all personal. Registrerat 2018-05-30 under juridiskt namn Välkommenhem Halmstad AB. Ca 30 anställda, omsättning ca 6,8 mkr (2024).",2018,Pierre Gripson,30,Aktiebolag,Ja,2.6,5,,,Kollektivavtal,Telefon|Kontaktformulär på hemsidan,Offert via kontaktformulär. Städmedel och utrustning ingår i priset.,Svenska,,https://maps.google.com/?cid=5559653308968782253&g_mp=Cidnb29nbGUubWFwcy5wbGFjZXMudjEuUGxhY2VzLlNlYXJjaFRleHQQAhgEIAA,ChIJ89OYywKjUUYRrcloazrbJ00,"High – webbplats bekräftad och adress matchar, allabolag-data bekräftad",https://xn--vlkommenhemstd-5hbm.se/|https://xn--vlkommenhemstd-5hbm.se/om-oss/|https://www.allabolag.se/foretag/valkommenhem-halmstad-ab/halmstad/stadservice/2KH3K22I5YH6T,2026-07-25
Piga nu AB,Piga Nu AB,556828-2197,Sibiriegatan 2,302 45,Halmstad,,010-209 00 00,,https://piga.nu,https://piga.nu/_next/image?url=%2Fimages%2FPIGA_logo_utan_prickar_1_iwqij2.webp&w=640&q=75,https://places.googleapis.com/v1/places/ChIJqcVETN6iUUYRuIWyIdozrr0/photos/AaVGc3myMHpad1wJthofSkTnzjUQIl6uhNjlItEn8gjBDWxO_p0AWyzxu8w4tx1l7bzH7frQ0DQ52HYQ0OVoRrmzA3joHWE2HWtursOqHguwlk7Jwao50679ouHsFBVh5HjJ4i-0c-rrTOT_Ir1-cadi-vNukv1cwKOFdmvhutJwk0GHfA6XMZmceTtcv5EF5zETT2CeDzyUnBrNKPWESiDXmML_Mwmi8546hXTnjSwTUdLIIFMw5ulEMIrUw6F9DA_a2OiJbreswRr02f7WBqLSO2BOzUx9PU3dISqgv8RL-xt8mchkQmAe_7zY0Ry0EJQUlNcmlC0_94D9y6xMtS3P6byVa5CMCg8_x9vBkGACdhN5J3TcCnVPEePV2w6iAMWf2rluan4QTOqa373ioVg_Wd26ZBpo7dfzKl4rQ8ETHIHm9uA/media?maxWidthPx=400&key=AIzaSyAgucJSAxcE0tpOe1l47Xy0Rw4QehRSg94,Hemstädning|Fönsterputsning|Storstädning|Flyttstädning|Företagsstädning,"Hemstädning: 295 kr/timme efter RUT-avdrag inkl. moms (+99 kr/mån för material). Ingen bindningstid, fri avbokning innan kl. 07:00 städdagen. Alltid team om 2 personer. Hembesök innan offert och uppstart. Svanenmärkta egentillverkade produkter (Z-Water X-Power, Z-Water Extreme). Regelbunden, varannan vecka eller enstaka uppdrag.",Halmstad|Laholm|Ängelholm|Borås,"Piga nu AB grundades 2006 av Heli Hyyppä, ensamstående trebarnsmamma från Finland, som ville förändra städbranschen till det bättre. Bolaget registrerades 2010-12-02. Ingår i piga nu Holding AB-koncernen. VD Annie Maria Margareta Litmanen. Ca 77 anställda (2025). Omsättning ca 39,9 mkr (2025). Kollektivavtal med Almega och Byggnads. Egentillverkad Svanenmärkt produkt Z-Water tillverkas på kontoret i Halmstad.",2006,Heli Hyyppä,77,Aktiebolag,Ja,3.6,59,,hitta.se: 3.7/5 (3 omdömen),Svanenmärkt (egentillverkad Z-Water)|Kollektivavtal Almega|Kollektivavtal Byggnads,Online via hemsidan (offertformulär)|Telefon|E-post|Mina sidor-portal,Hemstädning 295 kr/timme efter RUT-avdrag inkl. moms. +99 kr/mån för material. Seniorrabatt för 68+. Förmånsstädning via arbetsgivare möjlig.,Svenska,,https://maps.google.com/?cid=13667918931077268920&g_mp=Cidnb29nbGUubWFwcy5wbGFjZXMudjEuUGxhY2VzLlNlYXJjaFRleHQQAhgEIAA,ChIJqcVETN6iUUYRuIWyIdozrr0,"High – webbplats bekräftad och adress matchar, registry-data bekräftad",https://piga.nu/hem-halmstad/|https://piga.nu/kontakt|https://www.piga.nu/om-oss|https://www.hitta.se/verksamhet/piga-nu-abpiga-nupiganu-nnrvbjkgo,2026-07-25
Actima Sverige AB,Actima Sverige AB,556786-2023,Sperlingsgatan 7,302 48,Halmstad,,035-21 25 25,info@actima.se,https://www.actima.se,https://www.google.com/s2/favicons?domain=actima.se&sz=128,,Städning av fastigheter|Fönsterputsning|Hemstädning|Företagsstädning,Actima erbjuder professionell städning för hushåll och företag i Halmstad. Verksamheten innefattar städning av fastigheter och fönsterputsning. Anlita Actima för professionellt städade utrymmen.,Halmstad,"Actima Sverige AB grundades 2009 och är ett aktiebolag baserat i Halmstad (Sperlingsgatan 7, 302 48). Kontaktperson: Jaana Lenita Savander Kron. Verksam inom städning av fastigheter och fönsterputsning i Halmstad. Org.nr 556786-2023.",2009,,10-19,Aktiebolag,Okänt,5,1,,,,Telefon,,Svenska,,https://maps.google.com/?cid=10414142824467846496&g_mp=Cidnb29nbGUubWFwcy5wbGFjZXMudjEuUGxhY2VzLlNlYXJjaFRleHQQAhgEIAA,ChIJk2Ah0hejUUYRYNWW7Lh3hpA,Medium – webbplats (actima.se) hittad via sekundärkälla men ej direkt verifierad; org-nummer och grundår bekräftat via register,https://www.bolagssajten.se/bolag/Actima_Sverige_AB/|https://www.hitta.se/verksamhet/actima-sverige-ab-klctdlgvb|https://swe.soopage.com/company/ACTIMA_b5.html,2026-07-25
"Mavro AB - Hemstädning, flyttstädning & fönsterputsning",Mavro AB,559258-7926,Linjegatan 3B,302 50,Halmstad,,076-303 04 20,info@mavro.se,https://www.mavro.se,https://usercontent.one/wp/www.mavro.se/wp-content/uploads/2021/02/cropped-Mavro-Logo-Color-32x32.png?media=1775985225,https://places.googleapis.com/v1/places/ChIJpfGvAG29UUYRJet7A3sBMhs/photos/AaVGc3lRnURtaGrPgiT3sTv8-NhOZ71u-EWZb8PrUIMzUQyKteG02c-Wid-MYkLCJJ_ukrAdW2lAKlR2GbR6wtVxSDsR1X-aHQonwPfgkTIf43lmzi_Bdz4mctzEe-uZHuap8bVKhcTC_FJAqNe_2zucDD_oe1Gf4DY-yTocr3glz8rtQyCeVLOqJuvsr4asuJzIgQlNepoWoJ3d6DVMKj2uYNZGulKjwkSjKE7WzNN45OPR2CWVx_w5MVU5UM2mpHJ7BduXVeoG7Yhxl_tYcCYSHLas7hL0J2Zqtf7ldzpKJGwlJuGEWgIOzaH-rduhYaJ4moriZ5F1dZKiDIn_e72bxRd92uCVAnZxIdGGtnmkO4YXd6s4k7zEGPaVfE-hvbOC6htA-1eRf8P8Uy0EJUhE4QO7KquBZH5t-dKZQ1NbK8pSM5Wa/media?maxWidthPx=400&key=AIzaSyAgucJSAxcE0tpOe1l47Xy0Rw4QehRSg94,Hemstädning|Flyttstädning|Fönsterputsning|Storstädning|Kontorsstädning|Industristädning|Golvvård|Byggstädning|Trappstädning|Städning av offentliga lokaler|Trädgårdsskötsel|Gårdsstädning,"Hemstädning: abonnemang (vecka/varannan vecka/månadsvis) eller enstaka tillfällen. 240 kr/timme efter RUT-avdrag inkl. moms. Flyttstädning: grundlig rengöring av alla rum inkl. fönsterputs. Trädgårdsskötsel: ogräsrensning, gräsklippning, rengöring av altandäck, plantering. Gårdsstädning: slakteristandard med livsmedelsverkets riktlinjer. Miljövänliga produkter och professionell utrustning används alltid. Telefontid mån-fre 9-18, lör 10-12.",Halmstad|Laholm|Falkenberg|Varberg|Båstad|Ängelholm,"Mavro AB är en städfirma baserad i Halmstad, grundad av Sergiu Mavromati (f. 1979) och registrerad 2020-06-08. Bolaget är försäkrat med egendomsförsäkring och ansvarsförsäkring. Personal är försäkrad mot olycksfall. Hanterar nycklar och personuppgifter med highest sekretess. Privatpersoner kan använda RUT-avdraget. Ca 18 anställda (2024), omsättning ca 7,9 mkr (2024). LinkedIn: linkedin.com/company/mavrohalmstad.",2020,Sergiu Mavromati,18,Aktiebolag,Ja,3.8,12,,,,Telefon|Kontaktformulär på hemsidan|Online bokning,Privatstäd och företagsstäd från 240 kr/timme efter RUT-avdrag inkl. moms. Trädgård: minimidebitering 2h/besök. Gratis offert.,Svenska,https://www.linkedin.com/company/mavrohalmstad,https://maps.google.com/?cid=1959630415710645029&g_mp=Cidnb29nbGUubWFwcy5wbGFjZXMudjEuUGxhY2VzLlNlYXJjaFRleHQQAhgEIAA,ChIJpfGvAG29UUYRJet7A3sBMhs,"High – webbplats bekräftad, allabolag-data bekräftad, grundare namngiven på webbplatsen",https://www.mavro.se/vara-tjanster/|https://www.mavro.se/om-oss/|https://www.allabolag.se/foretag/mavro-ab/halmstad/stadservice/2KHOKGMI5YH6T|https://letabolag.se/foretag/mavro-ab-559258-7926,2026-07-25
Hemfrid Halmstad,Hemfrid i Sverige AB,556529-8444,Enslovvägen 36,302 69,Halmstad,,010-555 85 00,hr@hemfrid.se,https://www.hemfrid.se/halmstad,https://www.google.com/s2/favicons?domain=hemfrid.se&sz=128,https://places.googleapis.com/v1/places/ChIJRZRpuhOjUUYR-LFCAPMct6g/photos/AaVGc3kpgrEGLrghKN9Sl-cxBd8oeElnaOPOigeUs5KNa66G7gdTYQ3S-aV73O2jjRb1DqtlPckGE9OSyT3Cz48LWvFbK4DTfwmr3BIhUc8fCYOHtyKjioa-o8ONh-eP12aTmF5G-ChQhUSIG6DqRgdpnUFlHDV-10TowBqYN_AaKj7UXsG5IsUgkH1PRzoZG62Noh7usbbRIh4Fs5FvT4u2SO_2EJojX11k0n8s_i_WYVC3Qnff5inpLkjKjeWe4HADJiezTjF37tLET0BkOCZM4tCnBV7YJ4IEy7ohTN63X85Gkya17-LGinqTPe63d8Gm32WU_ub-q-u5nRvsAkickIFzFxl8E6uZkTnOjqnLPrITtNI85XYCVP35rEqQkaqyfEHkmef6qF37yTMFTEaSNEkwUJoMpWqjIc1kmUs8AFFHPq79uwzK4zBxPpKZOyM-/media?maxWidthPx=400&key=AIzaSyAgucJSAxcE0tpOe1l47Xy0Rw4QehRSg94,Hemstädning|Storstädning|Fönsterputs|Flyttstädning|Kontorsstädning|Trädgårdshjälp|Trappstädning,"Hemstädning: regelbunden städning med abonnemang, hanteras via app. 50% rabatt på första fakturan för nya kunder (kampanj t.o.m. 2026-08-02). Storstädning: grundlig nystart för hemmet. Fönsterputs: abonnemang eller engångstjänst. Flyttstädning: klarar besiktning, professionell garanti. Kontorsstädning: kontoret rent och representativt. Egna städprodukter ingår alltid.",Halmstad|Tylösand|Söndrum|Snöstorp|Vallås|Fyllinge|Getinge|Haverdal|Steninge|Trönninge|Falkenberg|Varberg,"Hemfrid grundades 1996 och är Sveriges största hemstädningsföretag med över 1 855 anställda nationellt. Ingår i KEYTO Group AB (publ). Halmstadkontoret på Enslovvägen 36. Erbjuder tryggt, flexibelt och enkelt städabonnemang med app-hantering. Kollektivavtal och branschens bästa villkor för all personal. VD Jenny Kristina Kessler Mertsch.",1996,,1855 (nationellt),Aktiebolag,Ja,1,1,,"Trustpilot: positivt (Sara, Stockholm: 'Alltid professionellt bemötande... städresultatet är superbra')",Kollektivavtal|Karriärföretag (5 år i rad)|Mäster-Gasell|Digital Workplace Award,Online bokning via hemfrid.se|App (Hemfrid-appen)|Telefon 010-555 85 00,50% rabatt på första fakturan för nya kunder (t.o.m. 2026-08-02). Timbanken via app. Priser beräknas via postnummer på hemsidan.,Svenska|Engelska,,https://maps.google.com/?cid=12157217549116944888&g_mp=Cidnb29nbGUubWFwcy5wbGFjZXMudjEuUGxhY2VzLlNlYXJjaFRleHQQAhgEIAA,ChIJRZRpuhOjUUYR-LFCAPMct6g,"High – nationellt känd kedja, webbplats bekräftad med Halmstad-sida, adress matchar, allabolag bekräftad",https://www.hemfrid.se/halmstad|https://www.allabolag.se/foretag/hemfrid-i-sverige-ab/stockholm/stadservice/2K1FNRGI5YH6T,2026-07-25
KZ Service & Städ AB,KZ Service & Städ AB,556741-4973,"Nordalavägen 44, Nitaregatan 7",302 59,Halmstad,,070-585 11 31,info@kzservicestad.se,https://stadfirmahalmstad.com,https://www.google.com/s2/favicons?domain=stadfirmahalmstad.com&sz=128,https://places.googleapis.com/v1/places/ChIJFz4ScgKjUUYRfWC5WdZVRlk/photos/AaVGc3kCFVTZ3eS-HfHHk1EWHABObNsu9pkadiAAefuh3zyvNCzdy6mvmUY-HSGA9kt05e6F1E41U_p7Nh4WDLCSR4NoHi7HxoGMNbGN6lMyP5SVnyg5cG56FSol2V4TPLcebuVSOjAslxcccE2eUjse6H0cBSVCF7hW5GtWZqTv7RHM50gfqDZpdK5FAzrjIoz9SIkIaMf-vt-YzCgj16w1K6B3fz1087-FW-ISdmFUhzM2O0WADK2YLS4yR_S-xpbTbMptdcL3LwUkYUJk_c_RV61sYviXG-apvloEdUzikHAGYEyBN5DIAdjrnrqd8hgapNB0hutuN77AE85-fN3P94BdrxRmaeHB3xujGozyWzcOzmkEo8USr5ky6FevqwLv3xmz8ZgugWPGKthhjMWVBE2NPnTl2LAnnyPGiEKJfqiCVlA/media?maxWidthPx=400&key=AIzaSyAgucJSAxcE0tpOe1l47Xy0Rw4QehRSg94,Hemstädning|Flyttstädning|Byggstädning|Kontorstädning|Företagsstädning|Skolstädning|Fönsterputs|Trappstädning|Storstädning,"Hemstädning: abonnemang (vecka/varannan vecka) med RUT-avdrag 50% direkt på fakturan. Fast pris utan dolda avgifter. Samma team varje gång. Nöjd-kund-garanti. Offert inom 24h via formulär. Flyttstädning: mäklarstandard, garanterat godkänt, försäkrat. Byggstädning: grovstäd och finstäd med HEPA-filter. Kontorstädning: dagligen eller veckovis med fast månadspris. Skolstädning: belastningsregister krävs.",Halmstad|Laholm|Falkenberg,KZ Service & Städ AB är en familjär städfirma i Halmstad som tagit hand om hem och företag i Halland sedan 2012. Fast anställd personal. F-skattsedel aktiv. Registrerat 2007-11-01. Styrelseledamot: Eva Viola Katarina Lindnert. Styrelsesuppleant: Per Robert Christian Lindnert. Omsättning ca 926 kSEK (2025). Kzstad.com-domän används men stadfirmahalmstad.com är aktiv webbplats.,2012,,3,Aktiebolag,Ja,2.6,9,,,F-skattsedel,Kontaktformulär online (offert inom 24h)|Telefon 070-585 11 31,"RUT-avdrag 50% direkt på fakturan. Fast pris, inga dolda avgifter. Offert inom 24h.",Svenska,,https://maps.google.com/?cid=6432923496862015613&g_mp=Cidnb29nbGUubWFwcy5wbGFjZXMudjEuUGxhY2VzLlNlYXJjaFRleHQQAhgEIAA,ChIJFz4ScgKjUUYRfWC5WdZVRlk,"Medium – webbplats bekräftad, registry-data bekräftad, men grundår (2012 per hemsida vs 2007 reg.datum) är något oklart; 3 anställda verkar lågt givet webbsida",https://stadfirmahalmstad.com/|https://www.allabolag.se/5567414973/adresser|https://upplysningar.syna.se/foretag/5567414973/kz-service--stad-ab|https://www.largestcompanies.se/foretag/KZ-Service--Stad-AB-461529,2026-07-25
Har lig Städ AB,Härlig Städ AB,559379-2376,"Plogvägen 107, Lgh 1301",352 53,Växjö,Väster,,,,https://www.google.com/s2/favicons?domain=upplysningar.syna.se&sz=128,https://places.googleapis.com/v1/places/ChIJ7_2phPfBUEYRGNjh5ydfSuE/photos/AaVGc3kZhyhqycmv_6VMiE2XJ1Sbf683lxAmi0c9iwwuheIlXK7GXz5RmqfC3w8Sv4zpCL4T-nFRsAhxyKLG6y-r7qbWGeOIBfNzW9drS6axRmY4BEEc3dSs-WCp3kfsVfrUKYRGfrLamWjtIG2fxd5viNNGIqUgAzcTrvlBZjL9AtZ5gPCfY2i08yzXZeFLCwlhnGvQJ06wvjO60uB0To1Aybh6YrP1eXoMxBFZsehI5qNPKbIGxoW5XHgfXVlRFypU98B2Q0tbDHt-16oTpJyD4jRkC6HaFBi4Bzcz_oHTUG6bREbsfx3G1wB5WM1t5sp20wnAxnAOL5zF1Hk99TGRSmDkEGmRIIKqjz4E297g8W7jZOIOHNIkQpq4B0eFqwHvsVzpCIJFACmjqJbNHepNY6bl9bRtbdkfULjChVp852Q?key=AIzaSyAgucJSAxcE0tpOe1l47Xy0Rw4QehRSg94,Städverksamhet|Rengöring|Lokalvård|Måleriverksamhet,"Städtjänster med fokus på kunder i Kronobergs län. Verksamheten innefattar städverksamhet, rengöring, lokalvård och måleriverksamhet.",Växjö|Kronobergs län,Härlig Städ AB är ett aktiebolag registrerat 2022 i Växjö. Bolaget tillhandahåller städtjänster med fokus på kunder i Kronobergs län. Kontaktperson: Asif Mannan Tamal (styrelseledamot). Bolaget hade sjunkande omsättning (6 604 kr under räkenskapsåret 2025) till följd av svårigheter att rekrytera kompetent personal.,2022,Asif Mannan Tamal,0,Aktiebolag,Okänt,5,6,,,,,,,,https://maps.google.com/?cid=16233892431809075224,ChIJ7_2phPfBUEYRGNjh5ydfSuE,Medium — registry data confirmed via Syna/Näringslivsregistret; no website found; low turnover suggests limited current activity,upplysningar.syna.se|xn--nringslivsregistret-gwb.se|Google Maps Places API,2026-07-25
Mellansvenska Städ AB,Mellansvenska Städ Aktiebolag,556068-8300,Storgatan 72,352 46,Växjö,Centrum,0470-488 84,vaxjo@mellstad.se,https://mellstad.se,https://mellstad.se/wp-content/uploads/2021/11/mellstad_logo.png,,Hemstädning|Kontorsstädning|Trappstädning|Flyttstädning|Byggstädning|Butiksstädning|Storstädning|Vård och omsorgsstädning|Industristädning|Fönsterputsning|Golvvård|Mattvätt|Skolstädning|Städning offentliga miljöer,Hemstädning: professionell städhjälp i bostäder. Kontorsstädning: håller lokaler representativa. Trappstädning: entréer och trapphus. Flyttstädning: skinande resultat med nöjd-kund-garanti. Byggstädning: grov- och slutstäd. Butiksstädning: fräscha butiksmiljöer. Storstädning: djuprengöring. Vård och omsorg: hygienisk städning. Industristädning: specialrengöring.,Växjö|Gävle|Göteborg|Jönköping|Linköping|Malmö|Sandviken|Stockholm|Uppsala|Värnamo|Västerås|Örebro|Östersund,Mellansvenska Städ AB är ett familjeägt städbolag grundat 1957 i Uppsala av Alvar Svärling och drivs idag av hans tre söner. Företaget är ett av Sveriges äldsta och största familjeföretag inom städbranschen med ca 300 årsanställda och över 600 fasta kunder. Växjökontoret ligger på Storgatan 72. ISO-certifierade sedan 2000 (ISO 9001:2015 och ISO 14001:2015). Auktoriserat serviceföretag via Almega. Kollektivavtal med Fastighetsanställdas förbund och Kommunal.,1957,Alvar Svärling,235,Aktiebolag,Ja,5,7,"Det är städföretag som ge den bästa service! (Ludmila Tsvetkova)|Rent, fint, trevligt personal! (sorin196930 marin)|Mellansvenska städ AB i Växjö är toppenbra. Tack Kata för perfekt och trevlig service (Christina Persson)",,ISO 9001:2015|ISO 14001:2015|Almega auktoriserat serviceföretag,Telefon|E-post|Webbformulär på mellstad.se,"Prisförslag på begäran. RUT-avdrag tillämpas – privatpersoner betalar 50% av arbetskostnaden. Avbokning kostnadsfri 5 arbetsdagar före, därefter 50% av priset.",Svenska,,https://maps.google.com/?cid=10891646254978909153,ChIJeQLbkQwkV0YR4UM7_4_mJpc,High — website confirmed with Växjö address and phone; registry data from Bolagsfakta/Allabolag; ISO-certifikat och Almega-auktorisation verifierat,mellstad.se|mellstad.se/om-oss|mellstad.se/vara-kontor/vaxjo|hitta.se|bolagsfakta.se|allabolag.se,2026-07-25
Hem och kontor AB,AM Hem och kontor AB,559258-0509,Arabygatan 53,352 46,Växjö,Centrum,010-179 9966,,https://hemochkontor.se,https://usercontent.one/wp/hemochkontor.se/wp-content/uploads/2024/03/cropped-Hemochkontor-Site-Icon-32x32.png,https://places.googleapis.com/v1/places/ChIJNS6CzAAjV0YRnWXL_aXv0n4/photos/AaVGc3kfGJvO0Q2dn5nrYHveh_YInCFIohzQrMRyy6e895VRTu_AyWuISb40YonJD7rvIkge6CDyuSJxKiLHCWNhqffbEIAcNZ6Wo72KSipM--77uq6W72XStO45jsEYLGi2gncWModSTDWLLkmqp08H6Ra60CYX7YYiExxOrRjUjnw4IDGLqLsIU5HXQidRoSyFV-5synqcea4kEZfvFW7tS5EurHYHszOINd8KkFXPS37gkWU4IBU3KPMvTGGzIVMcNhh0oojjfE8NhzNv2RHoeJeiWGJ5ze2pi0KqlbgM3kFL32E57LMJI8V-iDD-O6WAssM5QevOm4CiD5mubSyt1AF_WTXkzMVOAEwqFug6KmvEGScN5YT-uXOa8TbguE4iWw4r12ZUhUBC5BgNSM_errhPmAPLScajAd35jS-G3lmfLg?key=AIzaSyAgucJSAxcE0tpOe1l47Xy0Rw4QehRSg94,Hemstädning|Veckostädning|Fönsterputs|Storstädning|Slutstädning/Flyttstädning|Dödsbostädning|Företagsstädning|Butiksstädning|Kontorsstädning|Trappstädning|Byggstädning|Vaktmästeri|Flytthjälp,"Hemstädning: bostadsstädning med RUT-avdrag, veckovis eller varannan vecka. Fönsterputs: in- och utsida. Storstädning: grundlig uppfräschning. Slutstädning/Flyttstädning: garanti på utfört arbete. Dödsbostädning: specialrengöring. Företagsstädning: kontor, skolor, butiker och industrilokaler. Trappstädning för BRF och hyresvärdar. Byggstädning. Vaktmästeri: snickeri, installationer, snöskottning.",Växjö|Alvesta|Lessebo|Ljungby|Tingsryd|Uppvidinge|Älmhult|Braås|Gemla|Ingelstad|Lammhult|Rottne|Kronoberg|Småland,"Hem och kontor AB (juridiskt AM Hem och kontor AB) är ett Småländskt städbolag grundat 2020 med huvudkontor på Arabygatan 53 i Växjö. VD är Andy Renard, medgrundare Mitra Ghadiri. Företaget är medlem i Almega, försäkrat via Länsförsäkringar Kronoberg och har kollektivavtal med Kommunal. Bolaget bedriver hemstädning och lokalvård för privatpersoner, företag, föreningar och myndigheter i hela Kronoberg och Småland. Har engelskspråkig webbsida (hemochkontor.se/english). LinkedIn: linkedin.com/company/hemochkontor.",2020,Andy Renard|Mitra Ghadiri,5-6,Aktiebolag,Ja,4.7,11,,,Almega-medlem|Kollektivavtal Kommunal|FORA försäkringsskydd,"Telefon 010-179 9966 (vardagar 08-18, lördagar 10-15)|Webbformulär på hemochkontor.se|Jourtelefon 070-798 9812",Fasta priser och konkurrenskraftiga offerter. RUT-avdrag: 50% på arbetskostnaden. Prisuppgifter via offertförfrågan.,Svenska|Engelska,https://linkedin.com/company/hemochkontor,https://maps.google.com/?cid=9138630090094765469,ChIJNS6CzAAjV0YRnWXL_aXv0n4,High — website with full contact/org details confirmed; registry data from allabolag.se och nearingslivsregistret; VD och grundare namngivna,hemochkontor.se|hemochkontor.se/info|hemochkontor.se/kontakt|allabolag.se 559258-0509|xn--nringslivsregistret-gwb.se,2026-07-25
Rennano,Rennano,,Arabygatan 82 B,352 46,Växjö,Centrum,076-447 27 32,info@rennano.se,https://rennano.nu,https://rennano.nu/wp-content/uploads/sites/75/2025/04/10001-1.png,https://places.googleapis.com/v1/places/ChIJY-0k0ERrI2cRhLX_DQa1D2w/photos/AaVGc3mYTdDPe4ZiVVTsKP_C6nM6hECV1V4eciOHlb_eW3GXCWcblbdVtMBN40Ll-ydaj0PvKTcmtGMA4Pxp4hgyJT-fSVIJN7E32Fm6E5QMfcePG74g74mwBCbdmO8505XpAEf7HVdDElSt_Lwpojnu1CPKIBxNOuAynwSWtfhXdP4P2uYQM58Q82cCSIEwQUrbXitc2fO-XXYC52vGY_nTdZr8LFDv2kO1qEeM10uhDj8jNn4mHHqpbZhxvP8UwZVs5AxhlWci-Njo3C72hYayyjqdCPlpfKl_9ytq122MVaxXkx0LAsWVVGULszXupU4hi3d2nOYOlIPgnKcg6rYS75mvYK1qu9vauxwZj9gIYhLrlIQY5AM3m8nZpQgLjeIDpc3TdlaIyK6lUuI_D0ooL7MXG8jSgd0Ip6Dp-1rjFQnkkxoc9zDfR1P0PM33Rg?key=AIzaSyAgucJSAxcE0tpOe1l47Xy0Rw4QehRSg94,Hemstädning|Flyttstädning|Fönsterputsning|Kontorsstädning|Trappstädning|Biltvätt (vattenfri)|Mattvätt|Sofftvätt|Fasadbehandling|Altanrengöring,"Hemstädning: veckovis (199 kr/h), varannan vecka (219 kr/h), varje månad (229 kr/h) + framkörningsavgift min 60 kr. Fönsterputsning: utvändigt 12 fönster 350 kr efter RUT. Kontorsstädning: 350 kr/tim. Biltvätt vattenfri med nanoteknik: grundtvätt personbil från 399 kr. Mattvätt: från 169 kr/kvm. Flyttstädning: 0-30 kvm 1 850 kr, 31-40 kvm 2 199 kr (priser efter RUT-avdrag). Sofftvätt: hörnsoffa 1 200 kr.",Växjö,"Rennano är en modern städfirma i Växjö som kombinerar nanoteknik med miljövänliga metoder. Erbjuder hemstäd, flyttstäd, fönsterputsning, biltvätt och mattvätt. Registrerad som enskild firma, besöksadress Högsbyvägen 3, 352 74 Växjö (leveransadress Arabygatan 82 B). Arbetar enligt SRY branschstandard för kvalitet. Kunder: privatpersoner, företag och bostadsrättsföreningar i Växjö.",,,,Enskild firma,Ja,4.9,30,"Fantastiskt jobb – varmt rekommenderad!|Jag är väldigt nöjd med denna städtjänst! Miljövänliga produkter, skinande rent (reco.se)|Företaget håller en mycket hög kompetensnivå och arbetar enligt SRY (reco.se)",reco.se: 5.0/5 (6 recensioner),SRY branschstandard för lokalvård,Webbformulär på rennano.nu eller rennano.se|Telefon 076-447 27 32|Telefon 076-928 30 34,Hemstäd: 199-229 kr/h (efter RUT). Fönsterputsning utvändigt 12 fönster: 350 kr. Kontorsstäd: 350 kr/tim. Biltvätt grundtvätt personbil: 399 kr. Mattvätt: 169 kr/kvm. Flyttstäd 0-30 kvm: 1 850 kr (efter RUT). Framkörningsavgift min 60 kr.,Svenska,,https://maps.google.com/?cid=7786641318356170116,ChIJY-0k0ERrI2cRhLX_DQa1D2w,Medium — website confirmed med priser och tjänster; enskild firma bekräftad via hitta.se; org-nummer ej publicerat; Google Maps-adress Arabygatan 82B men besöksadress Högsbyvägen 3,rennano.nu|reco.se/nano-tvatt-och-stadning-vaxjo|hitta.se/verksamhet/nano-tvatt-stadning-vaxjo|rennano.se,2026-07-25
Bäst Städ BS,Bäst Städ BS,900424-XXXX-00001,Kungsvägen 61G,352 33,Växjö,Väster,,,,https://www.google.com/s2/favicons?domain=bolagsfakta.se&sz=128,https://places.googleapis.com/v1/places/ChIJdcnnhd0jV0YRdUs6NpIvIYA/photos/AaVGc3mxDF3OjfHMTpY8pPz6Ekbnz_tUIqhvV9aKJGBBO7fKE2TvutcZBDTPejwUW6_DcFX5SZoLetkmj0QevX2WrOGavShKHyzzqvXcktKQZZOQaDF0EwD1Vt29iMn01-v_TJtTe5GUcPGSThI9fg2YiJtlmbqEJFPxWqLPvof23yG2WXSEheicJ-iNn7k6oI3RnZUjpzQFmxBXqZVzxxcV--HvFGxv8eMDSMGdSXaKAcbTobtC5NosyM6rOzXAZSny-FW3iDzv70ltE1FAwSRR1ze7QIuP8HeVzEIexbTzoH0K9jgYbmSzuQO9cnoUkJnXQwaNPMn9M3YR81cL02uJt-G6XRed-KY-TDNtGSL__-PNPf9pPpYV7NiNcruigeclt1x8mAsvLDah9v9SaFEpbmnejt2-dtMQOnc8wSIaCWg?key=AIzaSyAgucJSAxcE0tpOe1l47Xy0Rw4QehRSg94,Hemstädning|Storstädning|Flyttstädning|Fönsterputs|Städning av byggnader|Kontorsstädning|Skolstädning,"Tillhandahållande av städtjänster för alla byggnader, kontor och skolor. Hemstädning, storstädning, flyttstädning och fönsterputs i Kronobergs län.",Växjö|Kronobergs län,"Bäst Städ BS är en enskild firma registrerad 2020-08-26 i Växjö med innehavare Ibrahim S M Alshaikh Shaker. Verksamheten är tillhandahållande av städtjänster för alla byggnader, kontor och skolor (SNI 81210). Registrerad som arbetsgivare och för F-skatt sedan 2020-07-10. 1-4 anställda.",2020,Ibrahim S M Alshaikh Shaker,1-4,Enskild näringsidkare,Okänt,5,1,,kundernas.se: 5.0/5 (2 recensioner),,,,,,https://maps.google.com/?cid=9232713016107748213,ChIJdcnnhd0jV0YRdUs6NpIvIYA,Medium — registry data bekräftad via bolagsfakta.se; infoisinfo.se anger tjänster; ingen webbplats hittad; org-nummer delvis maskerat (enskild firma),bolagsfakta.se/900424NHSF00001|infoisinfo.se/bast-stad-bs|kundernas.se/kapitalstadning,2026-07-25
Kapitalstädning,Kapitalstädning,,P G Vejdes väg 22B,352 52,Växjö,Södra,+46 76 754 85 43,,https://kapitalstadning.business.site,https://www.google.com/s2/favicons?domain=kapitalstadning.business.site&sz=128,https://places.googleapis.com/v1/places/ChIJJQzx0aIhV0YR4-hYbGkDyzE/photos/AaVGc3mMxSArRtYN2maTkL_G8gdSNLuL-8W0HmGwHbfeYV3XNL3zb4Ia5vTEDuMwVlytvDkRzM0fWcuFbbFyDvfAJbgOatm5qCQZhtCwnXyfnV_q9eNxZLGz1NuhqeBuEZ8mJUXPjCMCw6n67lLreSdlSOPbZzDXwhE_oZGRvnCjsA6QW0-7WJsLSltysU_E_X4Z_HI2qeeAALqk14_aZF7CZJSriddq2b4aJ9ieenGh58ZKRlbxoAhtdnt2aoLd0F3cRUn02-s4vxu7yGwj9zWBFVSwQ2OPAJjRCZeNjdojN1nJjxp6oeYS0kYD3EqkpA7QIRp6c7zpKvYuEm0ssCk54mTYXx_RHHJPLBrmIkf4rqn9DBv7s9qCyPWHR8owxDE4aJXAtNyOgGh6-D2C6v6YdId_WJ-4DNRCfmtHPPYI2CNscus?key=AIzaSyAgucJSAxcE0tpOe1l47Xy0Rw4QehRSg94,Hemstädning|Städtjänster,Kapitalstädning erbjuder städtjänster (house cleaning service) i Växjö. Specifik tjänstelista ej publicerad på tillgängliga sidor.,Växjö,"Kapitalstädning är ett städföretag verksamt i Växjö på adress P G Vejdes väg 22B, 352 52 Växjö. Kategoriserat som House Cleaning Service. Hemsida via Google Business Profile (business.site). Org-nummer och juridisk form ej fastställt via tillgängliga offentliga register.",,,,,Okänt,5,2,"Bästa städtjänst jag någonsin använt (Ahmet Muaz, Google 2022)",,,Telefon +46 76 754 85 43|Webbformulär på kapitalstadning.business.site,,,,https://maps.google.com/?cid=3587965279454947555,ChIJJQzx0aIhV0YR4-hYbGkDyzE,Low — adress och telefon bekräftade via FöretagsProfs och kundernas.se; inga registreringsdata hittade; webbplats är Google Business site; mycket begränsad offentlig information,foretagsproffs.advokater24.nu/kapitalstadning|kundernas.se/kapitalstadning|Google Maps Places API,2026-07-25
Nöjd städ och puts,Nöjd Städ & Puts i Sverige AB,559552-9750,Tuvanäsvägen 10,352 52,Växjö,Södra,073-967 98 01,,https://www.stadfirma-vaxjo.se/,https://www-static.stadfirma-vaxjo.se/wp-content/uploads/2024/09/nojdstad-ny-logga__1_-removebg-preview-150x150.png,https://places.googleapis.com/v1/places/ChIJvdFzn_YjV0YRpjgehFxY-_k/photos/AaVGc3nchgQP_6-bHX12cOrh8A4LvZdESk-gAnpDAQIGENhlBWi74qVpvlv3zPDsnfAkHLZmW5HqiGqi-pLREjDHC1ckryi9rPd_SiIwL6iaG0LezOM2y-h-gdRgvYR2o9Hpxr7ZomJn06j7P4EkomFsU0kgxatELGNIFnTEdUCdCqCXu1VyJA_JWgLqYte5m7KT16of26eYg1bP0wrey99jcrZ36nnh_EYs5DqDMHmYkH_mIaDDy4llmhUnwtywLjSpLw3BdcuZtFz0KzyKdTXrM040kje0vkRTTYyjpTHarseZdGgTLRdHGZhBbTytml9Qign-uK7zkJa2IyO_o0M3YsIxDv_40952feeXi2R4v1dfOzbKQLUHY3n9QFbKWr1WBoPPSQAGXOP4W-wzF4gEr0jAZ4HEIMJr0oiaWEYlitbnrBGaxcOA1u3DMWbgww?key=AIzaSyAgucJSAxcE0tpOe1l47Xy0Rw4QehRSg94,Hemstädning|Kontorsstädning|Flyttstädning|Fönsterputs|Storstädning|Golvskurning|Byggstädning|Visningsstädning|Bodstädning,"Hemstädning: regelbunden städning av hem, dammsugning, fuktmoppning, rengöring av köksytor och badrum, dammtorkning. Pris 219 kr/h efter RUT. Flyttstädning: grundlig slutstädning inför besiktning, vi närvara vid besiktning. Fönsterputs: professionell puts inne och ute. Storstädning: djupgående städning vid flytt eller renovering. Kontorsstädning: städning av arbetsplatser.",Växjö|Kronobergs län,"Nöjd Städ och Puts är ett städföretag i Kronobergs län som levererar professionella, skräddarsydda städtjänster. Vi städar allt från mindre bostäder till större kontor och har ett öga för detaljer. Hemstädning kan schemaläggas månads- eller veckovis till fast månadskostnad, eller vid enstaka tillfällen till timpris. Inga bindningstider. Vi tillhandahåller all nödvändig utrustning och städmedel.",2025,Mustafa Mehdi Hussain Khan,1-4,Aktiebolag,Ja,4.9,135,"Renaste fönstren efter fönsterputsen. Tack! | Grymt nöjd! Supersmidigt och bra service | Mycket bra! Snabb hjälp och flexibla med både städning och nyckelhantering | I had a very positive experience — professional, friendly, easy to communicate with. Passed inspection without any concerns.",Reco.se 4.8/5 (385 omdömen),,Telefon: 073-967 98 01 | Webbformulär på stadfirma-vaxjo.se,Hemstädning från 219 kr/timme efter RUT-avdrag. Ingen bindningstid. Framkörningsavgift kan tillkomma.,Svenska|Engelska,,https://maps.google.com/?cid=18013088288975239334,ChIJvdFzn_YjV0YRpjgehFxY-_k,"High — website confirmed, registry confirmed (allabolag/nearingslivsregistret), phone confirmed via reco.se",https://www.stadfirma-vaxjo.se/ | https://www.reco.se/nojd-stad-och-puts-i-vaxjo | https://www.allabolag.se/foretag/nojd-stad-och-puts-i-sverige-ab | hitta.se,2026-07-25
Växjö städmiljö - Städfirma Växjö,Växjö Städmiljö,,Mejselgatan 2a,352 46,Växjö,Centrum,0470-57 13 14,info@vaxjostadmiljo.se,https://vaxjostadmiljo.se/,https://vaxjostadmiljo.se/wp-content/uploads/2019/06/new_vaxjo_stadmiljo_logo_small.png,https://places.googleapis.com/v1/places/ChIJ9ZVrRmclV0YRj35GUvX91jA/photos/AaVGc3mY9-Uk4HCxujpUxoBEnABa_EkkEWrgY6Q-irCwVeuCq8Rc62oD3nX66yEGFHiD_jQi-AqbtV_xFNiNrdcIwNQZRRwDk8ll_8TGUtm4fSLHdxCBl1QQ3HxeEIQB3zDZ0nztDOklP6GXJh2L-EsYILemaZkUI-P5vjiUqiD4BWzAaDOvqbIdregB7Od6LEkmNuuxjFIs3kZhuMe2PnAFMQK-qEWSFxwnp9WrGOs0ZcY4VqkIUlfvImY3_tQBOA7BvWxNfFmN9cAI5TsUvYLqvOGp4cZnfaBuKPsXMcsJb7H-yRkDd9dJpnvgFyhR975Q7PYsR97nQMKqS1ezfvx_DQY5CpQjviAXy0mn_hR5N-jQRhBLGbL8AOc0ggG3xSQhltnamYBjI23YAjI1L1fpAEmTdUrOV5v1ljL2cT8ErtTV6OIG?key=AIzaSyAgucJSAxcE0tpOe1l47Xy0Rw4QehRSg94,Hemstädning|Flyttstädning|Fönsterputs|Kontorsstädning|Byggstädning|Dödsbostädning|Industristädning|Hotellstädning|Målning|Tapetsering|Golvläggning|Flytthjälp,"Hemstädning: abonnemang veckovis, varannan vecka eller månadsvis — alltid samma städare. Innefattar dammsugning, våttorkning, spegelputsning, rengöring av WC m.m. Flyttstädning: grundlig rengöring, 14 dagars garanti, närvaro vid besiktning. Kontorsstädning: dammtorkning, dammsugning, tömning av papperskorgar, WC-rengöring. Dödsbostädning: diskret och omsorgsfull. Industristädning: golvvård, WC-städning, avfettning.",Växjö|Nybro|Lessebo|Emmaboda|Åseda|Ljungby|Alvesta|Vetlanda|Rydaholm|Sävsjö|Kronoberg,"Växjö Städmiljö är en städfirma i Växjö med omnejd. Vi erbjuder fantastiskt bra priser på allt inom städ. Vår duktiga personal ger dig avlastning i vardagen. Vi utbildar kontinuerligt vår personal och all personal är fullt försäkrad och har tecknat sekretessavtal. Vi använder endast miljömärkta rengöringsmedel och material. Öppettider: Mån-Fre 07:00-17:00, Lördagar 10:00-14:00.",,,,Enskild firma,Ja,4.8,98,Flyttstäd. Professionella och mycket noggranna. Noggrann och bra genomgång vid besiktning. | Supernöjd! Noggranna och trevliga. | Det är skinande blankt när de lämnar lägenheten. Ber jag om något lite extra att få utfört sker det genast.,Reco.se 4.2/5 (26 omdömen),,Telefon: 0470-57 13 14 | Mobil: 076-01 02 146 | E-post: info@vaxjostadmiljo.se | Offertformulär på webbplatsen,Offert på begäran. RUT-avdrag tillämpas för privatkunder.,Svenska,,https://maps.google.com/?cid=3519279388925787791,ChIJ9ZVrRmclV0YRj35GUvX91jA,"Medium — website confirmed, contact confirmed, legal form from hitta.se (enskild firma) men organisationsnummer ej hittat i tillgängliga källor",https://vaxjostadmiljo.se/ | https://vaxjostadmiljo.se/kontakt/ | https://vaxjostadmiljo.se/om-vaxjo-stadmiljo/ | https://www.reco.se/vaxjo-stadmiljo | hitta.se,2026-07-25
"Jätterent Städ - Hemstäd, flyttstäd & företagsstäd",Jätterent Städservice Sverige AB,559441-1224,Illervägen 7,352 45,Växjö,Öster,0470-780 340,hej@jatterent.se,https://jatterent.se/,https://www.google.com/s2/favicons?domain=jatterent.se&sz=128,https://places.googleapis.com/v1/places/ChIJE2kzhacjV0YRSbJHdog-RbQ/photos/AaVGc3kh36OpfbAUe7qwS8_a3wzkSIr0jOwyFwdmE3Dtna93y8aNjW4OGgD4v7K1UgHV7sRVHu6KSHbIISnfqqmjP9n43kvqOjxVd7SPBaIGqgCUZw2WDFODRLUSMXO3NQE4y7ACu5o5ycSyU7xY-scCgJv2WDsabuOMPCAmgjhf-5Qr5dHmy4vSPbKUF8e3244eyRcYgFvZM3b6Vm2qDUHUNsrW570u6lk55YQk1hMSv2L7TiJs6EH39klg75RijH1ZU4WKqTf-3gmfYYe43uTisZhchwgEIyTT2bqx5b-rg7ivQfpHqBZx-zzUqAlGuhC31pzKyMt9pBJAwD2F9pL92tsscFBMEbjzjpawMxb8mo257imtlL3pAhMUXab4mUKQwCTzEpVx0un0RPXthXO_E2uZLZUbuRU8cje184GQSWyBx7Jx?key=AIzaSyAgucJSAxcE0tpOe1l47Xy0Rw4QehRSg94,Hemstädning|Flyttstädning|Storstädning|Fönsterputs|Kontorsstädning|Trappstädning|Dödsbostädning|Byggstädning|Hotellstädning|Visningsstädning|Golvvård|Trädgårdstjänst,"Hemstädning: veckovis eller vid enstaka tillfällen, 320 kr/h efter RUT. Abonnemang från 210 kr/h (4 ggr/mån). Flyttstädning: följer mäklarförbundets riktlinjer, städgaranti, fönsterputs ingår, RUT-avdrag direkt på fakturan. Priser fr 1 980 kr (0-30 kvm) efter RUT. Storstädning: djupgående genomgång. Fönsterputs: 32 kr/sida för 1-15 fönster. Trädgårdstjänst: gräsklippning, häckklippning, ogräsrensning med RUT.",Växjö|Växjö med omnejd,Jätterent Städ är ett professionellt städföretag i Växjö grundat 2023 av Pamela Mrad (VD) och Patric Mrad (Operativ Chef). Vi använder miljövänliga och skonsamma rengöringsprodukter. Bolaget är försäkrat och erbjuder garanti på samtliga tjänster. Omsättning 3 906 000 kr (2025) med 4 anställda.,2023,Pamela Mrad,4,Aktiebolag,Ja,5,76,"Beställde flyttstädning från Jätterent städ och är supernöjd. Lätt, smidigt och bra bemötande. Besiktningen gick igenom utan anmärkning. | Fantastiska! Gjorde ett briljant jobb, hade regelbunden kontakt med kund och jobbade dag, kväll, helg med flyttstädningen! | Bästa städfirman i Växjö!",,,Telefon: 073-500 05 40 (Pamela) | 073-514 11 00 (Patric) | E-post: hej@jatterent.se | Offertformulär på jatterent.se,"Hemstädning 320 kr/h efter RUT. Abonnemang: 1 ggr/mån 2h à 300 kr/h, 2 ggr/mån 2h à 240 kr/h, 3 ggr/mån 230 kr/h, 4 ggr/mån 210 kr/h. Flyttstäd fr 1 980 kr (0-30 kvm) efter RUT. Fönsterputs 32 kr/sida (1-15 fönster).",Svenska,,https://maps.google.com/?cid=12989857456040948297,ChIJE2kzhacjV0YRSbJHdog-RbQ,"High — website confirmed, registry confirmed (hitta.se/allabolag), VD och kontaktuppgifter bekräftade",https://jatterent.se/kontakta-oss/ | https://jatterent.se/vara-tjanster/ | https://jatterent.se/priser/ | hitta.se (Jätterent Städ & allservice),2026-07-25
Agnieta Städ och hemservice,Agnieta Städ Och Hemservice AB,559088-9225,Arabygatan 49,352 46,Växjö,Centrum,0723-23 23 99,kontakta@agnietastad.se,https://agnietastad.se/,https://agnietastad.se/wp-content/uploads/2025/04/Agnieta-stad_logo.png,https://places.googleapis.com/v1/places/ChIJ1WlLsNIDV0YRHvS-2C5Ff2Y/photos/AaVGc3mZ44TIrpV3BQJSS-SqlNO12MeQiZQBWyAQFYq0t-Gu3VBlKXQHNhxVtRQXgH-VooGZHkg1LdPAbLi-fWqtXZW-pjUNmTs3TYBVLPivDNhztr7ctWrOz6ZObYosixHnW8faUTdzJ-X34YSsyWxP0nzvFH1cHYUj6QO7BNM1fPpqllvyM_XyI7ZVUf0U6-2wougxVhgWS-PEPoKU_oTljpmTVHJg0OsOD1R1IOsEkwc1YyqcBWO22mAdtxwpEyYpStB-lTtKUxByOUmWoRVlsCiz0TCXRn8NQXOZwpgiRfrtXGZdaELrJQU4IM-_OOcECY0wqdFOeIbOx8ZzpeF8OSsN8N-enAD-FCF3wfjxNqUv65X3cD0wfRT-PIr6hSVQ0fZz5DqPdC8dYLswXU3zrvLM5QB20ENkY5LOjR7tUpNt-xiK?key=AIzaSyAgucJSAxcE0tpOe1l47Xy0Rw4QehRSg94,Hemstädning|Kontorsstädning|Flyttstädning|Fönsterputs|Storstädning|Dödsbostädning|Företagsstädning|Visningsstädning|Ångrengöring|Strykning|Matt- & Möbeltvätt|Golvvård|Byggstädning|Trappstädning|Butiksstädning|Hotellstädning,"Hemstädning & veckostädning: skräddarsydd regelbunden rengöring för Växjö och omnejd. Flyttstädning med garanti: detaljerad checklista, godkänd av hyresvärd/köpare, eventuella brister åtgärdas. Fönsterputs: ekologiska medel, maximalt ljusinsläpp. Ångrengöring: djuprengöring av kök, badrum eller textilier. Golvvård och Matt- & Möbeltvätt som tilläggstjänst.",Växjö|Alvesta|Lessebo|Tingsryd|Kronobergs län,"Sedan 2013 har Agnieta Städ & Hemservice AB hjälpt privatpersoner och företag i hela Kronoberg att skapa trivsel och renlighet i vardagen. Grundad och ledd av Agnieta Grigoryan (VD, f 1989). Bolaget har växt från en liten lokal aktör till en pålitlig städfirma. Vi arbetar med miljövänliga och ekologiska städmedel och erbjuder nöjdhetsgaranti. Omsättning 7 645 000 kr (2024) med 20-49 anställda.",2013,Agnieta Grigoryan,20-49,Aktiebolag,Ja,4.7,83,"Agnieta Städ & Hemservice AB är mycket noga med städningen och hela huset skiner! | Vi har anlitat Agnieta Städ & Hemservice AB i mer än ett halvår, 2 gånger i månaden. Det fungerar jättebra. | Nogrann, snabb och alltid med perfekt resultat.",,,Telefon: 0723-23 23 99 | 0723-18 11 28 | E-post: kontakta@agnietastad.se | Offertformulär på agnietastad.se | Instagram | Facebook,RUT-avdrag: 50% av arbetskostnaden direkt på fakturan. Priser på begäran via offertformulär.,Svenska,https://www.instagram.com/agnietastad/ | https://www.facebook.com/agnietastad.agnietastad/,https://maps.google.com/?cid=7385697981418107934,ChIJ1WlLsNIDV0YRHvS-2C5Ff2Y,"High — website confirmed, registry confirmed (allabolag org.nr 559088-9225), VD bekräftad, grundat år från webbplats",https://agnietastad.se/ | https://agnietastad.se/kontakt/ | https://agnietastad.se/om-agnieta-stad-hemservice-ab/ | https://www.allabolag.se/foretag/agnieta-stad-och-hemservice-ab,2026-07-25
Komplett service - Städfirma i Växjö,Komplett Service Sverige AB,559496-4818,"Ulriksbergspromenaden 86, a",352 47,Växjö,Väster,0722-72 32 23,info@komplettservice.se,https://komplettservice.se/,https://komplettservice.se/wp-content/uploads/2025/08/ks-logo-200x84.png,https://places.googleapis.com/v1/places/ChIJxzj0b42uxi0RGIH3ZulY7i0/photos/AaVGc3kmHo4BBcAZrK6PrqamzYuoImGTnvA_jRx47mxO60ZnvUc5k8o-ipPw072KhOGfEEeNHCkmxe9Z71VssMn4ccsH-b2UfL1rJhhTyCqzL5sfiY9G9Sx7Gqtt3Q-YEXd5jiVxaQ4Kee5XcvrhxW1FdZdKmWngfPx7Qfm9xJRsycBwTXKGkscvkaAcUBch58-5jhsMlVI92EwKkwTFBGWFuaFrdaUjZKU0Vo8b73gcoazfElLWx5mSFzYzCty9NOYA2ryO4cTjpP2tuNUWkISXhFr9nkn6Ns6V-E_Gg_ib0_6j0H7TWfNoBuHS4GOKXYMZWRu5h2IsFpA-HGKCGWBUXJXk2fS1xqGvkFYIvDLEWG2lyl7P7eUEYldZvLyqNeBrF8_j2rcLz_BpxsCercUe1tEiEM9SowEUPdSYScN9QumYj5sDl0SNw0k2OXbdewfO?key=AIzaSyAgucJSAxcE0tpOe1l47Xy0Rw4QehRSg94,Flyttstädning|Flytthjälp|Hemstädning|Kontorstädning|Byggstädning|Fönsterputsning|Återvinning|Dödsbostädning,"Flyttstädning: 7-dagars städgaranti, följer mäklarsamfundets rekommendationer, allt städmaterial ingår, försäkrade hos Länsförsäkringar. Priser fr 1 700 kr (upp till 30 kvm) efter RUT. Hemstädning: regelbunden service anpassad efter önskemål. Kontorstädning: anpassat för företag och bostadsrättsföreningar. Byggstädning: efter bygg- eller renoveringsprojekt. Dödsbostädning: med omtanke och professionalitet.",Växjö|Växjö med omnejd,"Komplett Service AB är en lokal städfirma i Växjö som erbjuder professionell städning och flytttjänster för privatpersoner och företag. Grundat 2024 och lett av Ashraf K F Alshaikhqasem. Bolaget är fullt ansvarsförsäkrat hos Länsförsäkringar. Öppettider: Mån-Fre 7-19, Lör 9-17, Sön 9-16.",2024,Ashraf K F Alshaikhqasem,1-4,Aktiebolag,Ja,4.8,60,"Exceptionell flyttstädning! Besiktningspersonen nämnde att det var 'den renaste besiktningen de någonsin sett'! | Mycket nöjd med flytten och städningen, dessutom snabbt och smidigt hanterat. | Jag är så imponerad av städningen — min lägenhet har aldrig sett renare ut.",,Ansvarsförsäkring Länsförsäkringar,Telefon: 0722-72 32 23 | E-post: info@komplettservice.se | Offertformulär på komplettservice.se,"Flyttstäd fr 1 700 kr (upp till 30 kvm) efter RUT. 40-50 kvm 2 050 kr, 51-60 kvm 2 248 kr, 61-70 kvm 2 395 kr, 71-80 kvm 2 540 kr, 81-90 kvm 2 699 kr, 100 kvm 30 kr/m2. RUT-avdrag hanteras av Komplett Service.",Svenska,,https://maps.google.com/?cid=3309680535642013976,ChIJxzj0b42uxi0RGIH3ZulY7i0,"High — website bekräftad med phone/email, registry bekräftad (allabolag 559496-4818), grundat år och VD bekräftade",https://komplettservice.se/ | https://komplettservice.se/stadtjanster/flyttstadning/ | https://www.allabolag.se/foretag/komplett-service-sverige-ab | hitta.se,2026-07-25
Cleaning Support Sweden AB,Cleaning Support Sweden AB,556868-1869,Smedjegatan 29,352 46,Växjö,Centrum,0470-74 01 74,info@cleaningsupport.se,https://www.cleaningsupport.se/,https://www.cleaningsupport.se/wp-content/uploads/logga-cleaning-support.jpg,https://places.googleapis.com/v1/places/ChIJJzBjD1UkV0YR0lLgGi2FZdM/photos/AaVGc3ltNxzt4fEF_kkOBi07Jy-rRxz_I0KdG3kdiZp0YXywQqBR4OWI9Og5iHwVWRNqVoueW9kjWI_BGHKDK1nFPEbYDVqWeoil__cy96jONrAziFRv2MAGOO1WfHuLM_diZCNQYzC3i5TTDmEAFCW_tAlxgemttyRBTaVDOZ_ECBErENFsF6JBBVpyOnZkI1hLTLebZZ74kLhy1nRZmmf_7cEIZLa6dH6B8jDEuHwp_EY_Tvtn6BCy6k5XYgPHn_7yAA1vBnEZOimc3Jl5a7ja_Z_Bv6WrdqzQGq8ub-9ixFAqEf8uzBN7mzFTHizvWzoIMF-K_pHdwnyCFQ6Gp3y4yHtWJtfxPLjuS51B7jqZVaCHCxnUD_7xrMgWh5iHiN4rsyRf4iiAFLpSBhjuWPErp1AZNxz7Cu63c0DwdSIBf9tjssCJ?key=AIzaSyAgucJSAxcE0tpOe1l47Xy0Rw4QehRSg94,Hemstädning|Företagsstädning|Flyttstädning|Fönsterputs|Golvvård|Storstädning|Flyttservice|SRY-utbildning,"Hemstädning: regelbunden eller engångsstädning, alltid samma person, flexibelt upplägg. Företagsstädning: kontor, butiker, hotell, trapphus, BRF-städning. Flyttstädning: professionell slutstädning. Golvvård: underhåll och restaurering. SRY-utbildning: diplomerade handledare, branschutbildning. Kemikaliefri städning med microfiberduk och avjoniserat vatten tillgänglig.",Växjö|Alvesta,"Cleaning Support Sweden AB är ett auktoriserat städföretag i Växjö och Alvesta med över 30 års erfarenhet. Bolaget är aktivt sedan 2011 (org.nr 556868-1869). Vi har kollektivavtal, ansvarsförsäkring och systematiskt arbetsmiljöarbete. Personal bär ID06 och är fullt försäkrade. Vi använder miljöcertifierade kemikalier märkta med Svanen. Moderbolag: Johnny Lindman Invest AB. Omsättning 25 248 000 kr (2024) med 38 anställda. Bolaget förvärvades av Devexa/Pelmatic-gruppen 2024.",2011,,38,Aktiebolag,Ja,4.5,43,"Vi föll för helhetskänslan – Cleaning Support är kvalité, serviceinriktat och väldigt personligt! | Vi har haft städservice från Cleaning Support i drygt 10 år och är mycket nöjda. Noggrannhet, tillit och trygghet är ord som vi förknippar med Cleaning Support. | Jag är supernöjd med städhjälpen jag får från Cleaning Support.",,Auktoriserat städföretag|Svanen-märkta kemikalier|Kollektivavtal|ID06,Telefon: 0470-74 01 74 | E-post: info@cleaningsupport.se | Hemstädning: 0706-10 62 62 | hemstad@cleaningsupport.se | Bokningsformulär på cleaningsupport.se,Priser på begäran. Presentkort tillgängliga. RUT-avdrag tillämpas.,Svenska,https://www.linkedin.com/company/cleaning-support-sweden-ab,https://maps.google.com/?cid=15232727743421502162,ChIJJzBjD1UkV0YR0lLgGi2FZdM,"High — website bekräftad, registry bekräftad (hitta.se org.nr 556868-1869), 38 anställda, auktorisationsstatus bekräftad",https://www.cleaningsupport.se/ | https://www.cleaningsupport.se/kontakta-oss/ | https://www.cleaningsupport.se/om-oss/ | hitta.se,2026-07-25
"HomeMaid Växjö - Hemstäd, flyttstäd & fönsterputs",Homemaid AB (publ),556543-8883,Honnörsgatan 26,352 36,Växjö,Väster,0470-70 79 80,vaxjo@homemaid.se,https://homemaid.se/,https://www.google.com/s2/favicons?domain=homemaid.se&sz=128,https://places.googleapis.com/v1/places/ChIJV_jPZI0jV0YRKZyr5Xzvldg/photos/AaVGc3l7xOE_NWYpwktuSr3bLCtIESF_555bncndjfdmjbXsSfU0ux3xigSENmTGhWtFxiiSeSsIO76VH3jHTIjEFLOsYRELSDhCRO4KyeGJMiqZgDl2efvBriy1YmhCO0EORYxPY6ici2DiRuXN2YlxTNQWB9bv0M9NP1MCSRcIsrjb1aKsEIhqnemQHNKv7RjvnKiR-ew4NQrBYyTvgatNFn8fkQYKqcuOYWq8kDs9TCegRbGFOJEfyWFbT2YyKRJPcJkvgXIqqe_SbmUiz7UNcPABYBNO-qDY5D9NjCgq2u6Jldk7gCG1K9DxiJLWqqQDxodbZ1v3dxMDbQm6v8xPP2gfNMX9Wt98_ZNxvRqE_wcINVpOWaDJVMx3__oeBBVjVV3PR7yWIwjoiTyU4VQUp_bEo4nmTBlvH5nslHSEBiF_49s?key=AIzaSyAgucJSAxcE0tpOe1l47Xy0Rw4QehRSg94,Hemstädning|Fönsterputs|Flyttstädning|Trädgårdstjänst|Barnpassning|Hemtjänst|Golvvård|Storstädning,"Hemstädning: fast serviceassistent, abonnemang med timbank, veckovis eller månadsvis. Avbokning senast 7 dagar i förväg. Outnyttjade timmar sparas i timbank. Fönsterputs: professionell puts inne och ute. Flyttstädning: strukturerat upplägg med garanti. Trädgårdstjänst och barnpassning som tilläggstjänster. Tjänsterna anpassas efter bostad och livssituation.",Växjö|Alvesta|Hovmantorp|Ingelstad|Växjö med omnejd,"HomeMaid är en av Sveriges ledande städfirmor med verksamhet sedan 1997. Kontoret i Växjö ligger på Honnörsgatan 26 och betjänar Växjö med omnejd. Nationellt: 692 anställda (2024), omsättning 370 596 000 kr (2024). VD: Stefan Johan Högkvist. Börsnoterat bolag (publ). Serviceassistenter utbildas inom städ, miljöpåverkan, rengöringsmedel och ergonomi. Öppettider Växjö: Mån-Fre 07:00-16:30.",1997,,692,Aktiebolag,Ja,4.5,33,"Två män som putsade våra fönster! Alldeles utmärkt! Snabbt och rent! Trevliga killar! | Noga och trevlig kille, Jonatan. Nu kan jag se bra ut.",,,Telefon: 0470-70 79 80 | E-post: vaxjo@homemaid.se | info@homemaid.se | Online bokning via homemaid.se,Pris beror på frekvens och plats. Prisuppskattning via homemaid.se. RUT-avdrag tillämpas.,Svenska,,https://maps.google.com/?cid=15606643403430534185,ChIJV_jPZI0jV0YRKZyr5Xzvldg,"High — website bekräftad, registry bekräftad (hitta.se org.nr 556543-8883), nationellt känt bolag, Växjö-kontor bekräftat",https://homemaid.se/kontakta-oss/u-o/vaxjo | hitta.se (HomeMaid AB 556543-8883),2026-07-25
Royal Clean 24,RoyalClean 24 AB,559500-6494,Fagrabäcksvägen 18,352 40,Växjö,Väster,0476-106 01,,https://www.royalclean24.se,https://www-static.royalclean24.se/wp-content/uploads/2026/01/cropped-Royal-Clean-logo-scaled-1.png,https://places.googleapis.com/v1/places/ChIJ73WHmvojV0YRosQ_Tntqibw/photos/AaVGc3kCer7ODDoH4D9u550Qx1PaG2y6D-NJzlUIoKgzgA46eN7suYPP2xISx5dacwFVOh_OlOhzueVpKNY5USBvx05OtRcBAqDP9b4isVBFuTDha0WBw9jj7T2Yfht5nb9dU0lcp_g_BteAgOWn5_bFmBZ473dzNS6Ld1JxSZtO3X3PAZpx9mmtd4ZuBYsI6tAXedTfjv0AMqYu2CPtJqeHck6yPqwmcHzkYuqva1ONFPxrMy1xJVjLjju3acZtWA48AkneEIN7BZTATExovCp9X4jkTmAC5kPG6JKBJHyvCnzx9BK8iV4SJg6k8VXudcH8cAQkJsjVGjKyaeIWIRKTzbY8-LzObt_HSAb758ZaPbeEzvBpS0YEYRcPobAskeV8q3_2oYvEqFwSCWsQEt_aj06_UN5TupFBqcAh_fJHKpq8c5e64_s66XqBitTUbA?key=AIzaSyAgucJSAxcE0tpOe1l47Xy0Rw4QehRSg94,Hemstädning|Storstädning|Flyttstädning|Kontorsstädning|Trappstädning|Fönsterputs|Byggstädning|Industristädning|Butiksstädning|Lokalvård|Dödsbo|Möbelrengöring|Flytthjälp|Packhjälp|Trädgårdstjänster|Altan & trädäck|Fasadrengöring,"Hemstädning: regelbunden städning av hem med professionella produkter. Storstädning: omfattande rengöring för total fräschhet. Flyttstädning: grundlig städning vid flytt med nöjd kund-garanti och besiktning. Kontorsstädning: professionell städning för fräsch arbetsmiljö. Dödsbo: respektfull och professionell hantering. Byggstädning: grovstädning efter renovering/bygg. Flytthjälp: bärhjälp, transport, packning, montering/demontering av möbler.",Växjö|Kronobergs län,"Royal Clean 24 AB är en pålitlig och serviceinriktad städfirma med bas i Växjö. Erbjuder professionella städtjänster och flytthjälp i hela Kronobergs län för både privatpersoner och företag. Kollektivavtal, egna fordon, full ansvarsförsäkring och 50% RUT-avdrag direkt på fakturan. Nöjd kund-garanti utan bindningstid.",2024,Mohammad Youssef,1-4,Aktiebolag,Ja,5,35,"Fantastiskt resultat! Hela lägenheten var skinande ren efter flyttstädningen (Anna Lindström). Alltid punktliga, noggranna och trevliga (Marcus Eriksson). I am very happy with the service – professional, efficient and great care (Hala Shehabi, Google).",Reco.se: 5.0 (7 recensioner); Kundernas.se: 5.0 (30 recensioner sammanlagda),Kollektivavtal|F-skatt|Trafiktillstånd (Transportstyrelsen),Telefon (0476-106 01)|Offertformulär online,Gratis offert utan förpliktelser. Svar inom 24h. Faktura & delbetalning möjligt. 50% RUT-avdrag direkt på fakturan.,Svenska|Engelska,,https://maps.google.com/?cid=13585506828766135458,ChIJ73WHmvojV0YRosQ_Tntqibw,"High – webbplats bekräftad, org.nr verifierat via bolagsfakta.se, adress matchar",https://www.royalclean24.se|https://www.royalclean24.se/om-oss|https://www.bolagsfakta.se/5595006494-RoyalClean_24_AB|https://kundernas.se/royalclean-24,2026-07-25
Solklart Städ & Fönsterputs,Solklart Hushållsnära Tjänster AB,556180-8196,Arabygatan 15,352 46,Växjö,Centrum,0470-108 (ej komplett – se hitta.se),,https://www.solklartstad.se,"https://static.wixstatic.com/media/5cfc6c_dfbc1e9b0b5c4106ab6928f14939d7b2~mv2.png/v1/fill/w_192,h_192,lg_1,usm_0.66_1.00_0.01/5cfc6c_dfbc1e9b0b5c4106ab6928f14939d7b2~mv2.png",https://places.googleapis.com/v1/places/ChIJM9NZXQklV0YR7GCmWOooTy8/photos/AaVGc3nbW6MZE0Pdy5IdkMgbxB2pN81j24S0zJbp3HLQ6Zy0SwjaeNkrP54KnmhZJyfVRSrjjuGpGZkYicXV77dHBcPaKQEzWD3AOtuwKHmbqjxBfuVWuN-LU8DypHKv3hA6kPU9I6Yu-UVe15Rv1gZxS6XVV7ZZfCywH_t2V6lCsJYHAFyaLaQZyTAAb9DgmXfSo04yrHNfAEiRzN0YtPGQkPpQVMklUT26A_QDEcIv32qcDiMLnlgl8TZ_Dzp-75jXD8urKmcUTYVRQr6Tg7Y0USDPm-SGU8VcXjQ-0M2mcX_HRnd2vZdM4TggV8uTJhQcvSA_xGAMKFOhKvzS4tGXDX8SyDxOa0U8Yp-NdMg9kwJ6fYlyXk843Gt0GHFuGfyhPlV_d8ZytaM9JjhHFURUbSIYeR2amNv26KoJaovRiUQ?key=AIzaSyAgucJSAxcE0tpOe1l47Xy0Rw4QehRSg94,Hemstädning|Storstädning|Fönsterputs|Flyttstädning|Fasadtvätt|Lövblåsning,"Hemstädning: regelbunden städning, alltid samma personal. Fönsterputs: invändigt och utvändigt, abonnemang 4–6 gånger/år, priser från 199 kr/fönster efter RUT, privatpris upp till 20 fönster in+ut 699 kr. Fasadtvätt: trä, tegel, puts, plåt. Flyttstädning: 7 dagars garanti, med vid besiktning. Fönsterputsabonnemang: 229–299 kr/villa utvändigt + 50 kr framkörning, ingen bindningstid.",Växjö|Alvesta|Uppvidinge|Tingsryd|Lessebo|Ljungby|Älmhult|Markaryd|Värnamo|Gnosjö|Gislaved|Anderstorp,"Solklart Städ & Fönsterputs är ett familjeägt företag grundat 2017 i Växjö (ursprungligen Smålands Fönsterputs, bytte namn 2019). Fokuserar på att hjälpa nyanlända in i arbetslivet och integration. 26 anställda 2025, omsättning 8,5 Mkr. Kollektivavtal, städgaranti och 50% RUT-avdrag direkt.",2017,Nadja Angelica Kristina Stinnerbom (VD),26,Aktiebolag,Ja,4.3,71,"Väldigt proffsiga, kunde lösa fönsterputs trots hängande växter (Jenny L). Arbetar snabbt och noga, håller tiden (Marie B). Snabba svarstider och väldigt noggrant utfört arbete (Jonas Växjö).",hitta.se: 4.3 (335 omdömen),Kollektivavtal|F-skatt|Städgaranti|50% RUT-avdrag,Online bokning|Offertformulär på hemsida,"Fönsterputs: från 199 kr/fönster (privat, efter RUT). Upp till 10 fönster in+ut (lgh): 449 kr. Upp till 20 fönster ut: 399 kr. Abonnemang villa: 229–299 kr/tillfälle + 50 kr framkörning. Företag: 10 fönster in+ut 600 kr (ex moms).",Svenska,,https://maps.google.com/?cid=3408988429917511916,ChIJM9NZXQklV0YR7GCmWOooTy8,"High – webbplats bekräftad, org.nr verifierat via hitta.se, adress matchar. Telefonnummer ej komplett i källorna.",https://www.solklartstad.se|https://www.solklartstad.se/det-har-ar-solklart|https://www.hitta.se/verksamhet/solklart-stad-fonsterputs-lsdcpqbh,2026-07-25
E-J Städ i Kronoberg AB,E-J Städ i Kronoberg AB,559121-9752,Uttervägen 5,352 45,Växjö,Öster,073-846 04 69,info@ejstad.se,https://ejstad.se,https://ejstad.se/wp-content/uploads/2024/05/cropped-ej-stad-2-1-32x32.png,https://places.googleapis.com/v1/places/ChIJ_1jsJPYzV0YRhaCtd8Gylu8/photos/AaVGc3kS5xK6cZNhHg1uXSwlre4mDGPoxEH2Y899fBMR7MqXKWwXL2gY1465NDfhFgV_3NunxYIbzE8fppqCXmvjSnLiZIo9Y_jKKgnrwjzWr5MmP3ifXDNfZdeg7MCZKZk_MJa4ACz-e0tiP2n0Z9IHDKSaZxr329UdJoQvt2sW0blE925_A16mGfuSmB4EQZg807G699IX2dIG5jnsmPSkVo1CPcRQFKAT6OX0-Q88DMJ9q4jv8DYvFXycbmC_dm8U2AuQo4xBnD6s26PYgwqYhZYfrbWXRd7XssvjHOvKwoYHulqaAQMTmAk3385uRWlBVnMqAb2Yr-X0MPgEAg0UeUFQpPR4uJEaCr5RKiHNeQ6KF1AXl7pdsqvUucr5_PD_VbyUTBCewY-5hDWsbB7ZWT2GUAxeG4bIjwnrgx8Y-53Vuw?key=AIzaSyAgucJSAxcE0tpOe1l47Xy0Rw4QehRSg94,Hemstäd|Företagsstäd|Byggstäd|Flyttstäd|Industristäd|Trappstäd|Visningsstäd|Övriga städtjänster,"Hemstäd: skräddarsydd, avkalkning ingår alltid, valfri frekvens. Byggstäd: expert på byggstäd, erfaren personal. Flyttstäd: för privatpersoner och företag, baserat på kvadratmeterpris. Övriga tjänster: visningsstäd inför försäljning, industristäd, trappstäd. Städmedel ingår i priset som grundregel. Samma personal vid varje tillfälle.",Växjö|Kronoberg,"E-J Städ startades 2005 av Eva-Lotte Johansson (ursprungligen E-J Städservice). Omvandlades till AB 2018. Dottern Emma Johansson är delägare sedan 2019. Över 30 års erfarenhet i branschen. Serviceentreprenads kollektivavtal samt hängavtal med Byggnads. Fokus på gemenskap, trivsel och goda anställningsvillkor – många anställda har jobbat 10+ år.",2005,Eva-Lotte Johansson,9,Aktiebolag,Ja,5,15,,,Kollektivavtal (serviceentreprenad + byggnads hängavtal)|F-skatt|Ansvarsförsäkring,Telefon (073-846 04 69 / 073-064 22 57 / 076-871 11 71)|E-post (info@ejstad.se)|Kontaktformulär online,Flyttstäd: kvadratmeterpris. Övriga städtjänster: timpris. Byggstäd: separat prissättning. Städmedel ingår. Kontakta för offert.,Svenska,https://www.facebook.com (se webbplats),https://maps.google.com/?cid=17264182765577674885,ChIJ_1jsJPYzV0YRhaCtd8Gylu8,"High – webbplats bekräftad, org.nr verifierat via allabolag.se. Not: Registrerad adress i allabolag är Villagatan 24, Torpsbruk (ägarens hemadress?), men verksamhetsadressen Uttervägen 5 Växjö bekräftad via kontaktsida.",https://ejstad.se|https://ejstad.se/kontakt|https://ejstad.se/historia|https://www.allabolag.se/foretag/e-j-st%C3%A4d-i-kronoberg-ab,2026-07-25
Kronobergs Städservice AB,Kronobergs Städservice AB,559545-3381,Smedjegatan 35,352 46,Växjö,Centrum,0470-50 40 40,info@kss-ab.se,https://kronobergsstädservice.com,https://xn--kronobergsstdservice-mzb.com/wp-content/uploads/2026/01/logo-copsy-scaled.png,https://places.googleapis.com/v1/places/ChIJRb9BGQAlV0YRMW0fq4cpTNI/photos/AaVGc3nNHvOMW4hSD_eRLh6vlnG7wqXj9lcCS0kdiL6C35D9fUbq6qihY1VBEzbNbUbIVBhhwnZtuzvcLASYxPKerNVLFJIv4VFCrfdOV4YiWYdazNsU7v5rFCOj_YmF9nXGgC1sRmiXWgSqoxmXyBs6WaBhh13TUFqepoxkeysz_inJbjLZrPdBZ6Oen4-g4pN6fIkz9hSQlS6rwwM0h6NsIDhUA16j0ndZS8LJjV_vN9AavE0FxM48twySEAr1ctmxo6hez_7QD3sk1px_d7g727w_0XDtW_PsE3gaBvpg_hgqaIQy9k_JDOYet02UtO_fg_9mezjax6bZZh3lBm8zCqOuPKMqdj19VOQmef-JF6gGsi7Rdd-OPbZzZG8rLE_WPoYbPaDBV1OXHYloCXTOaoDEbOVcDriwwY8nd59jXNKKI3s7aELxapZP8V24k1EK?key=AIzaSyAgucJSAxcE0tpOe1l47Xy0Rw4QehRSg94,Hemstädning|Fönsterputsning|Flyttstädning|Kontorsstädning|Golvvård|Storstädning,"Hemstädning: regelbunden städning för privathem. Fönsterputsning: invändigt och utvändigt. Flyttstädning: enligt branschkrav. Kontorsstädning: professionell miljö för företag. Golvvård: nytt liv och lyster åt golv. Storstädning: djupstädning kök och badrum, fönsterputs ingår, rengöring bakom möbler.",Växjö|Alvesta|Ljungby|Tingsryd|Älmhult,Kronobergs Städservice AB grundades med fokus på hållbarhet och miljövänliga lösningar för privatpersoner och företag i Kronoberg. Använder Svanenmärkta produkter. Registrerat 2025-09-17. Del av koncern med systerföretag.,2025,,"0 (nystartat, ej rapporterat)",Aktiebolag,Ja,4.9,7,,,F-skatt|Svanenmärkta produkter,Telefon (0470-50 40 40 / 076-260 83 39)|E-post (info@kss-ab.se)|Gratis bokning via kontaktformulär,Kontakta för prisuppgift. Gratis bokning/offert. 50% RUT-avdrag.,Svenska,,https://maps.google.com/?cid=15153532508863163697,ChIJRb9BGQAlV0YRMW0fq4cpTNI,"Medium – webbplats hittad (punycode-URL), org.nr bekräftat via hitta.se och allabolag. Nystartat bolag (2025), begränsad historik. Mobilnummer 076-260 83 39 bekräftat.",https://xn--kronobergsstdservice-mzb.com|https://xn--kronobergsstdservice-mzb.com/about|https://xn--kronobergsstdservice-mzb.com/contact|https://www.hitta.se/verksamhet/kronobergs-stadservice-ab-fhjppqyak,2026-07-25
Växjö Städfirma - Städtjänster/Flyttstäd/Hemstäd/Dödsbostäd,,,"Österleden 48, E",352 42,Växjö,Öster,0470-33 300,info@vaxjostadfirma.se,https://vaxjostadfirma.se,https://vaxjostadfirma.se/wp-content/uploads/2020/12/Original-on-Transparent-1024x309.png,https://places.googleapis.com/v1/places/ChIJZ4-pOV4jV0YRvAylLdsT6SQ/photos/AaVGc3lhC-aOrdsbVFW0P44q5rnCXlMjLkwYtLpyTHn0zLfCRgOZqOA7pXW7FrDGK1aoUmnjX1NO4yeOmz6OwfGp1Dm3E0Gi67MGF4h-ey3WIZo5QXTwkZJiHlb92A5-rwgaxjjcE1rYhrxyu-t0-NHDgUGow3GjoRBzqaozdmR7qTEYmWd18I3DyW3C2oOEynOzKqQ6tbKdzYJsQktUABfK7xgEn-osqXXIj6rdTc0djmGtmUMHkD__HuNVZ4-ERM2jGGhsBfFqRTmAr3NVGA0RTwrYsOeOTGk7kJ-tBO7hC9t8SVuiVuzyMMF_lX1e6FR0Jz1iRT8uwYqypJMUAC7mIhRnjENV-Ai0wjs5D8hx0jehphtq9l1DsYCUAajJwUuNkufjv2wNCGjk2cAxchxiQyZAmU2mwidnBG7_A3WhdcE--rNE?key=AIzaSyAgucJSAxcE0tpOe1l47Xy0Rw4QehRSg94,Flyttstädning|Hemstädning|Fönsterputs|Storstädning|Dödsbostädning,"Hemstädning: timpris, valfri frekvens, hembesök innan start. Pris: 199 kr/h (varje vecka), 219 kr/h (varannan vecka), 229 kr/h (månadsvis) + min 60 kr framkörning. Flyttstädning: professionell. Storstädning: djuprengöring. Fönsterputs: professionella fönsterputsare. Dödsbostädning: ingår i tjänsteutbudet.",Växjö|Alvesta|Nybro|Lessebo|Emmaboda|Åseda|Ljungby|Vetlanda|Rydaholm|Sävsjö|Småland,"Växjö Städfirma är en städfirma i Växjö med omnejd som erbjuder städtjänster i hela Småland. Fokus på nöjdkundgaranti, konkurrenskraftiga priser och miljövänliga produkter. Svarar på offertförfrågan inom 30 minuter. Öppet måndag–fredag 07:00–18:00, lördag–söndag 09:00–15:00.",,,,,Ja,4.6,10,,,,Telefon (0470-33 300 / 070-535 73 30)|E-post (info@vaxjostadfirma.se)|Kontaktformulär online,Hemstädning: 199–229 kr/h beroende på frekvens + min 60 kr framkörning. Offert på begäran.,Svenska,,https://maps.google.com/?cid=2659678887023545532,ChIJZ4-pOV4jV0YRvAylLdsT6SQ,"Medium – webbplats bekräftad (vaxjostadfirma.se), kontaktuppgifter bekräftade. Obs: webbplatsens kontaktsida listar Mejselgatan 2A som adress, Google Maps-listing använder Österleden 48. Org.nr ej funnet – hemsidan listar inga bolagsuppgifter.",https://vaxjostadfirma.se|https://vaxjostadfirma.se/vara-tjanster/hemstadning,2026-07-25
Städminator Golv och Puts,,,Lektorsvägen 8 B,352 40,Växjö,Väster,073-891 80 18,info@stadminator.se,https://stadminator.se,https://stadminator.se/img/og/og-facebook-1200x630.png,https://places.googleapis.com/v1/places/ChIJjT31a4EjV0YRWHJpoW8mAo0/photos/AaVGc3lJyhj47DBzhLOhMJLjq6ygZLekGelichMD5Xsv661nQ1fKeoAiEceTHnG6AnAsX-r844Wn_4lmSTd50EuhT8cED5PEfbcU8FCCcRbG1FbFfcekqMXjrqgQ4iJqaSB1JBNqhBk5gn8Pjc8Xmv4XpdHG1UlVtLctbOiFmO2AQgTxuSkCWbaoX02FRkZqiAUE9zOUJuyJChwyATLwFC7t8lVfktBR6By6yJz8y0QPNHXwdinIVK4-ju6r_N4Ger-RiwCvGDDAIdqdinJuBd_FBudQAZgoBReOOgv-LuNElvBa3VjT3NrbEWLRiFqu3Dx20vISwEV9yOla2VvNTHGVY954t1wFcQJYUPUWgxW9fyuWQldOlUOU_er5ttleLza3UOlBJwGn1tt1S3TCVaO6wbaGbSY_NPv1qq9rQxrO6laug4K2154j2GtxT59EAw?key=AIzaSyAgucJSAxcE0tpOe1l47Xy0Rw4QehRSg94,Golvvård|Fönsterputs|Flyttstädning|Mattvätt|Taktvätt|Fasadtvätt|Trädgårdstjänst|Uteplats & Garage Rengöring|Solcellsrengöring|Bygg & Kontorsstädning,"Golvvård: 20–50 kr/kvm, skurning och polering, nattetjänst tillgänglig. Golvpolering: 15–40 kr/kvm. Fönsterputs: in- och utsida, kristallklara resultat. Flyttstädning: från 1 579 kr, inspektionsgaranti, med vid besiktning. Campus Flyttstädning: från 1 099 kr fast pris. Mattvätt: 10–50 kr/kvm. Taktvätt: 25–100 kr/kvm. Fasadtvätt: 10–50 kr/kvm. Trädgårdstjänst: 5–20 kr/kvm. Solcellsrengöring: från 1 499 kr (upp till 20 paneler).","Kronobergs län|Kalmar län|Stockholm (månadsvis, 1:a–4:e)","Städminator Golv och Puts är ett lokalt ägt städföretag i Växjö med över 5 års erfarenhet (tidigare Minator Grupp Kronoberg). Har utfört arbeten åt Subway, Mr York, Leo's Lekland och Hemfrid. Fokus på golvvård, fönsterputs och specialrengöring. Erbjuder nattetjänst och helgtjänst. Bilingual (svenska/engelska).",,,,,Ja,5,18,,,,Telefon (073-891 80 18)|E-post (info@stadminator.se)|AI-bokning online|Offertformulär,"Golvvård: 20–50 kr/kvm (företag, ex moms). Golvpolering: 15–40 kr/kvm. Privatpersoner: kontakta för RUT-pris. Flyttstädning: från 1 579 kr. Campus Flyttstäd: från 1 099 kr. Solcellsrengöring: från 1 499 kr/20 paneler.",Svenska|Engelska,,https://maps.google.com/?cid=10160725970192527960,ChIJjT31a4EjV0YRWHJpoW8mAo0,Medium – webbplats och kontaktuppgifter bekräftade. Org.nr ej hittad i offentliga register via sökning; bolaget kan driva som enskild firma eller under annat bolagsnamn (tidigare Minator Grupp Kronoberg). Legal form okänd.,https://stadminator.se|https://stadminator.se/om-oss|https://stadminator.se/kontakt|https://stadminator.se/priser,2026-07-25
Hemfrid i Växjö,Hemfrid i Sverige AB,556529-8444,Sänneholmsvägen 54,352 70,Växjö,Väster,010-555 85 00,,https://www.hemfrid.se/vaxjo,https://www.google.com/s2/favicons?domain=hemfrid.se&sz=128,https://places.googleapis.com/v1/places/ChIJO39mCtkjV0YRNi7Hesp0MyU/photos/AaVGc3nFlggYVwvBbG60uldjxSILJZtgRx-4Wg9p3smXVxqAipRunXV-u1qnmiG1ei51MnbBr7nnjZxYYI8pNrorbVygERoAZEatzQbsE8OyeiRaMJCPxLcAnRLd5zR3CwwjnpX4ujGm0A2kxNH3KzsvyRkMzDJi3IJm9dts9t_m1TO7tgano8mI7DSFA-9fpAM2PwuV2tmzs4UBtOD189jFnh0D2EdJ58qRPWP8xnsc-Fu8a5fnJ_TKhJX71cPN4_omzrJnt7rKQdBKcq__b0wpzGRMlGlhyfxctWFPZy98PGsPoeyc5pGI_jYASywIJM9fk8tnuh9thAJ6fl5XfLI7iYTCSw1HLbQHdEbrFY1UlpR4cxnRd7eVJQew-AatbJF31cUQ9Dvs14-Ujw5o29qGaClRCDqhdvgieNQxpW44YWR-iiQcOe7pCUsvMtlrQXkZ?key=AIzaSyAgucJSAxcE0tpOe1l47Xy0Rw4QehRSg94,Hemstädning|Storstädning|Fönsterputs|Flyttstädning|Kontorsstädning,"Hemstädning: regelbunden städning, valfri frekvens och längd, bokas via app, egna städprodukter ingår. Storstädning: grundlig städning kök och badrum, tillval fönsterputs och ugnsrengöring. Fönsterputs: abonnemang eller engångstjänst. Flyttstädning: kvalitetsgaranti, fönsterputs ingår alltid, miljömärkta produkter, utbildad personal, flexibel bokning via app. Kontorsstädning: rent, trivsamt och representativt kontor.",Växjö|Alvesta|Ingelstad|Lönashult|Moheda|Rotte|Tingsryd|Tävelsås|Vislanda|Åryd|Åseda,"Hemfrid i Växjö är en del av Hemfrid i Sverige AB (grundat 1996), Sveriges ledande hushållsnära tjänsteföretag med 1 855 anställda och omsättning 1 047 Mkr (2024). Del av KEYTO Group AB (publ). Noggrant utvalda medarbetare med kollektivavtal. Bokningsapp, kvalitetsgaranti och miljömärkta städprodukter.",1996,,1855 (nationellt),Aktiebolag,Ja,4.6,38,"Vi hade en mycket trevlig man som verkligen kunde sin sak och gjorde ett bra jobb (Amie, Reco). Ni är mycket seriösa och jag är verkligen supernöjd (Emma). Alltid professionellt bemötande, städresultatet är superbra (Sara).",Reco.se Växjö: 5.0 (1 omdöme),Kollektivavtal|F-skatt|Miljömärkta städprodukter|Kvalitetsgaranti,Online via hemfrid.se|App (iOS/Android)|Telefon (010-555 85 00),Priser via postnummerbaserad online-bokning. 50% RUT-avdrag. Kampanj: 50% rabatt på första hemstädningsfakturan för nya kunder (t.o.m. 2/8 2026).,Svenska,,https://maps.google.com/?cid=2680614616207666742,ChIJO39mCtkjV0YRNi7Hesp0MyU,"High – webbplats bekräftad, org.nr verifierat via allabolag.se/bolagsfakta.se. Nationellt bolag med lokal filial i Växjö.",https://www.hemfrid.se/vaxjo|https://www.hemfrid.se/hemstadning/vaxjo|https://www.hemfrid.se/flyttstadning/vaxjo|https://www.reco.se/hemfrid-vaxjo|https://www.allabolag.se/foretag/hemfrid-i-sverige-ab,2026-07-25
Puts i Karlstad,Puts i Karlstad (enskild firma / egenanställning via Frilans Finans),,Rådmansgatan 4,664 62,Karlstad,Centrum,+46 546 780 455,kontakt@putsikarlstad.se,https://putsikarlstad.se/,https://putsikarlstad.tidera.se/storage/uploads/logo/logo.png,https://places.googleapis.com/v1/places/ChIJYVhHBnHvVIARc6FP2e9fWrI/photos/AaVGc3nwpRH6wuQjdZQugEl5o5xmpT-DYL50UWmAHkpU6l-vdXHgQVAXfslpDryEHLdAmTwRijRUwzB4UA9FAn_9imOg_sheyajcUSAUgzX5gisCtpHr-o5uaYAUwGui9wHI6_7PuZngWGVijRBUT6y8mJfdMc6oyILR0nUu2gqq8-MfXIERM9oqoXaMJxJzUo9Nf_C19gJkTP1dLgxb_bDmsPRz6TPl5wQJIgzIhKyoInFdRcKq48Q8I0032pU4U5Le8Do7gxzUHI0eDBST-C1q6l_T17zNqDXh0lN-5aDDQjTxElptsGDLanwuyXryThA85fY8kWsM4gpKj_W_OK59Cd6PexD0P-XN8FQgsZF5YoZLr05Xz7_WLzAVMVPMF8frtXtebR59hMC90A75au2sjlwTeEa6zCRBsBntHmpGmQYlDEup/media?maxWidthPx=400&key=AIzaSyAgucJSAxcE0tpOe1l47Xy0Rw4QehRSg94,Fönsterputs|Fönsterputs lägenhet|Fönsterputs hus|Fönsterputs kontor|Fönsterputs trapphus|Fönsterputs skyltfönster,"Professionell fönsterputs från 40 kr/fönster inkl. RUT-avdrag. Arbetar upp till 6 meters höjd. Miljövänliga biologiskt nedbrytbara medel. Modern onlinebokning via Tidera. Proffsutrustning, snabbt och effektivt. Nöjd-kund-garanti. Arbete inomhus och utomhus samt i mellan glasen.",Karlstad|Hammarö|Vålberg|Grums|Molkom|Kil|Väse,"Puts i Karlstad drivs av Andreas Thun som fönsterputsare sedan 2020 via egenanställning. Med över 10 års erfarenhet i branschen har han putsad 60 000+ fönster och betjänat 4 000+ nöjda kunder. Filosofin är enkel: professionell hjälp med kunskap, teknik och rätt utrustning. Erbjuder miljövänlig lösning, modern onlinebokning och prisrabatter för återkommande kunder.",2020,Andreas Thun,1,Egenanställning (Frilans Finans),Ja,5,76,,,,Onlinebokning via putsikarlstad.tidera.se | Kontaktformulär på webbplatsen,Från 40 kr/fönster inkl. RUT-avdrag. Priser inkluderar alltid RUT. Personliga rabatter för återkommande kunder.,Svenska,,https://maps.google.com/?cid=12851689970402828659&g_mp=Cidnb29nbGUubWFwcy5wbGFjZXMudjEuUGxhY2VzLlNlYXJjaFRleHQQAhgEIAA,ChIJYVhHBnHvVIARc6FP2e9fWrI,"High – webbplats bekräftad, adress/telefon verifierade via FöretagsProfs; juridisk form ej AB (enskild/egenanställning); org.nummer ej publicerat",putsikarlstad.se | putsikarlstad.tidera.se | foretagsproffs.advokater24.nu | linkedin.com/in/andreas-thun1,2026-07-25
Flyttstäd Express Sverige AB,Flyttstäd Express Sverige AB,556773-5039,Regnvindsgatan 8,652 21,Karlstad,Centrum,010-14 15 470,,https://www.flyttstädexpress.se/,https://www.google.com/s2/favicons?domain=flyttstadexpress.se&sz=128,https://places.googleapis.com/v1/places/ChIJGyFu22mxXEYR3MTJjfLD0xI/photos/AaVGc3mLFM13nyGjxELbcTd50rpRhmXXecIGdI9cmekpcQg970L9fF3gsxrGoDpiE-niGc-6Etd2solYHu4CGcZga8U0oMMiiPTcI8Z-SkPSoZPXUd5j7M3Bs7ZLHo1YM6tCmcdibc97GGvsxOwyRjX5FsVFIJNEw5YpDatGN9NRiNE0wZIx0VdbpcSqF58kyX2aztKdWZl2P5e9EKCMIs0H3t2TYNJRvYH--AzVMMe6vZnRCuPxDcUoJkRgct6kNUwYzw97H8tGt4vmQTrd57KQ5ZoV2mtmCpGWHiFdSZwGOy3dNM93BZJb2xH2W4L7ejlKOyZTSxlQTNXhipERmN6YvspNxkgjVrCH9KyHpxGTLET-R6VDRug10lihZUN9zi0bn7VBBRje_OCQcw3SC_ze05Bt45dKIDCSEYwUGMudKURWiqOi_IeNkazZS_xoAjjD/media?maxWidthPx=400&key=AIzaSyAgucJSAxcE0tpOe1l47Xy0Rw4QehRSg94,Flyttstädning|Hemstädning|Kontorsstädning|Fönsterputs|Byggstädning|Transportverksamhet/flytthjälp,"Specialiserade på flyttstädning med fastpris per kvm, städgaranti i 3 dagar. Inkluderar fönsterputs (in/ut/i mellan), dammtorkning, rengöring kök/badrum/tvättstuga. Extrabeställning: källare, vind, förråd, garage, balkong, persienner, mattvätt, rakbladsskrapning m.m. Kräver att kyl/frys är frostad av och lokalen fri från möbler.",Karlstad|Forshaga|Hammarö|Kil,"Flyttstäd Express Sverige AB grundades 2008 och har sedan dess bedrivit flyttstädning, hemstädning, fönsterputs och byggstädning. Bolaget har säte i Forshaga men verkar i Karlstad och omnejd. VD/ledamot är Wali Mohammad Alizada (f. 1944). Bolaget ingår i en koncern med 1 dotterbolag. Omsättning 2026: ca 3,6 MSEK.",2008,Wali Mohammad Alizada,3,Aktiebolag,Ja,4.9,95,,,,Offertförfrågan via webbformulär | Telefon 010-14 15 470,"Fastpris per kvm på flyttstädning, fönsterputs ingår. RUT-avdrag tillämpas. Betalningsvillkor 10 dagar. Avbokning: >7 dagar = 0%; 3–7 dagar = 70%; <3 dagar = 100%.",Svenska,,https://maps.google.com/?cid=1356643359296963804&g_mp=Cidnb29nbGUubWFwcy5wbGFjZXMudjEuUGxhY2VzLlNlYXJjaFRleHQQAhgEIAA,ChIJGyFu22mxXEYR3MTJjfLD0xI,"High – allabolag.se bekräftar org.nr, adress, ledning och registreringsdatum; webbplats bekräftad",www.flyttstädexpress.se | allabolag.se/556773-5039 | stadningguiden.se,2026-07-25
Städkamrater AB - Flyttstäd & Hemstäd Karlstad,Städkamrater AB,559542-2592,Vävaregatan 6,654 62,Karlstad,Centrum,072-729 02 93,support@stadkamrater.se,https://www.stadkamrater.se/,https://www.google.com/s2/favicons?domain=stadkamrater.se&sz=128,https://places.googleapis.com/v1/places/ChIJxfBFfYlvzAARnTjn_K0XEaA/photos/AaVGc3krqfhjQBJe2gxIHUo4214sbof3AXfJ_0fH-jGhtFPBZJ6Eho7h-tFnBinvCbsm5Jz5cXMSz2yz0szoDVZGKxYYj_yu4pcV-o4QiHxYDIqpgKM_rejfG3JoaMD6uI496W60PDVl14M7q_qy9iW-gAPLo9Ev3qu2MfBkO9ZH9ywsmtj6SE0TD0rhlCPXF58YY0sFuAtUdVHG5UTkzIVbhCtoaoCkWuGnnFgpVeV9Zx__CwxwBQZG-s1wwRbNCPV5vKzsALVXwN-zdoY2DCe2S4SI49v0smCMqXGfqn07oo9zJ10JzypNp5zhg2QeOJmr2ZIG2VSKIRRXQTPfg8A29F2YTXr65mXL0bHJyIvZ0veXiA6mmLhwU8l3bJUxqKM564HndiHPoKAL5ZJJUETzOAXVOkBNj3hLxkra6WFyyLRyUrI/media?maxWidthPx=400&key=AIzaSyAgucJSAxcE0tpOe1l47Xy0Rw4QehRSg94,Hemstädning|Flyttstädning|Företagsstädning|Fönsterputsning|Storstädning,Hemstädning 235 kr/tim. Flyttstädning från 2 100 kr med godkännandegaranti. Företagsstädning 375 kr/tim. Fönsterputsning 235 kr/tim (kristallklara och rändfria fönster). Storstädning 235 kr/tim (djuprengöring). Nöjdkundgaranti ingår alltid – kostnadsfri återkomst vid missnöje. Ingen bindningstid.,Karlstad|Värmland,"Städkamrater AB är en lokal städfirma i Karlstad, registrerad 2025-08-26. Bolaget drivs av Mindaugas Meskauskas (styrelseledamot) och Indre Meskauskaite (styrelsesuppleant). Verksamheten betonar långsiktiga relationer, certifierad städning, RUT-avdrag och nöjdkundgaranti. 1 000+ nöjda kunder, 20+ lokaler, 1 000+ städtimmar/månad. 10–19 anställda registrerade på arbetsställe.",2025,Mindaugas Meskauskas,10-19,Aktiebolag,Ja,4.9,57,"Väldigt bra dialog inför flyttstädet, det var lätt att boka och de var tillmötesgående... De lyckades verkligen göra huset shining and bright! (Liselott Hjärpe)|Jättebra och trevlig städfirma! Lätt att kommunicera med, kom i tid och framförallt gjorde ett fint och nogrannt jobb! (Natalie Hallen)|Personalen var jättetrevliga, professionella och noggranna. Besiktningen gick utan anmärkningar. Rekommenderas varmt! (Frida)",,Certifierad städning (enligt webbplats),Onlinebokning via stadkamrater.se | Telefon 072-729 02 93 | E-post support@stadkamrater.se,Hemstädning 235 kr/tim | Fönsterputs 235 kr/tim | Storstädning 235 kr/tim | Företagsstädning 375 kr/tim | Flyttstädning från 2 100 kr. RUT-avdrag hanteras av företaget.,Svenska,https://www.facebook.com/103667405802108,https://maps.google.com/?cid=11534026156712343709&g_mp=Cidnb29nbGUubWFwcy5wbGFjZXMudjEuUGxhY2VzLlNlYXJjaFRleHQQAhgEIAA,ChIJxfBFfYlvzAARnTjn_K0XEaA,High – ratsit.se bekräftar org.nr/adress/styrelse; webbplats och opendi.se bekräftar telefon/e-post,www.stadkamrater.se | ratsit.se/5595422592 | opendi.se/karlstad/306423 | kundernas.se,2026-07-25
Lena Städ Karlstad,,,Flöjtgatan 49,656 33,Karlstad,Nordsidan,079-012 00 82,info@lenastad.se,https://www.lenastad.se/,https://www.lenastad.se/wp-content/uploads/2026/04/logo-c.webp,https://places.googleapis.com/v1/places/ChIJFa_YwSixXEYRX8NAOpEy4WA/photos/AaVGc3nJ5kR0rjaIgGsycCo46tvXAY_fk_wiGzIQSSTjDYrAxnZ7lHAXZGTCKSjwnx6Y5mSgbu5G2xzkfs9LR2_E2oAJi_4PVgZX2RaAqJGykb1VHeg1v4cufUMlAMG-b8W2_Bl9LyeqA5QLkjA-8veXEMBVRXLQspoJIhSu2-Dgc8CVGFnrz6uut3J0oGSlLXOYYTVkXMxXS7PaK6GoLrT3PHciiuOQbb2l7QKgUXpd1-l6QywCopE9_kQVfOJmFk52nAOUNXONkm7roNIKopQJbViapuuGyyFwkSQq7lquM7c_vYVc7iiqdjJVGNTr4X5pV3GHnwAa4fhe-DFScqrC6jiKvX2WbHLOx2bpLSe3zAl5grd6c-_ThU6g6WEcytxLWC8v5DEWGeel09bgFdi6XGtuUIZv9DDE83krGKgj_VGYgO97GiCZVYNlBYkNxEpa/media?maxWidthPx=400&key=AIzaSyAgucJSAxcE0tpOe1l47Xy0Rw4QehRSg94,Hemstädning|Flyttstädning|Byggstädning|Fönsterputs|Kontorsstädning|Trappstädning|Golvvård,"Hemstädning: regelbunden och flexibel anpassad städning med fokus på noggrannhet och kvalitet, miljövänliga produkter. Flyttstädning: uppfyller krav vid överlämning av bostad. Byggstädning: efter byggprojekt. Fönsterputs: rändfria fönster för hem och företag. Kontorsstädning: trivsam arbetsmiljö. Trappstädning: regelbunden för fastigheter. Golvvård: rengöring och behandling.",Karlstad|Hammarö|Molkom|Skattkärr|Grums|Kristinehamn,"Lena Städ Karlstad är en lokal städfirma baserad i Karlstad med fokus på kvalitet, noggrannhet och långsiktiga kundrelationer. Webbplatsen lanserades april 2026. Arbetar med miljövänliga produkter och metoder. Erbjuder kostnadsfri offert.",,,,,Ja,4.9,13,Kom i tid. Väl utfört jobb. Professionaliteten är förstklassig med högkvalitativ utrustning. Gjorde ett bra jobb i mitt hem med bara en inspektion och allt var perfekt. (Terence Aburo)|Jag rekommenderar Lena Städ... tjänsten är underbart. (Clovis Muhirwa)|Ni är proffs på vad ni gör. (serge bagaya peter),,,Kontaktformulär på lenastad.se | Telefon 079-012 00 82 | E-post info@lenastad.se,Kostnadsfri offert vid förfrågan,Svenska,https://www.facebook.com/profile.php?id=61585492732301,https://maps.google.com/?cid=6980916496729949023&g_mp=Cidnb29nbGUubWFwcy5wbGFjZXMudjEuUGxhY2VzLlNlYXJjaFRleHQQAhgEIAA,ChIJFa_YwSixXEYRX8NAOpEy4WA,"Medium – webbplats, telefon och e-post bekräftade; juridisk registrering (org.nr, legal form) ej hittad i register",www.lenastad.se | opendi.se/karlstad/310488 | kundernas.se/lena-stad-karlstad,2026-07-25
Axelssons Fönsterputs AB,Axelssons Fönsterputs i Karlstad AB,556792-5929,BABORDSGATAN 7,652 27,Karlstad,Centrum,054-21 76 55,,https://putsa.nu/,https://putsa.nu/wp-content/uploads/2022/12/Axelssons_logo_transparent-185x56.png,,Fönsterputs|Hemstädning|Flyttstäd|Fönsterputs skyltfönster|Fönsterputs kontor|Fönsterputs lägenhet|Fönsterputs hus,"Fönsterputs av alla typer: lägenheter, hus, skyltfönster, kontor. Arbetar ner till -15°C. Biologiskt nedbrytbara produkter. Nöjd-kund-garanti. Hemstädning och flyttstäd enligt kundens önskemål. Löpande avtal för skyltfönster (vecka/månad/år). Verksamma i hela Värmland.",Karlstad|Örebro|Karlskoga|Hammarö|Kil|Forshaga|Säffle|Åmål|Hela Värmland,"Axelssons Fönsterputs grundades 1976 av Håkan Axelsson och har mer än 50 år i branschen. Idag leds bolaget av Gert Johan Fredrik Axelsson (f. 1973) som styrelseledamot, med Jan-Olov Sebastian Edvardsson som suppleant. Ca 10–15 medarbetare. Registrerat 2009-11-04 som AB. Postadress: Box 2010, 650 02 Karlstad. Rikstäckande fönsterputs med fokus på Värmland.",1976,Håkan Axelsson,10,Aktiebolag,Ja,4.5,20,,,F-skattsedel | Ansvarsförsäkring,Telefon 054-21 76 55 | Kontaktformulär på putsa.nu,RUT-avdrag berättigar halvering av arbetskostnad. Kontakta för offert.,Svenska,,https://maps.google.com/?cid=14387403176886501473&g_mp=Cidnb29nbGUubWFwcy5wbGFjZXMudjEuUGxhY2VzLlNlYXJjaFRleHQQAhgEIAA,ChIJmURRDX2zXEYRYYClLvZSqsc,High – allabolag.se och syna.se bekräftar org.nr/adress/ledning/registreringsdatum; webbplats bekräftad,putsa.nu | allabolag.se/556792-5929 | upplysningar.syna.se/5567925929,2026-07-25
Elit Hemservice AB,Elit Hemservice Sverige AB,559398-8123,Åttkantsgatan 5,652 20,Karlstad,Centrum,054-240 555,info@elithemservice.se,https://elithemservice.se/,https://elithemservice.se/wp-content/uploads/2025/11/LOGOTYP-3.svg,https://places.googleapis.com/v1/places/ChIJVVXZoVe3XEYRvNZrI7hErGU/photos/AaVGc3nIO6qr782bWeM5nm8HIH_GcVs9bHEBDnKwZfy1jTUPIEOHe7TyQ5MjQXUHHVfPhvuxQTJ7HgcvMqcHuxdAB8GlBq_ahiwcyGz3H9bceQITIG1Yo0fuGay7foeK8Ipgye3dNAOu4BJsdn7NV4YZeQXDnO6vUvvMvffz_ca8t93jHKzWC65LZQjfMY145XPRrZrOz2d3QMskpOLomkDVM4lXbEyoqrkjBzVMxJjQgrn9eAfDiK57xfT55MCEBgfRoe0z1MeWXZWLt29aa0ioBEdobA6yb3Va-LhMttU1ZbVuWHyQBI4C_TWsayUqZC3Zmz2jnMYa9_Mst4cvNZjNr2NUFswk-6pKfccEDVq1RzWHXoyPITo_A1J-6osr9Bba583Upie2NpkCwmL6j52Q6ZUuPlkD9MPiBo__cbu0SrBwHgw/media?maxWidthPx=400&key=AIzaSyAgucJSAxcE0tpOe1l47Xy0Rw4QehRSg94,Hemstädning|Fönsterputs|Flyttstädning|Byggstädning|Textilvård|Hushållstvätt|Sanering|Lättare trädgårdsarbete|Städutbildning|Städbutik|Uthyrning städutrustning,"Hemservice 365 kr/tim (första timmen), därefter 280 kr/tim efter RUT. Hemservice 65+: 275 kr/tim efter RUT. Fönsterputs 365 kr/tim efter RUT. Flyttstädning från 2 700 kr efter RUT. Byggstäd 285 kr/tim efter RUT. Textilvård 560 kr/tim. Hushållstvätt från 195 kr efter RUT. Sanering 590 kr/tim. Trädgårdsarbete från 280 kr/tim efter RUT. Kostnadsfritt hembesök för planering av återkommande städning. Städbutik och utbildningar i lokalvård på plats.",Karlstad,"Elit Hemservice Sverige AB grundades 2022-09-26 och är belägen på Åttkantsgatan 5 i Karlstad. Drivs av Sui-Lan Henriette Lee (f. 1988). Erbjuder städtjänster, städutbildningar (SRY-yrkesbevis, SRY-yrkesbedömare, Diplomerad fönsterputsare), städbutik och uthyrning av städutrustning. Kollektivavtal. Över 10 år i branschen (ägarens bakgrund). 5 anställda. Öppettider butik: mån-ons 10-17, tors-fre 10-15.",2022,Sui-Lan Henriette Lee,5,Aktiebolag,Ja,4.5,24,,,SRY-yrkesbevis | SRY-yrkesbedömare | Diplomerad fönsterputsare | Kollektivavtal,Telefon 054-240 555 (vardagar 07:45–17:00) | Kontaktformulär på elithemservice.se | Kostnadsfritt hembesök,"Hemservice 365 kr/tim (1:a timmen) / 280 kr/tim efter RUT. Fönsterputs 365 kr/tim efter RUT. Flyttstädning fr. 2 700 kr efter RUT. Avbokning: >15 dgr=0%, 7–15 dgr=50%, <24h=70%.",Svenska,https://www.linkedin.com/company/elit-hemservice,https://maps.google.com/?cid=7326306251483895484&g_mp=Cidnb29nbGUubWFwcy5wbGFjZXMudjEuUGxhY2VzLlNlYXJjaFRleHQQAhgEIAA,ChIJVVXZoVe3XEYRvNZrI7hErGU,High – allabolag.se bekräftar org.nr/adress/ledning; webbplats bekräftar priser/tjänster/certifieringar,elithemservice.se | allabolag.se/559398-8123 | upplysningar.syna.se/5593988123,2026-07-25
Karlstads Hem & Kontorsstädning AB,Karlstads Hem & Kontorsstädning AB,,Lantvärnsgatan 4,652 21,Karlstad,Centrum,070-645 50 68,,,https://www.google.com/s2/favicons?domain=kdstad.se&sz=128,,Bostadsstädning|Kontorsstädning|Storstädning|Utflyttningsstädning/Flyttstädning|Fönsterputs|Golvvård,"Etablerat städföretag med brett utbud: bostadsstädning, kontorsstädning, storstädning, utflyttningsstädning, fönsterputs och golvvård. Engångsstädning eller regelbunden städning. Miljövänlig städning. Snabb bokning, flexibel service för privatpersoner och företag.",Karlstad,Karlstads Hem & Kontorsstädning AB är ett etablerat städföretag i Karlstad med adress Lantvärnsgatan 4. Telefon 070-645 50 68. Öppet mån–fre 07:00–17:00. Notera: domänen kdstad.se leder till en generisk rengöringsblogg och är inte bekräftad som företagets webbplats. Org.nummer har inte kunnat verifieras via tillgängliga register.,,,,Aktiebolag,Ja,4.7,12,,,,Telefon 070-645 50 68 | Ev. webbbokning (webbplats ej verifierad),RUT-avdrag berättigat. Fasta priser möjliga. Kontakta för offert.,Svenska,,https://maps.google.com/?cid=14179159622008182772&g_mp=Cidnb29nbGUubWFwcy5wbGFjZXMudjEuUGxhY2VzLlNlYXJjaFRleHQQAhgEIAA,ChIJZ8Nf7zqxXEYR9BdcQ41-xsQ,"Low – telefon och adress bekräftade via stadningguiden.se; org.nr, webbplats och registreringsdata ej hittade; kdstad.se leder till orelaterat innehåll",stadningguiden.se/karlstads-hem-kontorsstadning-ab-karlstad,2026-07-25
City Städfirma,City Städfirma Karlstad AB,559574-0050,Petersbergsgatan 19,653 44,Karlstad,Centrum,070-496 99 94,info@citystadfirma.se,https://citystadfirma.se/,https://www.google.com/s2/favicons?domain=citystadfirma.se&sz=128,,Hemstädning|Storstädning|Fönsterputs|Flyttstädning|Företagsstädning|Trappstädning,"Hemstädning: regelbunden eller flexibel städning med miljövänliga metoder. Storstädning: grundlig rengöring, perfekt inför högtider eller säsongsbyte. Fönsterputs: strimmefria fönster privat och företag. Flyttstädning: komplett städning enligt mäklarstandard. Företagsstädning: flexibla lösningar för kontor och verksamheter. Trappstädning: för BRF och fastighetsägare. Svar/bokning inom 24–48 timmar. Nöjdkund-garanti inom 24h.",Karlstad,"City Städfirma Karlstad AB registrerades 2025-10-29 (F-skatt/moms från 2026-04-01). Styrelseledamot: Sediga Shahbazi, styrelsesuppleant: Ebrahime Hosseini. 1–4 anställda. Webbplats citystadfirma.se med onlinebokning och offertformulär. Erbjuder 15% rabatt på första städningen via nyhetsbrev.",2025,Sediga Shahbazi,1-4,Aktiebolag,Ja,4.8,5,,,,Onlinebokning via citystadfirma.se | Telefon 070-496 99 94 | E-post info@citystadfirma.se,15% rabatt på första städningen. Offert på webbplatsen. RUT-avdrag tillämpas.,Svenska,,https://maps.google.com/?cid=1397471608423662461&g_mp=Cidnb29nbGUubWFwcy5wbGFjZXMudjEuUGxhY2VzLlNlYXJjaFRleHQQAhgEIAA,ChIJJe2mfi6zXEYRfUPJEwbRZBM,High – bolagsfakta.se och syna.se bekräftar org.nr/adress/styrelse; webbplats bekräftar tjänster/kontakt,citystadfirma.se | bolagsfakta.se/5595740050 | upplysningar.syna.se/5595740050 | stadningguiden.se,2026-07-25
Fox Städservice,Fox Städservice AB,559341-1233,Blockgatan 11,653 41,Karlstad,Centrum,054-18 00 30,info@foxstadservice.se,https://foxstadservice.se/,https://www.google.com/s2/favicons?domain=foxstadservice.se&sz=128,https://places.googleapis.com/v1/places/ChIJ5X-GezWzXEYRXBGuXuSN_lc/photos/AaVGc3liHFREm4fvGJijlgB1v_Gyg02xaAg1ruc-morCGyDjd97jj71-SZ4oKr-Ao9vmHR5xgo8sJw1AF4RQFsZmjoLoOE5IEg14UiMffoz3466S6Vs6VrxKpZy-XrsSMsuvJBPUK-sKMHzArk2ey-2wZ_P89gf-7TEv1UG6X1XH3M4YyxvBWJSWkyyTHXkjIiLp1El-R_m_mr7rK2HuQXEdRTCKstTGKWVQFjUInWVzPrK6cmL9_SaRwZFykWxpQZhkekadUkGDYpBeN6vF8J_anqb1VWw_LepocNzWEqzBy9nOfI5yQvaqhWbsOxyA7ZYXNLWy3stFfYrPqFPcf5PLozu8g2NlsDDqUb4V3I6IcCuI6bKYkfAGb1yxfm7L6OTgbsSRhdzpFQgQINnnP-OWFA8aSL7zNA54D3R-gtI8o4o/media?maxWidthPx=400&key=AIzaSyAgucJSAxcE0tpOe1l47Xy0Rw4QehRSg94,Hemstädning|Storstädning|Flyttstädning|Företagsstädning/Kontorsstädning|Byggstädning|Fönsterputs|Fastighetsskötsel (yttre),"Hemstädning och storstädning av hög kvalitet för alla typer av boenden. Flexibla upplägg (daglig/vecko/varannan vecka/månadsvis). Företagsstädning med skräddarsydda lösningar inkl. kontorsstädning, lokalvård, blomvattning, kaffepåfyllning. Byggstädning efter renovering/nybygge. Fönsterputs av hög kvalitet. Yttre fastighetsskötsel (trädgård, fastigheter). Ansvarsförsäkring och olycksfallsförsäkring för personal.",Karlstad med omnejd,Fox Städservice AB grundades 2021-10-16 och är ett lokalt städbolag i Karlstad med omnejd. VD: Ulf Tobias Johansson. 8 anställda (2025). Omsättning 2025: 3 550 000 kr. 4 fordon registrerade. Aktiva på LinkedIn med regelbundna inlägg om tjänster och rekrytering. Marknadsför sig som det självklara lokala städvalet i Karlstad.,2021,Ulf Tobias Johansson,8,Aktiebolag,Ja,5,10,,,Ansvarsförsäkring | Olycksfallsförsäkring,Telefon 054-18 00 30 (vardagar 07:30–16:30) | E-post info@foxstadservice.se | Kostnadsfri konsultation via webbplatsen,RUT-avdrag: 50% av arbetskostnaden. Kontakta för offert/kostnadsförslag.,Svenska,https://www.facebook.com/foxstadservice|https://www.instagram.com/foxstadservice/|https://www.linkedin.com/company/foxstadservice/,https://maps.google.com/?cid=6340661337364762972&g_mp=Cidnb29nbGUubWFwcy5wbGFjZXMudjEuUGxhY2VzLlNlYXJjaFRleHQQAhgEIAA,ChIJ5X-GezWzXEYRXBGuXuSN_lc,High – foxstadservice.se bekräftar adress/kontakt/org.nr; hitta.se bekräftar VD/anställda/omsättning; LinkedIn bekräftar sociala kanaler,foxstadservice.se | hitta.se/fox-stadservice-ab-mopxyflg | linkedin.com/company/foxstadservice | stadningguiden.se,2026-07-25
Glasklart Fönsterputs Karlstad,,,Råtorpsbågen 17,653 48,Karlstad,Nordsidan,073-527 31 51,,,https://www.google.com/s2/favicons?domain=glasklartfonsterputs.se&sz=128,https://places.googleapis.com/v1/places/ChIJ0xS1ZF6xXEYRpFwU5mUHyKI/photos/AaVGc3ki4mrpGg0xD39br8E0jeSIzQuaKFHUhXF0VflucZy3Kv5nahUCl-m9HvojfshdHGR-6C9P2UYACBqKToRZirAddC23Jt7GD8wdcaGRtnAg6A6Qufuzjr5QbNsKZjfGpCEoPHswkF-AwXUH0_VUaMa6wxI7HicJUupTPfAb1BLw3mjEkRWqrnX5ycLVmpO2xiPN6iQZugUWjiDhWBtwVBqUIS3c0xSJ-T03EwOOfZbcNR-OhsPYyEruVSoHBMa5rGonsQ0NO0nwHliG1T_trx6E7hIComkgmuxenHebIRsUConTQFsw4hnJBgeJ3h065cGY3KRB-jUDp43PfpRHKiTcQAXPWA8BPtBSEqA20sUhZud9V7dKAN-CDUPfJ-K4i7yCc_siR39qeg9hgqbkRMTH5mco81yzImtGF-ABIQnF8Q/media?maxWidthPx=400&key=AIzaSyAgucJSAxcE0tpOe1l47Xy0Rw4QehRSg94,Fönsterputs,Fönsterputsning för privatpersoner och företag i Karlstad. Öppet måndag–fredag 07:00–17:00.,Karlstad,"Glasklart Fönsterputs Karlstad är ett lokalt fönsterputsföretag verksamt i Karlstad med adress Råtorpsbågen 17, 653 48. Kontaktbar via telefon 073-527 31 51.",,,,,Okänt,5,1,,,,Telefon,,Svenska,,https://maps.google.com/?cid=11729633363719642276&g_mp=Cidnb29nbGUubWFwcy5wbGFjZXMudjEuUGxhY2VzLlNlYXJjaFRleHQQAhgEIAA,ChIJ0xS1ZF6xXEYRpFwU5mUHyKI,Low — no own website found; phone from directory listings; org_number not found in registry search,infoisinfo.se|yoys.se|oppettider.nu,2026-07-25
Tingvalla Städ AB,Tingvalla Städ AB,559429-3374,Lantvärnsgatan 4,652 21,Karlstad,Centrum,070-645 50 68,,https://www.tingvallastad.se,https://www.tingvallastad.se/wp-content/uploads/2025/03/tingvalla-stad-logo-150x150.png,https://places.googleapis.com/v1/places/ChIJwdQSKfIx0y0R21C4bUUkd0g/photos/AaVGc3lWBCUviokv_FWAcOGtjK3wyK5EoQOiZqakcqnpYaoa60G61h-n15cSEiKb4nOnLYgogTfBQ2zaZ8kEoGjcIj-euE1anr9jiYPpy-HZXmwV6JHmLABcjkdjS37yVy5stKl5NG_al5k9f2PUmDZOU3qXHKRZD0nwfHsRitLG6ZTAtc-luPV24Y2BuMAGojLNs5KC3OcS-Jgc-wnRbbB_TpLEQ82LdARn8hG_VdGRcHlktchhRNpUUWH6-T6gJtjaDzVCnAolcqUGgTZJb_4cDhYLKVKOvD-1Z4_APfFO2ljw3euUbYzGVXz4gNBiV-d2C_bAQz27Ru8oaDHp__bf6T_EGNtc_BIbXvQq4tsj4pqPFQpcs6yWgm3cDdsMzOsYbAKplyv9cQN929Mk0LqqbJIaTJtyITl7rqQuMTRJRmk/media?maxWidthPx=400&key=AIzaSyAgucJSAxcE0tpOe1l47Xy0Rw4QehRSg94,Hemstädning|Kontorsstädning|Företagsstädning|Trappstädning|Flyttstädning|Fönsterputs,"Hemstädning – regelbunden eller engångs, anpassad efter kundens schema. Kontorsstädning – anpassad efter verksamhetens behov. Trappstädning – håller entréer och trapphus rena. Flyttstädning – noggrant avslut inför flytt. Fönsterputs – skinande rena rutor med kvalitetsprodukter.",Karlstad med omnejd,"Tingvalla Städ AB är en del av Tingvalla Invest AB och erbjuder städ- och lokalvårdstjänster i Karlstad. Grundat 2023. Arbetar med moderna metoder och miljövänliga produkter. 4 anställda. Adress: Lantvärnsgatan 4 (postadress), besöksadress Gjuterigatan 16, Karlstad.",2023,Lars Olof Johnson (styrelseledamot),4,Aktiebolag,Ja,,,,stadningguiden.se: ingen betygsättning,,Webbformulär|Telefon,Kostnadsfri offert på begäran,Svenska,,https://maps.google.com/?cid=5221682173571518683&g_mp=Cidnb29nbGUubWFwcy5wbGFjZXMudjEuUGxhY2VzLlNlYXJjaFRleHQQAhgEIAA,ChIJwdQSKfIx0y0R21C4bUUkd0g,High — website confirmed with matching address; registry org_number 559429-3374 confirmed via allabolag.se,tingvallastad.se|allabolag.se|letabolag.se,2026-07-25
PB Städservice Karlstad,,,Rudsbergsvägen 24,654 66,Karlstad,Nordsidan,,,,https://www.google.com/s2/favicons?domain=pbstadservice.se&sz=128,https://places.googleapis.com/v1/places/ChIJF6SE3SizXEYRwiOube8JHco/photos/AaVGc3mAYy6lcCGW-l31yqE6CdDMBdWzS6fAJjWygEVsvDiM-kyKNpFnak4neCi4RHdrbA7zd46UXcTRq0WXHJFDwqh5DH8-pchxF8XOG3aZ-33a8Hpnr6w8nBJLidk1pH0fAnYPOr7t_Gb33CPCr_CY6qlQYcL1vzOGRjy8Dzz3pP9bwqpCMO_uCM9VxdMuhRLRo5PBJyNYpl4fr9vGLV0b19RzgIGeE9_wjsmoHJfHr40OJ17scJObjqYlL1dAfcWcwdOLQtSFm8BdaISH6jEfVtGlbYUUSvBsRCL5hAijJ87kJATQ6RIg0GdRnlDsMQ2eANXlRN1759nEZjpOQpbXN9vCtKcJjL_HGt0OtNM0z_KGa462Ei2N2_dTUL--COqmSGsV3lRA88NFnkWmYxDs3YytIPyNB_uLgud8Tl_axbtE1Nh9zS9IAYWAWuD6tM6k/media?maxWidthPx=400&key=AIzaSyAgucJSAxcE0tpOe1l47Xy0Rw4QehRSg94,Städservice,Städservice i Karlstad. Detaljer ej tillgängliga via offentliga källor.,Karlstad,"PB Städservice Karlstad har adress Rudsbergsvägen 24, 654 66 Karlstad. Ingen webbplats eller registrerad information hittades i offentliga källor under denna sökning.",,,,,Okänt,,,,,,,,Svenska,,https://maps.google.com/?cid=14563807693928014786&g_mp=Cidnb29nbGUubWFwcy5wbGFjZXMudjEuUGxhY2VzLlNlYXJjaFRleHQQAhgEIAA,ChIJF6SE3SizXEYRwiOube8JHco,Low — no website found; no registry match found; backbone address only,Google Places backbone only,2026-07-25
Riks Städpartner i Värmland AB,Riks Städpartner i Värmland AB,556995-8225,Rattgatan 6,653 41,Karlstad,Centrum,054-85 45 90,Helena@rispab.se,https://rispab.se,https://www.google.com/s2/favicons?domain=rispab.se&sz=128,https://places.googleapis.com/v1/places/ChIJOTG4YbSzXEYRhOTMFw4mqmc/photos/AaVGc3l3GY32iVF43TR1rrf5sMIyLjN3oKDeXnZQXddr6qdhbZgV8NbqYL3YOZqOXwFb_4Bh9tK1fFptPF-0Pz8AoZaagIS4MzjiRq1dGql5Zex7AgH5P7O7PrKgMD5IkxBe55anWZoH477B5dS0_2Jfast9wfjJeUX53JtpX654bUkcqyULgrWQFBusIhpK0-z62OeoMdUcSA4ySeLvr9doB1PRN4ZzseC3ZmXW4_0FOBE5Nbnf5Ej0BkLJjOkxZtHOkmjfZHikwKERYq_qbTlhE204rVpdDA8ldEpct57bqSbYIPIkOmZyJMpZys8ieSsv-9NoyJRb8lWbpSWi7U8A6Kr5nSIlXaaAMOi9f2LHvq1WTiZj0YZtVwlWFg6QU579sE8_uisWE9_KJI3UIgkVqbXFMAV12CNkA840FrjlJ34VWw/media?maxWidthPx=400&key=AIzaSyAgucJSAxcE0tpOe1l47Xy0Rw4QehRSg94,Lokalvård|Golvvård|Kontorsstäd|Restaurangstäd|Butiksstäd|Byggstäd|Industristäd|Hemstäd|Flyttstäd|Fönsterputs|Storstäd|Dödsbon,"Lokalvård – för alla typer av lokaler. Golvvård – slipning, polering, vaxning. Kontorsstäd – anpassat efter verksamhetens schema. Restaurangstäd – följer hygienregler. Butiksstäd – välkomnande shoppingmiljö. Byggstäd – efter renovering/nybyggnation. Industristäd – fabriker och produktionsanläggningar. Hemstäd – miljövänliga produkter. Flyttstäd – golv till tak, säkerställer depositionsåterbetalning. Fönsterputs – strimmfritt in- och utvändigt. Storstäd – djupgående säsongsrengöring. Dödsbon – köper, tömmer, röjer och värderar.",Karlstad|Kristinehamn|Arvika|Säffle|Hagfors|Årjäng|Sunne|Örebro,"Riks Städpartner i Värmland AB har funnits i Karlstad sedan 2014 och levererar städtjänster till företag, myndigheter och privatpersoner i Värmland och Örebro. Med över 50 anställda. Certifierade enligt ISO 9001 och ISO 14001, auktoriserade av Almega Serviceföretagen. Del av Hembry-koncernen. Kontaktperson: Helena Gustafsson (Områdeschef), Diana Nilsson (Arbetsledare). Registrerade för: moms, F-skatt. Status: Upplöst genom fusion (Syna 2024), men webbplatsen och verksamheten är aktiv under Hembry-varumärket.",2014,,50+,Aktiebolag,Ja,4,7,,stadningguiden.se: 3.6/5 (5 röster),ISO 9001|ISO 14001|Almega Serviceföretagen,Webbformulär|Telefon,Kostnadsfri offert på begäran,Svenska,https://www.linkedin.com/company/riksinredningar-fastighetsservice,https://maps.google.com/?cid=7469824773918090372&g_mp=Cidnb29nbGUubWFwcy5wbGFjZXMudjEuUGxhY2VzLlNlYXJjaFRleHQQAhgEIAA,ChIJOTG4YbSzXEYRhOTMFw4mqmc,High — website confirmed with matching address; registry data from syna.se/nordicnet.se; note status shows fusion on Syna but website and operations active,rispab.se|syna.se|nordicnet.se|allabolag-exa,2026-07-25
Buskhaga Städ AB,Buskhaga Städ AB,559000-4585,Gräsdalsgatan 4,653 36,Karlstad,Centrum,020-10 41 10,info@buskhagastad.se,https://buskhagastad.se,https://buskhagastad.se/wp-content/uploads/2023/04/cropped-buskhaga-favicon-32x32.webp,https://places.googleapis.com/v1/places/ChIJ8UmYqA2xXEYRZKbCv5RCQ18/photos/AaVGc3lEI_JpVCsBCd4VMBQhsj8mJI3bEga8mwf1TJWubz1ulZ2YtKlr7HnnQ2hqvO0JNALmt-iz44G07tdToD2zPW4OD-eZxywIiKFR8mF62lR5AKhv-9SzstXn1M0nv2z7j2YISTixbRPjvmK1XfPK33rzjoGoyl5jrO-bP17FmzlzuGeKJq55v5X1BQad_Q7YyYpobmJzYsyQWI-kCNgJhKVC_WzM0UYRLsLG2evZS8MhMzpN_0VdayQKXjaI7SlPG4R03H1q_eEen7OY2t6OfPiKnuQJdC-ZqnKvWXfTrQOANE3gVpziY4RN-tsTzRDPjTPdWt1U-oVoiHrkqo9R9o_pbhvifuhXKpgsbXUFR7AIPjAl16SaDAYbhokaGaeZ7a6qsUYKPkB5jhS4Q28zrdleaYN9tE3n_ZrFB5zEaX7rWg/media?maxWidthPx=400&key=AIzaSyAgucJSAxcE0tpOe1l47Xy0Rw4QehRSg94,Hemstädning|Storstädning|Fönsterputs|Flyttstädning|Golvvård|Matt- och möbeltvätt|Företagsstädning|Kontorsstädning|Byggstädning|Trappstädning|Fasadtvätt,Hemstädning – regelbunden städning av hem. Storstädning – grundlig rengöring. Fönsterputs – kristallklara fönster. Flyttstädning – lämna bostad i toppskick. Golvvård – alla typer av golv. Matt- och möbeltvätt – fräschar upp mattor och möbler. Företagsstädning – kontors- och verksamhetsstädning. Byggstädning – efter renovering. Trappstädning – trapphus och gemensamma ytor. Fasadtvätt – fasader.,"Karlstad med omnejd|Mellansverige (25+ orter, 13 kontor)","Buskhaga Städ AB är ett familjeägt städföretag grundat 2006 med huvudkontor i Karlstad. Del av Buskhaga AB-koncernen. Idag över 200 anställda och 13 kontor på 25+ orter i Mellansverige. Ägare: Mattias och Malin Holmgren. VD: Linda Torving. Certifierade enligt ISO 9001, 14001 och 45001. Kollektivavtal och SRY yrkesbevis.",2006,Mattias Holmgren|Malin Holmgren,"128 (Karlstad-kontoret 2024), totalt 200+",Aktiebolag,Ja,3.6,67,"Det bästa med Buskhaga är trevlig personal, deras flexibilitet och så är de riktigt duktiga på att städa. Vi kan rekommendera dem varmt! (Familjen Johansson) | Har anlitat Buskhaga sedan september förra året för hemstädning och det är det bästa jag har gjort på länge. (Johan Sigurdsson) | Ni har helt fantastisk personal! (Familjen Andersson)",hitta.se: 4.3/5 (2413 röster) | stadningguiden.se: 3.6/5 (67 röster),ISO 9001|ISO 14001|ISO 45001|Kollektivavtal|SRY yrkesbevis,Webbformulär|Telefon,Kostnadsfri offert. RUT-avdrag tillämpas.,Svenska,,https://maps.google.com/?cid=6864403463682565732&g_mp=Cidnb29nbGUubWFwcy5wbGFjZXMudjEuUGxhY2VzLlNlYXJjaFRleHQQAhgEIAA,ChIJ8UmYqA2xXEYRZKbCv5RCQ18,High — website confirmed; registry data from bolagsfakta.se; multiple third-party sources consistent,buskhagastad.se|bolagsfakta.se|hitta.se|stadningguiden.se,2026-07-25
Ce-Ge Städ & fastighet AB,Ce-Ge Städ & fastighet Aktiebolag,556339-7685,Redaregatan 1,652 16,Karlstad,Centrum,020-51 51 51,info@ce-ge.com,https://ce-ge.com,https://www.google.com/s2/favicons?domain=ce-ge.com&sz=128,https://places.googleapis.com/v1/places/ChIJR4cq39WzXEYRkyq_uewqXC0/photos/AaVGc3mc3AqLhrnqmrqwbHutGDvAO4iyZz9zGFQMum_k8kET4rXQ_3ZBbg0Y2jfp1gE9VpAXhqTPEGEicUobSir7ZiTjxn2LR0YPq9VCBswfvPC8GieSGF6x8LjW9kioZXvabmG4ugIOgllsSaE8dPFljEZKYC1V-xOjYWKHPntWwz5Y2yelk6eaTgpC0yREP8SMFnXyf85KNvZQXUoh_O4d7uwbJJKlIsYKjskuork_36ByPpd7nDwEQ1PYFfDZwaRH4tMcA9czGJl-voM2hrchR0NwmYFieDcuwW0G8bMnd6iP0lpQs63O5cJaQ8l7Gl7-bseV3UoRZWWFIX7ll6RRXX0eqC2jaf0dpBVRRlEZLSS7yzQgEPe1zIapvp0A9oEsMsvBr6NCGIe8ZLW63RrOd4hBDA3RuivGVXIoBT5hD38PLXw/media?maxWidthPx=400&key=AIzaSyAgucJSAxcE0tpOe1l47Xy0Rw4QehRSg94,Städservice|Storstädning|Flyttstädning|Byggstädning|Fönsterputs|Dödsbo|Sanering|Golvvård|Tömning & Bortforsling,"Städservice – regelbunden städning med utbildad personal. Storstädning – på beställda nivåer. Flyttstädning – rum för rum, golv till tak, kvalitetssäkrad. Byggstädning – efter renovering/nybygge. Fönsterputs – in- och utvändigt. Dödsbo – tömning och bortforsling. Sanering. Golvvård. Tömning & Bortforsling.",Karlstad|Örebro|Kristinehamn|Helsingborg,"Ce-Ge Städ & fastighet AB är ett av de första städbolagen i Sverige att bli kvalitets- och miljöcertifierade (1998). Grundat 1988. 2 anställda (2024). Registrerat på Redaretorget 1, 652 16 Karlstad. Ordförande: Gunnar Dahlgren. Erbjuder professionell städservice med kvalitetsgaranti (reklamation inom 3 dagar). RUT-avdrag ingår för privatpersoner.",1988,,2,Aktiebolag,Ja,3,24,"Vi blev väldigt nöjda med er städning, både när det gäller kvalité och bemötande. Vi kommer att rekommendera ert företag. (Christer D.) | Väl utfört arbete. Trevlig personal. Prisvärd. (Per H.) | Snabb service. Vänligt bemötande. Prisvärt. (Per H.)",hitta.se: 4.2/5 (5 röster),Kvalitets- och miljöcertifierade sedan 1998,Telefon|Webbformulär|Kostnadsfritt hembesök,RUT-avdrag tillämpas (50% av arbetskostnaden). Kostnadsfritt hembesök för offert.,Svenska,,https://maps.google.com/?cid=3268534625781099155&g_mp=Cidnb29nbGUubWFwcy5wbGFjZXMudjEuUGxhY2VzLlNlYXJjaFRleHQQAhgEIAA,ChIJR4cq39WzXEYRkyq_uewqXC0,High — website confirmed with matching address; registry data from allabolag.se,ce-ge.com|allabolag.se|hitta.se,2026-07-25
Fixar Rent i Sverige AB,Fixar Rent i Sverige AB,559130-7870,Knappstadsvägen 17,653 38,Karlstad,Nordsidan,070-644 96 74,,https://fixarrent.se,https://www.google.com/s2/favicons?domain=fixarrent.se&sz=128,,Trappstädning|Fönsterputs|Höghöjdsstädning|Fastighetsskötsel,"Trappstädning – specialiserade på trapphus för bostadsrättsföreningar och företag. Fönsterputs – för företagskunder, kontor, kontorskomplex och organisationer; tillstånd för arbetsplattformar och liftar. Höghöjdsstädning – med specialutrustning. Fastighetsskötsel – fastighetsrelaterade tjänster. Riktar sig främst till företagskunder, inte privatpersoner.",Karlstad|Hammarö|Kil|Grums|Forshaga|Filipstad|Södra Värmland,"Fixar Rent i Sverige AB är ett lokalt städföretag i Karlstad specialiserat på trappstädning och fönsterputs för företag och bostadsrättsföreningar. Grundat 2016 av Mikael och Hanna Vähäkari. Mikael har arbetat inom städbranschen sedan 16 års ålder. Registrerat 2017-10-26. 2 anställda. Medlem i Almega. Omsättning 2024: 2,4 MSEK.",2016,Mikael Vähäkari|Hanna Vähäkari,2,Aktiebolag,Nej,5,3,"Alltid snabb återkoppling och ett företag med mycket bra service!! (Henrik) | Bra städat och bra service! (Stefan) | Personlig service, glada, trevliga! (Anonym)",hitta.se: 5.0/5 (3 röster),Almega-medlem,Webbformulär|Kontaktformulär,Riktar sig till företagskunder. Kontakta för offert.,Svenska,https://www.linkedin.com/company/fixar-rent-i-sverige-ab,,,High — website confirmed with matching address; registry data from allabolag.se and hitta.se; founders named on website,fixarrent.se|allabolag.se|hitta.se,2026-07-25
Värmlandsstäd,,,Gjuterigatan 3,652 21,Karlstad,Centrum,073-320 86 58,info@varmlandsstad.se,https://varmlandsstad.se,https://varmlandsstad.se/wp-content/uploads/2019/02/logga_text_hoger_enrad_Tjockare-2.png,,Hemstädning|Flyttstädning|Byggstädning|Visningsstädning|Kontorsstädning|Trappstädning,Hemstädning – flexibel lösning anpassad till kundens schema. Flyttstädning – specialitet med nöjdhetsgaranti; pris per kvm. Byggstädning – efter renovering och nybygge. Visningsstädning – inför bostadsvisning. Kontorsstädning – anpassat för verksamheter. Trappstädning – trapphus och gemensamma ytor.,Karlstad|Värmland,"Värmlandsstäd är en städfirma i Karlstad med många års erfarenhet. Erbjuder flexibla städlösningar med nöjdhetsgaranti. RUT-avdrag dras direkt på fakturan. Kontaktpersoner: Niklas (073-32 08 658) och Jonna (073-68 88 937). Adress: Gjuterigatan 3, 652 21 Karlstad.",,,,,Ja,5,3,,stadningguiden.se: 5.0/5 (3 röster),,Telefon|E-post|Offertformulär,Offert per kvm för flyttstädning. RUT-avdrag tillämpas direkt på fakturan.,Svenska,,https://maps.google.com/?cid=17675112121324128845&g_mp=Cidnb29nbGUubWFwcy5wbGFjZXMudjEuUGxhY2VzLlNlYXJjaFRleHQQAhgEIAA,ChIJ6-AdjNGzXEYRTcq53NOcSvU,Medium — website confirmed with matching address and phone; org_number not found in registry search; legal_name unconfirmed,varmlandsstad.se|stadningguiden.se|foretagsproffs.advokater24.nu,2026-07-25
Lux städ,Lux Värmland AB,559540-6157,Lagmansgatan 17,654 61,Karlstad,Centrum,073-545 05 61,ida.jorgensen@luxstad.se,https://www.luxstad.se,https://www.luxstad.se/wp-content/uploads/2025/09/FAVs-150x150.png,https://places.googleapis.com/v1/places/ChIJNXh3sz6xXEYRMsRPbgrvqSk/photos/AaVGc3ldPA2M4663MVNEFjfP21ALfxSTuph2J8WfB9zSwYC-wzB0cP8M7fO6fbi2jweHHu5WrznvuCa_AKJezPFTHFwNGJAX2Axpj9e0BW6x4i_97Z3J8bb_7-RGbOQL4yaoiBLK3-O-Xty2b08zeztWczxcpCtxG284IaHn-cK3fFx0kB4XewNHGg0SAeKfg_kkqy0Rm2l4bzEOasmIXv_wMRt1us44DJ_sRX8Dadooo2txcTLOGJk_FgNZxEeOonb59wck2ebrhtlFRVGtc5GYUz_WfzZkHRVeV1Rcs_G6Vy1ow0Vt0naCgRFw0ZIVruxVCPguOH6UbjhlAsrKiVqQNNUjqFKFCBDMWrlJL4qeGRUG7zGkYJV8hMDIoWlwgBFU8tMuCKGfH5-gBSe5KjKm6iLEb85duAZFHgCEekqmJ3MisdKuFLAVu_2cHLnhsw/media?maxWidthPx=400&key=AIzaSyAgucJSAxcE0tpOe1l47Xy0Rw4QehRSg94,Hemstäd|Flyttstäd|Företagsstäd|Byggstäd|Storstäd|Fönsterputs,"Hemstäd: regelbunden städning varje vecka, varannan vecka eller månadsvis. Flyttstäd: grundlig städning vid flytt, godkänt av hyresgästföreningen. Företagsstäd: anpassat schema för kontor och arbetsplatser. Byggstäd: efter renovering eller bygge. Storstäd: grundlig städning från golv till tak. Fönsterputs: in- och utsida för hem och företag.",Hela Värmland,"Lux Städ (Lux Värmland AB) är din lokala städpartner i Värmland. Startades efter att ha sett brister i branschen med missnöje och otydlighet. Fokus på pålitlighet, trygghet och långsiktiga relationer. Erbjuder städgaranti – åtgärdar inom 24h om något inte är godkänt. Försäkrad personal. Kunden har samma städpersonal varje gång. Betyg 4.6/5 på Reco med 57 verifierade omdömen.",2025,Kaj Christian Emilio Alexandersson,"0 (registrerat), flera anställda i praktiken",Aktiebolag,Ja,5,9,"Alldeles utmärkt fönsterputsning. Är mycket nöjd med arbetet. | Snabb service, trevligt bemötande, superbra jobb. | Noggrant genomfört. 4 städare med bra samarbete. | Bra genomförd flyttstäd, godkänt direkt av hyresgästföreningen.",Reco: 4.6/5 (57 omdömen); Hitta.se: 4.6/5 (68 omdömen),Städgaranti 24h; Försäkrad personal; HEPA-filter dammsugare,Kontaktformulär på webbplats; telefon; e-post; kostnadsfritt platsbesök,10% rabatt på första storstäd för nya kunder; prisuppgift via offert efter platsbesök; RUT-avdrag 50%,Svenska,,https://maps.google.com/?cid=3002193454698578994&g_mp=Cidnb29nbGUubWFwcy5wbGFjZXMudjEuUGxhY2VzLlNlYXJjaFRleHQQAhgEIAA,ChIJNXh3sz6xXEYRMsRPbgrvqSk,High – webbplats hittad och verifierad mot adress; registry-data från hitta.se och Reco,https://www.luxstad.se | https://www.hitta.se/verksamhet/lux-stad-hmmqzfk | https://www.reco.se/lux-varmland-ab,2026-07-25
Stadline Susanne Sonnö AB,Stadline Susanne Sonnö AB,556686-2040,Geijersgatan 17C,652 18,Karlstad,Centrum,070-767 21 41,,,https://www.google.com/s2/favicons?domain=stadlinesusannesonno.se&sz=128,,Lokalvård|Hemstädning|Hushållsnära tjänster|Homestyling|Hälso- och friskvård,"Bolaget ska idka lokalvård, hälso- och friskvård, homestyling och hushållsnära tjänster samt därmed förenlig verksamhet.","Karlstad, Hammarö","Stadline Susanne Sonnö AB är ett aktiebolag grundat 2005 med säte i Karlstad. VD och ägare är Kim Liselotte Susanne Sonnö. Bolaget bedriver lokalvård, homestyling och hushållsnära tjänster. Verksamheten visar 0 kr i omsättning de senaste åren, vilket indikerar mycket liten eller vilande aktivitet.",2005,Kim Liselotte Susanne Sonnö,0,Aktiebolag,Okänt,5,1,,,,Telefon,,Svenska,,https://maps.google.com/?cid=9275334477180992974&g_mp=Cidnb29nbGUubWFwcy5wbGFjZXMudjEuUGxhY2VzLlNlYXJjaFRleHQQAhgEIAA,ChIJK34dzH6xXEYRzn1ObZCbuIA,"Medium – registry-data verifierad via allabolag.se/ratsit.se; ingen webbplats hittad; bolagets Google-adress (Geijersgatan 17C) ej i Bolagsverket-registret (registrerad c/o Annebergsvägen 1, Hammarö); kan vara hemmabaserat",https://www.allabolag.se/5566862040/stadline-susanne-sonno-ab | https://www.ratsit.se/5566862040-Stadline_Susanne_Sonno_AB,2026-07-25
GoClean Carlstad Städbolag HB,GoClean Carlstad Städbolag HB,,Horsensgatan 2,654 67,Karlstad,Nordsidan,,,,https://www.google.com/s2/favicons?domain=goclean.se&sz=128,https://places.googleapis.com/v1/places/ChIJQ5rzKv2zXEYRywFUXhkMOKE/photos/AaVGc3nxRtWMbEspKxFz18lFh2eR1K63NWAQ--0v5eVxdZmmflVOx_ZrwMcsod3XfqfV6vNmKwN6W467gwsGigF9Qfrv_xWkNz6HLmrrFedwIwtQMYqrNxj-dzcpdK67mLOyW_HhS558JzOIg528khaXiAb9gg0cuWwbOR0XsIiytObSz5CtTmkMYt41R8-NGZqfX7cWc3nvZQt9RXlouoZLZ3u_Hmyi4PwgsKE8kd4QoyNqmm53A4k-A_k5iF4tTjihI_U2UH1RrEXXAjfToSuFPQ3cR8N2fawcBjoksdKTE-pLzvpaTEhTLAQ8ofWSyEFCFS6GKa8afWMBeuQljy21hPEEae-dOoHzvLt904u4J-B_E718nmla8V_rKHfps6RoyniTPAWmY5MH6-ShxMP9WgzzdbjYSWLlf2A0WbvD2QYgC38l/media?maxWidthPx=400&key=AIzaSyAgucJSAxcE0tpOe1l47Xy0Rw4QehRSg94,Hemstädning|Företagsstädning|Fönsterrengöring|Flyttstädning,Hemstädning: för privatpersoner. Företagsstädning: kontor och lokaler. Fönsterrengöring: in- och utsida. Flyttstädning: vid in- och utflyttning. Baserat på GoClean-varumärket.,Karlstad,"GoClean Carlstad Städbolag HB är ett handelsbolag med adress Horsensgatan 2, Karlstad. Inget eget webbplatssökning lyckades för detta specifika bolag. GoClean-varumärket finns även som GoClean Nordic AB (Växjö, org.nr 559462-4115) – oklart om direkt koppling. Org-nummer för HB-enheten kunde ej verifieras via tillgängliga registerkällor.",,,,Handelsbolag,Okänt,5,1,,,,,,Svenska,,https://maps.google.com/?cid=11617048541898473931&g_mp=Cidnb29nbGUubWFwcy5wbGFjZXMudjEuUGxhY2VzLlNlYXJjaFRleHQQAhgEIAA,ChIJQ5rzKv2zXEYRywFUXhkMOKE,Low – ingen webbplats hittad; org-nummer ej verifierat; Google Places enda källa; bolagsform (HB) bekräftad via namn,Google Places API | https://www.xn--nringslivsregistret-gwb.se/tema/stadsforetag/karlstad/,2026-07-25
Städkompaniet i Karlstad AB,Städkompaniet i Karlstad AB,559211-0448,Skårevägen 63,653 50,Karlstad,Nordsidan,054-15 53 22,info@stadkompanietkarlstad.se,https://stadkompanietkarlstad.se,https://www.stadkompanietkarlstad.se/wp-content/uploads/2021/11/cropped-guld-scaled-1024x724-1-e1636553169159.png,https://places.googleapis.com/v1/places/ChIJWUTLTVTLXEYRe6PjnyDfHqY/photos/AaVGc3lsszjFOwrmUVa63-zXdwkjjWXy6toodKCqIENFb-v9rRhkLcUqx37QVCniZC55GUcowFWrqxRt0VKSuN0aP6N7IdeyNFDBhJKz6vtjqUb1E6BioFleBhHllacsI7fcf-YPSUJ5qpfyIrP1IwWMnIpDiNVPat5uE665r07Y5hrulK3-V7x4HYmC_xg0XyPJPf777omiHgf8fozX7vzQpfxzTRVkGxqY6QkTcW77YdFwDij7X-rq0wx76SGczH5gDEzATfD6P3rhOxBvXnGrVx4atjU9ZSU9VXM_pWGRGZtK28FhNnfAq63Fzwph73UAxZpLKc_8FEIyfa0sl7tOnM9HiTQxjcdTCxwbioKxdPGET9Lov_CW6ij5tA_FxFv1ZMijQpYwx7WpmdLjHNj-1gCspsBfCJgcnSMwbRD7dao8ZplBRVoseZ1BeaO-yvg0/media?maxWidthPx=400&key=AIzaSyAgucJSAxcE0tpOe1l47Xy0Rw4QehRSg94,Flyttstädning|Hemstädning|Byggstädning|Fönsterputs|Fastighetsservice|Golvvård|Trappstädning|Dödsbo|Företagsstädning|Sanering och specialstädning,"Flyttstädning: grundlig städning vid utflyttning. Hemstädning: storstädning eller återkommande. Byggstädning: expertis med ID06-kort. Fönsterputs: snabbt och effektivt för företag och privatpersoner. Fastighetsservice: markmiljö och byggnader. Golvvård: specialkompetens. Trappstädning. Dödsbo: värdering, uppköp, tömning, städning. Företagsstädning: kontor, butiker, industri. Sanering och specialstädning.","Karlstad, Hammarö, Forshaga, Kil, Kristinehamn, Säffle, hela Värmland","Städkompaniet i Karlstad AB är ett mindre familjärt städföretag med kontor på Skårevägen 63 intill Klarälven. Grundades 2019. Ingår i en koncern med moderbolaget DS Invest Group Holding AB. Kollektivavtalsanslutna till Almega Serviceföretagen/Fastighets. Miljövänliga produkter och torra städmetoder med microfiberdukar. Värdeord: Respekt, Medkänsla, Punktlighet, Engagemang, Miljö. VD: Daniel Verner Stolt.",2019,Daniel Verner Stolt,4,Aktiebolag,Ja,4.3,13,,,Kollektivavtal Almega Serviceföretagen; ID06-kort för byggarbetsplatser; miljöpolicy,Telefon 054-15 53 22; e-post; kontaktformulär på webbplats; kostnadsfritt hembesök,Från 250 kr/tim efter RUT-avdrag för lokalvård; fast pris per tillfälle för återkommande städ; 49 kr fakturaavgift,Svenska,https://www.facebook.com | https://www.instagram.com (via webbplats),https://maps.google.com/?cid=11970250190811800443&g_mp=Cidnb29nbGUubWFwcy5wbGFjZXMudjEuUGxhY2VzLlNlYXJjaFRleHQQAhgEIAA,ChIJWUTLTVTLXEYRe6PjnyDfHqY,High – webbplats hittad och verifierad mot adress; org-nummer bekräftat via allabolag.se,https://stadkompanietkarlstad.se | https://www.allabolag.se/foretag/städkompaniet-i-karlstad-ab/2KHEC1CI5YH6T,2026-07-25
Karlstad Städbolag Värmland AB,Karlstad Städbolag Värmland AB,556873-9741,Ulvsbygatan 29,654 64,Karlstad,Nordsidan,054-51 74 08,info@kdstadbolag.se,https://www.stadfirman.se,https://www.stadfirman.se/wp-content/uploads/2020/09/kd-stad-logo-black.png,https://places.googleapis.com/v1/places/ChIJ4UVK0l2xXEYRUZsCsuOQ1WI/photos/AaVGc3ktLioeNw86q_cAqYaas29gYACo_25phQn2yu5rWMCPEFJ363avvzvs4-19RjW4gF3zdl2Du5m3S21U9G-yRZbH6Ko6yviO4CMsJzKuQlc2VoLQ3Y1QFvGEK7mbDa_uRvE4B5emLUQOZcgDkIC4c7BjtRT_z7Pn99Wxnp9QhtBED3lcqQROzdLpWR9A5ov9jvg1EunsxiY3kVJgzQmh8nWo46lLeu1h08HRCvO0oTlF2fftUff5PWfxY33NjmcEH5pS5KCS8HiBDOKJA22tuilLIxMhl34YQS7AjBg6-mQJnvCc1cQUSkYrY2s5OH7KK8jtwg8fsrKujIY4b4yRslkPgpUVo7R77jhTqZUKRTLAnzP_rj14GS1KaYk3M8SURgmlMFV7R3daItD__4K0ucEScSfg893qOfwWVEUvw3jiHg/media?maxWidthPx=400&key=AIzaSyAgucJSAxcE0tpOe1l47Xy0Rw4QehRSg94,Företagsstädning|Kontorsstädning|Golvvård|Hemstädning|Storstädning|Flyttstädning|Fönsterputs,Företagsstädning och kontorsstädning: anpassat schema för er arbetsplats. Golvvård. Hemstädning och storstädning: regelbunden eller engångsstädning. Flyttstädning: nöjdkund-garanti 7 dagar. Fönsterputs.,"Karlstad, hela Värmland",Karlstad Städbolag Värmland AB startades 2010 (registrerat 2011) av Emil Vikberg. Har över 15 års erfarenhet. Erbjuder kompletta städlösningar för privatpersoner och företag. Nöjdkund-garanti som gäller 7 dagar efter utfört arbete. RUT-avdrag görs direkt på fakturan. VD: Per Emil Vikberg.,2011,Emil Vikberg,5,Aktiebolag,Ja,4.2,10,"Jag har nu anlitat KD städbolag AB två gånger när jag flyttat och båda gångerna proffsiga och trevliga. Rekommenderar starkt! | Är 100% nöjd, de är noggranna och proffsiga och oerhört lätta att ha att göra med! | Billigt, proffsigt, trevligt bemötande!",,Nöjdkund-garanti 7 dagar,Telefon; e-post; kontaktformulär på webbplats; gratis offert,Gratis offert; RUT-avdrag direkt på faktura; erbjudande om halva priset på flyttstädning,Svenska,,https://maps.google.com/?cid=7121757693374798673&g_mp=Cidnb29nbGUubWFwcy5wbGFjZXMudjEuUGxhY2VzLlNlYXJjaFRleHQQAhgEIAA,ChIJ4UVK0l2xXEYRUZsCsuOQ1WI,High – webbplats hittad och verifierad mot adress; org-nummer bekräftat via allabolag.se och nearingslivsregistret,https://www.stadfirman.se | https://www.allabolag.se/foretag/karlstad-städbolag-värmland-ab/2K3HF31I5YH6T | https://www.xn--nringslivsregistret-gwb.se/foretag/5568739741/,2026-07-25
Hemfrid i Karlstad AB,Hemfrid i Sverige AB,556529-8444,Herrgårdsgatan 13B,652 24,Karlstad,Centrum,010-555 85 00,,https://www.hemfrid.se/karlstad,https://www.google.com/s2/favicons?domain=hemfrid.se&sz=128,https://places.googleapis.com/v1/places/ChIJ68-hp8yxXEYRmTVRjiFMH9w/photos/AaVGc3lt7nHgdnkCgBmqyEmaEHtXItru-ICBjhuCciLR76rStstDDa3wWblu1NJfcFTTFLdLbLJOI7TlYD4YNWLhjaoyyFpq2R6AGEASIL_3I3fv7vZ3OZdbkXOZV2qlunBCLsjNtq8lv3Vqe4FLrSO3lI1qu0hGy-Ae4gTAGbER3bEduteJp3FVwPA-p1W5TXSkUhLwLtGGmo3aSOIEgvDwWbgEKMQunTIrMgMrpF9ObKsOlBgTmozWbydYyDUOJM6Q_NalcfClLDGEoFREfVMi2vFrEGtuzh4ILFHjKKwIZlKC_bZVRmGUz2XPsnnyX6LHZw9NehqCaZHo4auWkIaOata9OccQLuUgZrhTKFBSgEKgp-8z4bfOiDlRcp8uORDwwISo5-lOJstpk2bSReq0lC2qbdThK6xexEpJF3trXqdMjWPpTpbPJwl3OkHnPjw1/media?maxWidthPx=400&key=AIzaSyAgucJSAxcE0tpOe1l47Xy0Rw4QehRSg94,Hemstädning|Fönsterputs|Storstädning|Flyttstädning|Kontorsstädning,"Hemstädning: regelbunden städning med abonnemang. Fönsterputs: på abonnemang eller engångstjänst. Storstädning: grundlig nystart för hemmet. Flyttstädning: professionell som klarar besiktningen. Kontorsstädning: rent, trivsamt och representativt.","Karlstad, Säffle, Borgvik, Brunskog, Deje, Edane, Edsvalla, Fagerås, Forshaga, Grums, Hammarö, Kil, Klässbol, Kristinehamn, Molkom, Segmon, Skattkärr, Skoghall, Slottsbron, Värmlands Nysäter","Hemfrid är Sveriges ledande hemstädföretag med 1 855 anställda och omsättning på 1 miljarder kr (2024). Karlstad-kontoret ligger på Herrgårdsgatan 13B. Använder egna hållbara, svenska städprodukter. Noggrant utvalda och utbildade medarbetare. Del av KEYTO Group AB (publ). Grundat 1996. VD: Jenny Kristina Kessler Mertsch.",1996,,1855,Aktiebolag,Ja,4.2,14,,,Egna hållbara svenska städprodukter; noggrant utvalda medarbetare,Online via hemfrid.se (postnummerbaserat); telefon 010-555 85 00,Erbjudande: boka hemstädning – storstädning på köpet (för nya kunder); prissättning via webbplats med postnummer,Svenska,,https://maps.google.com/?cid=15861480119627494809&g_mp=Cidnb29nbGUubWFwcy5wbGFjZXMudjEuUGxhY2VzLlNlYXJjaFRleHQQAhgEIAA,ChIJ68-hp8yxXEYRmTVRjiFMH9w,High – nationell kedja med verifierad Karlstad-sida; org-nummer bekräftat via allabolag.se,https://www.hemfrid.se/karlstad | https://www.allabolag.se/foretag/hemfrid-i-sverige-ab/2K1FNRGI5YH6T,2026-07-25
Cleaning Service Värmland AB,Städtjänst Värmland AB,556310-5609,Gjuterigatan 21,652 21,Karlstad,Centrum,054-69 07 90,lena.sundell@stadtjanst-varmland.se,https://www.stadtjanst-varmland.se,https://www.google.com/s2/favicons?domain=stadtjanst-varmland.se&sz=128,https://places.googleapis.com/v1/places/ChIJFRoBH3KxXEYR3liinjGn8wI/photos/AaVGc3kAiuFYhLtcjQ3q4zwRNQn1yEEvdabAd4Vf_3AxMoNYhE0NwlRtlG7nuQVCStdB7oIOC01EaTOY4nEFZ9222NAMFEYQNLKpad4x5jRA7RuJhQlz3qRlABtLb3visfQcdFEsBoG81crM-UUg97vbw4bXm9mJXu5GpRNuyG_lW0PQ-yy00OflnIDywXZYm3v-mgKx7ckzeUSa1_K_-CP6vSRbUvMWvn5R8lJXeujqguPRtCoByBwOsVWNMnEKR1XusTRo4qm9Fi_DMN-lSa7IYpNj9BsNrwWG2tQVJBUWQbuoB6hdjaB1fAeykjpcU9ciVDKY66Hg9rH1539lQMx1LrLX6nHaYYbfFCA2K0kYwVBSZsEYOsFe4XIn8iqpNoJNvWkTvMjNnsu3iCObUACJfR2peT_IMBC6OiB1RyrmcIhyVWm2/media?maxWidthPx=400&key=AIzaSyAgucJSAxcE0tpOe1l47Xy0Rw4QehRSg94,Städtjänster|Städning|Fönsterputsning|Företagsstädning,"Städtjänster och städning för företag och privatpersoner. Fönsterputsning. Företagsstädning – fokus på arbetsmiljö. Ca 230 medarbetare, kontor i Karlstad, Hagfors, Säffle, Branäs, Karlskoga och Sunne. Dotterbolag till Skaraborgsstäd AB.","Karlstad, Forshaga, Grums, Kil, Hammarö, Säffle, Munkfors, hela Värmland","Städtjänst Värmland AB är ett expansivt städ- och serviceföretag med huvudsakligt arbetsområde inom Värmland. Ca 230 medarbetare. Kontor i Karlstad (Gjuterigatan 21), Hagfors, Säffle, Branäs, Karlskoga och Sunne. Dotterbolag till Skaraborgsstäd AB (ca 800 anställda, huvudkontor i Moholm). Org.nr 556310-5609. Webbplats www.stadtjanst-varmland.se returnerade serverfel vid hämtning.",,,230,Aktiebolag,Ja,4,11,,,Kollektivavtal (lön enligt kollektivavtal nämns i jobbannons),Telefon; e-post,,Svenska,,https://maps.google.com/?cid=212697438973221086&g_mp=Cidnb29nbGUubWFwcy5wbGFjZXMudjEuUGxhY2VzLlNlYXJjaFRleHQQAhgEIAA,ChIJFRoBH3KxXEYR3liinjGn8wI,Medium – adress och telefon bekräftade via Yoys och hitta24; legal name Städtjänst Värmland AB och org.nr 556310-5609 bekräftade via jobbannons; webbplats returnerade serverfel,https://www.yoys.se/phone-46-54690790-städning-Karlstad-SE50234.html | https://hitta24.hk-r.se/stadtjanst-varmland-ab---253527 | https://vakanser.se/jobb/lokalvarade+sokes+till+karlstad+4/,2026-07-25
Putsarent Fönsterputs,Putsarent fönsterputs Karlstad (enskild firma),,Rudsvägen 1,654 66,Karlstad,Nordsidan,070-339 95 16,,https://www.putsarent.se,https://www.putsarent.se/wp-content/uploads/2018/01/logo-50x50.jpg,https://places.googleapis.com/v1/places/ChIJAeoNSFaxXEYRHeV4eyoRd_E/photos/AaVGc3m_Q2Nec7PIcxSCCczK_U2TiIMW-QxMYdPshnmu6DyQA9KeLOji2lKvAsZPAIUeginQoCH5bvqL3KtadCzYJRJHwhyvTjY-AVqV7ovStJUDTr9Ago-1YyEBmqmK5gDM7X8--BuO1BORaF2a-nAtlBWac7vyJV5QtfSrjWL9T9EmgGyqDONZxZD_UbHbxgXI-fWqL25kVymUxNSDquB1rK-VeEqe2RjsMmGSo_FOZFuT2kGWH_G7ac4rKnp2EwYUEPSLyw_74vbZk9ht3nyUdVqS1LKN53ELb-CgKxD6P1Ve2hk0nNZ2DBPxeTpt8bzJ0dERtsP9pXgbSWL6xW944GBJAUmfZmeOeXK_RuD5pQDuMg7I2_UOwUyo_0G6GLSvAxrwronxXDCjx5wK7XvVleT78wPBt6od-rH_-LlUdk6qhA/media?maxWidthPx=400&key=AIzaSyAgucJSAxcE0tpOe1l47Xy0Rw4QehRSg94,Fönsterputs|Byggputs|Avflyttningsputs|Rope Access fönsterputs,"Vanlig puts: in- och utsida för privatpersoner och företag. Byggputs: efter byggarbete, 25-100% prispåslag. Avflyttningsputs. Rope Access för svåråtkomliga fönster. Privatabonnemang tillgängligt. Fönsterputs även för inglasade balkonger och kontorskomplex. Utökades till norra Stockholm 2018.",Karlstad med omnejd (Karlstad-kontoret); även norra Stockholm (Stockholm-kontoret),Putsarent startades 2011 i Karlstad av Dennis. 2018 öppnade de även i norra Stockholm. Erbjuder professionell fönsterputs för hem och företag. Fast pris per uppdrag (ej timtaxa). Försäkrade upp till 10 miljoner kr via Trygg Hansa. Registrerad som enskild firma på Rudstorget 1 (alternativt Rudsvägen 1) i Karlstad.,2011,Dennis,,Enskild firma,Ja,4.2,6,,,Försäkrad upp till 10 miljoner kr (Trygg Hansa); skylift-tillstånd,Webbformulär på putsarent.se; e-post; sms (rekommenderat); telefon,Fast pris per uppdrag via webbformulär. Minimumpris 450 kr inkl. moms efter RUT för inglasade uterum. Faktura med 25 kr fakturaavgift vid papperfaktura. RUT-avdrag tillämpas.,Svenska,,https://maps.google.com/?cid=17399394559527019805&g_mp=Cidnb29nbGUubWFwcy5wbGFjZXMudjEuUGxhY2VzLlNlYXJjaFRleHQQAhgEIAA,ChIJAeoNSFaxXEYRHeV4eyoRd_E,High – webbplats hittad och innehåll verifierat; telefon och adress bekräftade via hitta.se; org-nummer ej tillgängligt (enskild firma),https://www.putsarent.se/om-oss | https://www.putsarent.se/faq | https://www.hitta.se/verksamhet/putsarent-fonsterputs-karlstad-crsxzzkm,2026-07-25
KarlstadPuts,PB Intervention (handelsnamn KarlstadPuts),,Dahlgrensgatan,654 55,Karlstad,Centrum,070-280 42 64,rasmus@karlstadflyttstad.se,https://karlstadputs.se,https://files.builder.misssite.com/18/dc/18dcbbaf-c0e1-4065-b3a1-1457b5dd1601.ico,https://places.googleapis.com/v1/places/ChIJgTH5Yf-zXEYRAZ3ZZLaXdKg/photos/AaVGc3mUbxZgDZs3buKBH4rhgeEyi_y5MMgcSHaSK6B0Lkl_I3H4ntRWEmrvFSNvVx3NUDI4TdEBzXGMnznwAAC2RjFds7p2IownddHy6dAvnIAf-6x4J6V7GgBQL-6WVR8eIWterjAtWqJUYFeIR8ybq5LZ52bjtvLfgn5ZPyoFx1kyOKnMHzPMKNU652Cs2a06FBcbtra8YDl_YA4vaFqAa73pbcZXgg6QPV7Y5th3OD1rjfqKTBCbzEs9DKRgrLVETBHLtc9By6U1Won8bU7b2uaA3BCBlH-kFs6xqqQJwHOPv1VuECetgXWoO5bealI0auayiCgHCTU9vB_XwYxKwIeYqKkM1jLhzDDeEyeKfTnzYde51i3Opi6mKVbt0k5LoX-DVFTbaDAzHl5i7mi08NM3TWiZvTl380tFkANb8hg/media?maxWidthPx=400&key=AIzaSyAgucJSAxcE0tpOe1l47Xy0Rw4QehRSg94,Fönsterputs|Hemstädning|Flyttstädning|Företagsstädning|Flytthjälp,"Fönsterputs: Bas (60 kr/fönster, in+utsida), Plus (80 kr/fönster, inkl spröjsade), Premium (110 kr/fönster, alla typer). Hemstädning: professionell för hem. Flyttstädning: garanti 14 dagar. Företagsstädning: utan RUT-avdrag. Flytthjälp: packning och transport.","Karlstad, hela Värmland","KarlstadPuts drivs av Rasmus Brattström under företaget PB Intervention. Ägaren driver också Karlstad Flyttstäd (karlstadflyttstad.se). ISO-certifierat. Säger sig ha 30 års erfarenhet (webbkopian) men annan del av sidan nämner 10 år. 14-dagars nöjd kund-garanti. Miljövänliga rengöringsprodukter. Fönsterputs från 60 kr/fönster. Adress på om-oss: Redaretorget 1, Karlstad.",,Rasmus Brattström,,,Ja,5,3,,,ISO-certifierat; 14-dagars nöjd kund-garanti,Offertformulär på webbplats; telefon 070-280 42 64; e-post rasmus@karlstadflyttstad.se,"Fönsterputs: Bas 60 kr/fönster, Plus 80 kr/fönster, Premium 110 kr/fönster. RUT-avdrag 50% för privatpersoner. Kostnadsfri offert inom 24 timmar.",Svenska,,https://maps.google.com/?cid=12138493705302154497&g_mp=Cidnb29nbGUubWFwcy5wbGFjZXMudjEuUGxhY2VzLlNlYXJjaFRleHQQAhgEIAA,ChIJgTH5Yf-zXEYRAZ3ZZLaXdKg,Medium – webbplats hittad och verifierad; telefon och e-post bekräftade; legal name/org-nummer ej bekräftade; angiven adress på webbplats (Redaretorget 1) stämmer ej med Google-adress (Dahlgrensgatan),https://karlstadputs.se | https://karlstadputs.se/om-oss | https://karlstadflyttstad.se/tjänster/fönsterputs-karlstad,2026-07-25
Norrland Städning & Service,,,Hårdvallsgatan 6,853 53,Sundsvall,Nacksta,070-761 94 20,,https://www.nsservice.se/,https://www.google.com/s2/favicons?domain=nsservice.se&sz=128,,Hemstädning|Flyttstädning|Kontorsstädning,Hemstädning och kontorsstädning för privatpersoner och företag. Billig flyttstädning med kostnadsfri offertförfrågan.,Sundsvall,Norrland Städning & Service erbjuder billig flyttstädning och hemstädning i Sundsvall till lågt pris med kostnadsfri offertförfrågan.,,,,,Okänt,5,4,"Det är bästa städsföretag! (Ahmed osman, Google 2019)",,,Telefon,Låga priser; kostnadsfri offertförfrågan,Svenska,,https://maps.google.com/?cid=9763268588145041417&g_mp=Cidnb29nbGUubWFwcy5wbGFjZXMudjEuUGxhY2VzLlNlYXJjaFRleHQQAhgEIAA,ChIJPVkqxZJdZEYRCWAdiw0Zfoc,Low — no registry match found; website nsservice.se referenced in directory listings but not confirmed live; org_number unknown,kundernas.se|yoys.se|hitta.hk-r.se|stadningguiden.se,2026-07-25
Nordmiljö i Sundsvall AB,Nordmiljö i Sundsvall AB,556973-7462,Vasagatan 19,856 30,Sundsvall,Skönsberg,073-635 76 13,info@nordmiljo.nu,https://www.nordmiljo.nu/,https://usercontent.one/wp/www.nordmiljo.nu/wp-content/uploads/2014/09/cropped-nordmiljo1-32x32.png?media=1756232750,https://places.googleapis.com/v1/places/ChIJx0FHqR5hZEYRa-1AgqXbDyQ/photos/AaVGc3m2_pGFD3PH4K44Mo7WxjEVP4qjb1VEIXKVP-t_GNvNSkFDdxYHYdvCFiMDEZPmTOH7pH72fyQiJBnryyaZlGZQ6zuwxYWsn3PkmyAIR-qmeIkI3sRY52Ir74ybk_3oa37GmeUcj9dLTuU1jnjDGoLRQAkkGmSTIkmS1raTyT1vZjAmmV2C0IUZRQjHaYF53piCm6s4Gz088U6MOvywTVNb0eO-MtUuUrE74GTteS1Z2FTSDnNsnxaggYvX8TD1RSaBQSh5IcvKi_5g8hQfMctuKfU4ZPrJvpSCPhHXYKwXN7L_saSor0_kjP5hGu4GsXdAw73oyfOogvU33hx3Io48wcH_uglnDuDGHZkplKkTVxzqLoLPD-y44cGwr71kavsHVeYiL4SrkEOxIzlGYEw2Va5zAgKijzFDyA2bXMf96tE/media?maxWidthPx=400&key=AIzaSyAgucJSAxcE0tpOe1l47Xy0Rw4QehRSg94,Flyttstädning|Byggstädning|Hemstädning|Kontorsstädning|Fönsterputs|Golvvård|Sanering,Flyttstädning: hjälper kunder att lämna bostaden i toppskick. Byggstädning: tar hand om damm och byggrester. Hemstädning och kontorsstädning: regelbunden eller tillfällig städning. Fönsterputs för hem och företag. Sanering och golvvård.,Sundsvall,"Nordmiljö är ett lokalt familjeföretag i Sundsvall som erbjuder städning, sanering och fönsterputs med hög kvalitet och omsorg. Företaget brinner för rena hem och trivsamma arbetsplatser och erbjuder personlig service och flexibla lösningar åt både privatpersoner och företag.",2014,Carin Elisabet Enström Öhlander,1,Aktiebolag,Ja,5,3,,,,Telefon|E-post via webbformulär,,Svenska,https://linkedin.com/company/nordmiljö,https://maps.google.com/?cid=2598537013917445483&g_mp=Cidnb29nbGUubWFwcy5wbGFjZXMudjEuUGxhY2VzLlNlYXJjaFRleHQQAhgEIAA,ChIJx0FHqR5hZEYRa-1AgqXbDyQ,"High — website confirmed, allabolag.se registry match, phone and email verified",nordmiljo.nu|allabolag.se|syna.se|näringslivsregistret.se,2026-07-25
Städproffsen sh i sundsvall,Städproffsen SH i Sundsvall AB,559166-1672,Bruksgatan 8 c,856 30,Sundsvall,Skönsberg,073-659 27 47,,https://www.facebook.com/Städproffsen-AB-788566374674737/,https://www.google.com/s2/favicons?domain=facebook.com&sz=128,https://places.googleapis.com/v1/places/ChIJ2wFhhMJnZEYRNE_xboGoYp0/photos/AaVGc3m04nQLL2AVg9hcF6L3r_6XJdf4zEVsnESgF3_O7S5PJpWykCpU8hT3sLtc7-9SYcoUBHxVEBumPC-L6KIRWsVBhrVohOVZ3ZkVzOsqDcAJabmE7av_AF01YJCEKS3Lvc_yFHOjCbv318e43PHTbCr_x1hPf9iIAWzTjf3bKdO48SQBFLPLEAcMInlaahPv8VEX6tihsVANM7jj0yLObfJsfoyXXkgS299qBv41iLKNy8lz2BYcGFCStb0fR_C8iVuAzACQiQTM3y5DExMTLZv5Neu8L4I4DGd80loRGU6qTUfM05ZvkmN4GpI_5g88izIdhIuyJ13KXi3u3irXuuZ3a7dwpecnmwwwuBIQm2g30LSVCKnpvuGoWc1qdSfNbcdmJZT-DZCnLqOG1OxrxtMVjxIE8x0T_Gfsq-e_pbwKcsxF/media?maxWidthPx=400&key=AIzaSyAgucJSAxcE0tpOe1l47Xy0Rw4QehRSg94,Städning|Lokalstädning|Kontorsstädning,"Professionella städtjänster för privatpersoner och företag i Sundsvall, Timrå och Härnösand med omnejd.",Sundsvall|Timrå|Härnösand,Städproffsen SH i Sundsvall AB är ett städbolag registrerat 2018 som erbjuder professionell städning för lokaler och kontor.,2018,,,Aktiebolag,Okänt,5,2,,,,Telefon|Facebook,,Svenska,https://www.facebook.com/Städproffsen-AB-788566374674737/,https://maps.google.com/?cid=11340812085537886004&g_mp=Cidnb29nbGUubWFwcy5wbGFjZXMudjEuUGxhY2VzLlNlYXJjaFRleHQQAhgEIAA,ChIJ2wFhhMJnZEYRNE_xboGoYp0,"Medium — registry data confirmed (org_number, legal form, 2018 registration); no dedicated website found, only Facebook page",riksdelen.se|118100.se|foretagsproffs.advokater24.nu|57kvadrat.se,2026-07-25
Rovas fönsterputs & Städ,,,Bragegatan 1a,856 41,Sundsvall,Matfors,070-464 15 86,,,https://www.google.com/s2/favicons?domain=rovas.se&sz=128,https://places.googleapis.com/v1/places/ChIJ6d1lCEhnZEYRsaaVqLdM2gg/photos/AaVGc3kO9a1F-xEtwYJYDDY_s-z5iSk-9zmJMWxzSHzGJxDV7e4JTbgU4X-d7Weq7FeQ5WFHjXZIxMjqL6565lID0Gv7s5SSocTautXM4pITjsEwI5wDghpMACQti9pn8Xte8DS61ZkZtFVK2N0uvoWibQ9C8hL81IEOw66K5r7jgtQX7dwC-2a8PXKojTJLTS5KDN3DxFVGxmuvv9VC8CkYVXvB1UasLlGTvbvE9b8N7JgFu2o2omciLEOpg9QSeALgVCSJuE5trfOBuK72Im5OAqewXE0ghycP3LuhNkkikLnpGwihWbCfnw07S3_UxdWqDqswBIvP1zrn_W5M0Nrw0sKAaOiYLCZ_lJp8MfxBW-6mGh6fVBDq4Umo_E2S7VSTOGZ5mIBaeHcbPipIdfeTiA9jeXtUUJVn7K_DoWaF4om6OQ/media?maxWidthPx=400&key=AIzaSyAgucJSAxcE0tpOe1l47Xy0Rw4QehRSg94,Bostadsstädning|Kontorsstädning|Storstädning|Utflyttningsstädning|Fönsterputs|Golvvård,"Brett utbud av professionella städtjänster för hem och kontor: bostadsstädning, kontorsstädning, storstädning, utflyttningsstädning, fönsterputs och golvvård. Transparenta priser och gratis offert.",Sundsvall,Rovas Fönsterputs & Städ är ett etablerat städföretag i Sundsvall registrerat som enskild firma med fokus på fastighetsrengöring och fönsterputs.,,,,Enskild firma,Ja,,,,,,Telefon,Transparenta priser; gratis offert,Svenska,,https://maps.google.com/?cid=637906648917452465&g_mp=Cidnb29nbGUubWFwcy5wbGFjZXMudjEuUGxhY2VzLlNlYXJjaFRleHQQAhgEIAA,ChIJ6d1lCEhnZEYRsaaVqLdM2gg,Medium — address and phone confirmed in multiple directories; enskild firma confirmed in hitta.se; no org_number found; no own website found,hitta.se|stadningguiden.se,2026-07-25
Stök Sundsvall AB,Stök Sundsvall AB,559219-7304,Björneborgsgatan 22,854 60,Sundsvall,Skönsberg,060-55 00 66,kontakt@stoksundsvall.nu,https://www.stoksundsvall.nu/,https://www.google.com/s2/favicons?domain=stoksundsvall.nu&sz=128,,Hemstädning|Storstädning|Flyttstädning|Butiksstädning|Kontorsstädning|Lokalvård|Fönsterputs|Trädgårds- och fastighetsskötsel,"Hemstädning, storstädning och flyttstädning för privatpersoner. Butiksstädning och kontorsstädning för företag. Fönsterputs och trädgårds- och fastighetsskötsel. Offert inom 24 timmar.",Sundsvall,Stök Sundsvall AB erbjuder städtjänster för privatpersoner och företag i Sundsvall med fokus på hållbarhet och jämställdhet. Företaget vill att kunden ska uppfatta dem som den goda grannen — pålitlig och alltid tillgänglig. OBS: Bolaget försattes i konkurs 2023-08-22 vid Sundsvalls tingsrätt.,2019,Mohanad Redha Abbas,1,Aktiebolag,Ja,4.5,8,Är väldigt nöjd med Stök! Superrent och det luktade fräscht. (Trustpilot 2021) | Flyttstädning i toppklass. (Trustpilot 2021) | Extremt noggranna och trevliga. (Reco.se) | 4.8/5 av 29 omdömen på Reco.se,Reco.se: 4.8/5 (29 omdömen),,Telefon|Webb|E-post,Offert inom 24 timmar,Svenska,,https://maps.google.com/?cid=2726328135675044718&g_mp=Cidnb29nbGUubWFwcy5wbGFjZXMudjEuUGxhY2VzLlNlYXJjaFRleHQQAhgEIAA,ChIJuc2rPspnZEYRbmMQpP7c1SU,Medium — registry and website data confirmed; NOTE: bolaget försattes i konkurs 2023-08-22; Google listing may still be active,stoksundsvall.nu|trustpilot.com|reco.se|hitta.se|bidpal.se,2026-07-25
Rentav Städ & Miljövård AB,RENTAV Städ och Miljövård Aktiebolag,556432-5867,Björneborgsgatan 32,854 62,Sundsvall,Skönsberg,020-54 54 68,info@rentav.se,https://www.rentav.se/,https://www.rentav.se/wp-content/uploads/2022/06/Rentav_logo.svg,https://places.googleapis.com/v1/places/ChIJzQP2DEZnZEYRGo9mKfVysMM/photos/AaVGc3kadabT1y_0QRAJ2baExxbYBgIo3TAqa8X-Uph6k-2ElY3PwBqmCMQofmqoK0A4vXky3kgOcMxOIoq6bBudohhQc8ozK0kdO3feJg-RJmCIOAzayW8ygqH3CL0DpXpN8YCZQmUkhVSc5QsNdTfwSNr8J1c_NFlizOV6If5inoHqFKGGr1dmxVkwpTeOZMpf7Y0GOLtENzxo7k7IZK4VvUrz6im9p2tI4GtElGduxasLky3umnQw3oyFNom8Pac-KMkbZO186Y6pDHR99gvKG4Etb45XjWALRj3UCyd6g8uLoCvkjRNcFEJFYAZu1GydsbXYhc4MitFv2bVoxm6tCiGRHLoYmd8y-e6k3G0AHdCZL86UrRfTCwXFW7WR3l0Ij8eHBsY9rQp1izfRQR__C8vuApmxX9UerDUHDTafDOP6Ug/media?maxWidthPx=400&key=AIzaSyAgucJSAxcE0tpOe1l47Xy0Rw4QehRSg94,Lokalvård|Trappstädning|Storstädning|Fönsterputsning|Företagsstädning|Flyttstädning|Veckostädning|Arbetsplatsservice|Hushållsnära tjänster,Lokalvård med skräddarsydda lösningar. Trappstädning och fönsterputsning. Företagsstädning och kontorsstädning. Flyttstädning. Arbetsplatsservice och hushållsnära tjänster för privatkunder.,Sundsvall|Härnösand|Hudiksvall|Kiruna|Luleå|Piteå|Skellefteå|Söderhamn|Umeå|Örnsköldsvik|Östersund,"RENTAV Städ och Miljövård grundades 1987 och är en helhetsleverantör inom lokalvård, arbetsplatsservice och hushållsnära tjänster i Norrland. Företaget har ca 200 medarbetare och täcker halva Sverige via elva lokalkontor. Ingår i Furugruppen AB. VD: Jens Jacob Strömqvist.",1987,,99,Aktiebolag,Ja,3.5,11,,,Lokal närvaro|Erfarenhet|Certifieringar (uppgivna på webbplatsen),Telefon|E-post|Webbformulär,Offertförfrågan via webbformulär,Svenska,,https://maps.google.com/?cid=14100896830584164122&g_mp=Cidnb29nbGUubWFwcy5wbGFjZXMudjEuUGxhY2VzLlNlYXJjaFRleHQQAhgEIAA,ChIJzQP2DEZnZEYRGo9mKfVysMM,"High — website confirmed, allabolag.se registry match, phone/email verified, founded year stated on own site",rentav.se|allabolag.se|hitta.se,2026-07-25
TCS SERVICE AB,TCS Service AB,559544-3515,Grönborgsgatan 12E,852 33,Sundsvall,Centrum,,,,https://www.google.com/s2/favicons?domain=google.com&sz=128,,Hemstädning|Kontorsstädning|Flyttstädning|Fönsterputsning|Gräsklippning|Häckklippning|Lövhantering|Snöröjning|Halkbekämpning,"Hemstädning, kontorsstädning, flyttstädning och fönsterputsning. Utomhustjänster: gräsklippning, häckklippning, lövhantering, snöröjning och halkbekämpning för privatpersoner, företag och offentlig sektor i Västernorrlands län.",Västernorrlands län,"TCS Service AB är ett nystartat aktiebolag i Sundsvall registrerat 2025 som bedriver städtjänster, trädgårdsskötsel och snöskottning för privatpersoner, företag och offentliga verksamheter.",2025,Khalif Ali Farah,,Aktiebolag,Ja,4,4,,,,,,Svenska,,https://maps.google.com/?cid=12228804357930735779&g_mp=Cidnb29nbGUubWFwcy5wbGFjZXMudjEuUGxhY2VzLlNlYXJjaFRleHQQAhgEIAA,ChIJD3FjBQZdZEYRo9g1xsVwtak,"Medium — registry confirmed (hitta.se, näringslivsregistret.se); registered address is Marinvägen 3 (not Grönborgsgatan); no website or phone found; newly registered 2025",hitta.se|näringslivsregistret.se|syna.se,2026-07-25
Cleanshine Sundsvall,Cleanshine i Sundsvall AB,559445-8019,Plutonsvägen 13,852 38,Sundsvall,Centrum,060-584 56 60,info@cleanshine.se,https://cleanshine.se,https://cleanshine.se/wp-content/uploads/2024/01/cleanshine-vit-ny.png,https://places.googleapis.com/v1/places/ChIJtTVeo6dnZEYR5XKSrCgq7zI/photos/AaVGc3lhtl928IrlYoFopLLhOb1Pf4ZbkE6DdDLBd9Re6C32keUN_h1JjlSSsxLjdgHKqavew13FeEohj4_Ju0ngEUSkszAx_NC3GQiiAqOXufivp-mWekCT0IciwkgjHMeLZKQcHtQOyd1JXtOBFCXz7Q_p9TyUR98_822s_9d0GnvbIoOUtZJg3M6NsHXNAX03CYJ_WEkTf2jswofiebkBIJl1UrsSOAwPUXcSmpjjBnXEVWd6yyYSQjoO64TIiPVj15p_I6tQMlDUmE3YV2O7cfNUTqPcMlioH_SWnLJhqK95Exkxx8J2Ilv1546YLcFfGPXp9pZPiogZdRt_k6QZwDKL-mLP_zua8MmFARlbcPt0XM6_EUIkFjq7YUQy3Y6yPW8cn5E5YMNFu2gypNpCbooRvNQeoWXNmdY1aHsmFas/media?maxWidthPx=400&key=AIzaSyAgucJSAxcE0tpOe1l47Xy0Rw4QehRSg94,Hemstäd|Flyttstäd|Fönsterputs|Storstädning|Kontorsstädning|Golvvård,Hemstäd: Professionell hemstädning med skräddarsydda städplaner och miljövänliga produkter. Flyttstäd: Grundlig flyttstädning som garanterar att bostaden lämnas i toppskick. Fönsterputs: Professionell fönsterputsning med kristallklart resultat. Storstädning: Noggrann storstädning för fräsch och ren miljö. Kontorsstädning: Professionell kontorsstädning för trivsam arbetsmiljö. Golvvård: Rengöring och underhåll av golv i toppskick.,Sundsvall med omnejd,"CleanShine i Sundsvall AB är en pålitlig städfirma i Sundsvall som erbjuder högkvalitativa städtjänster med fokus på noggrannhet, effektivitet och miljövänliga metoder. Företaget grundades 2023 av Hussam Saifo och strävar efter att vara den mest eftertraktade städfirman i Sundsvall. Erbjuder RUT-avdrag på alla berättigade tjänster.",2023,Hussam Saifo,"0 (registrerat, småföretagare)",Aktiebolag,Ja,5,14,,,,Webbformulär (cleanshine.se),RUT-avdrag tillämpas; kontakta för offert,Svenska,,https://maps.google.com/?cid=3670198575512580837&g_mp=Cidnb29nbGUubWFwcy5wbGFjZXMudjEuUGxhY2VzLlNlYXJjaFRleHQQAhgEIAA,ChIJtTVeo6dnZEYR5XKSrCgq7zI,High – website confirmed at address; org number verified via allabolag.se,cleanshine.se|allabolag.se/5594458019|stadningguiden.se,2026-07-25
"HomeMaid Sundsvall - Hemstäd, flyttstäd & fönsterputs",Homemaid AB (publ),556543-8883,Köpmangatan 8C,852 31,Sundsvall,Centrum,060-740 25 00,sundsvall@homemaid.se,https://homemaid.se,https://www.google.com/s2/favicons?domain=homemaid.se&sz=128,https://places.googleapis.com/v1/places/ChIJAwAArGBnZEYR3n1sOE86cPA/photos/AaVGc3lq_V1RBacgJI-yXxwQl4H66yNL8I2JcEvrGLq-avL0j6BQW5IOts_-IN-aTKZjI1g7aeCX-I9caIBuIHYwbMFfuQaZvfNsccfLbWQCrW8V43LKVv3gYnhaLR06MwHo_Xi0tCXEv7j2TlvauF4u6oq3V65Uprc2hD5Kd9hVeOdCgdpFvAJWIaJ68WF2qinwJEuMIkYQ5jy0cGDtaIg6wE2ZPthvzoqtmF4Fs1MYBCYfyYyw0d3FwO7ckAiGgPhs022yeoaax9ETr7iej8ikhXh5o82Z3QnspXvOVtO1aouP5N4ZUhLQS76XSlTNYlJvhlRm1gn1AEfPCKIKTP01GrZF1QYfSpR3XR02DLRWPJil02ZMWB0FaZ8_AqRp41wMj_n5Yqn1wkYTYEU-yf40Q64xhPjnWdwrv2luh9uTDUY/media?maxWidthPx=400&key=AIzaSyAgucJSAxcE0tpOe1l47Xy0Rw4QehRSg94,Hemstäd|Storstädning|Flyttstädning|Fönsterputsning|Visningsstädning|Övriga hushållstjänster,"Hemstäd: Återkommande hemstädning med fast serviceassistent och timbank. Storstädning: Grundlig rengöring av varje vrå inklusive svåråtkomliga ytor. Flyttstädning: Komplett flyttstädning med nöjd kund-garanti och slutbesiktning; fönsterputs ingår. Fönsterputsning: Engångs- eller abonnemangstjänst för skinande fönster. Visningsstädning: Städning inför bostadsvisning. Övriga tjänster: Tvätt, strykning, golv, passningstjänster.","Sundsvall med omnejd, Stenstan, ytterområden","HomeMaid är ett av Sveriges största hushållsnära tjänsteföretag med verksamhet sedan 1997. Sundsvallskontoret på Köpmangatan 8C betjänar hushåll och företag i Sundsvall och näromgivning. Distriktet leds av distrikschef Amanda Frieberg. Medarbetare har kollektivavtal, försäkringar och avtalspension. Öppettider 07:00–17:00 vardagar.",1997,,"692 (nationellt, Homemaid AB)",Aktiebolag (publikt),Ja,4.5,56,Lukas Jidell: Jag har anlitat Homemaid både för hem och flyttstädning och har alltid blivit väldigt nöjd.|Marcus Norén: Helt otroligt vad duktiga ni är. Alla små detaljer man inte har tänkt på. 10/10 alla dagar.|Marita Nyberg: Supernöjd!! fin service bra återkoppling.,Hitta.se: 4.2/5 (35 recensioner),Kollektivavtal; nöjd kund-garanti,Online (homemaid.se) eller telefon 060-740 25 00,Pris beror på frekvens och adress; RUT-avdrag hanteras automatiskt av HomeMaid,Svenska,,https://maps.google.com/?cid=17325411878417759710&g_mp=Cidnb29nbGUubWFwcy5wbGFjZXMudjEuUGxhY2VzLlNlYXJjaFRleHQQAhgEIAA,ChIJAwAArGBnZEYR3n1sOE86cPA,High – official company page confirmed; registry data from hitta.se,homemaid.se/kontakta-oss/n-t/sundsvall|hitta.se/homemaid+ab+sundsvall,2026-07-25
Hola Hem AB,HolaHem AB,556969-3368,Bergsgatan 1,852 43,Sundsvall,Centrum,073-631 16 28,,,https://www.google.com/s2/favicons?domain=google.com&sz=128,https://places.googleapis.com/v1/places/ChIJe8Ies7pgZEYRcCHiTSo6yq0/photos/AaVGc3kkeUQuWUb7YIFryd7Fp5xhSU87ngCtYAAT6gfRREQsBZxGVk13WvPRABMTb9UeboioEXyP1UXnMwEKq0WaKxuUYv9hP5D53QJfLS_lKdh9RoEu9IK4APdF9jFlqVNvrj-s_VX65OTaK7w6odyRITyN5ynew_-F1Ypljg9lga3TGhoggnli231xg-km4jP8RfQXvGfRA2y3IZWWJ1EziXk6tPe6kHsYAuEyfqEXQqa6IKlpZwEsE9RTqXn_Ob5YdtzZZ3eQ4_rzzkne7ZNGiTD5ormlyTjxdTVfmiVRZR4dteu8-Xq074kNPfYbJqoav4RcUDbjjKU3r6PdaKuYEAQN5RHTXQTyrxDswjUCi51tvBdsENyN6-ipYVzeAOowiR7F4PKBPSYL1rDrx0RcV1KE4EkbkNI9aqo3amjuq17JOgPSe01rkRqUzMKjJA/media?maxWidthPx=400&key=AIzaSyAgucJSAxcE0tpOe1l47Xy0Rw4QehRSg94,Veckostädning|Flyttstädning|Storstädning|Byggstädning|Företagsstädning|Kontorsstädning|Fönsterputsning|Snickeri|Måleri,"Hushållsnära tjänster: veckostädning, storstädning, flyttstädning. Byggstädning och kontorsstädning för företag. Fönsterputsning. Snickeri- och måleritjänster som tilläggstjänster.",Sundsvall,"HolaHem AB är ett lokalt städ- och hantverksföretag i Sundsvall, registrerat 2014, med Jonnathan Rojas Buitrago som ägare och styrelseledamot. Bolaget har 3 anställda och utför hushållsnära tjänster samt snickeri och måleri. Omsättning 2025: 1 738 KSEK.",2014,Jonnathan Rojas Buitrago,3,Aktiebolag,Ja,4.6,38,,,,Telefon 073-631 16 28,,Svenska,,https://maps.google.com/?cid=12522885667226788208&g_mp=Cidnb29nbGUubWFwcy5wbGFjZXMudjEuUGxhY2VzLlNlYXJjaFRleHQQAhgEIAA,ChIJe8Ies7pgZEYRcCHiTSo6yq0,Medium – org number and contact verified via allabolag/bolagsfakta; website not found; Google Places address differs from registry address (Linjevägen 18),allabolag.se/foretag/holahem-ab|bolagsfakta.se/5569693368,2026-07-25
Akstadning.se,A&k Städning,780128-XXXX-00001,Valknyttsvägen 32,856 51,Sundsvall,Njurunda,072-917 48 55,,https://akstadning.se,https://storage.googleapis.com/hostinger-horizons-assets-prod/2ca4d380-a1a5-4c47-9829-5c0dbac7e566/e64a4b20225cfdedf2f8f64f498c5194.png,https://places.googleapis.com/v1/places/ChIJ-e_LO_ldZEYROoIgUCPyscs/photos/AaVGc3kkeUQuWUb7YIFryd7Fp5xhSU87ngCtYAAT6gfRREQsBZxGVk13WvPRABMTb9UeboioEXyP1UXnMwEKq0WaKxuUYv9hP5D53QJfLS_lKdh9RoEu9IK4APdF9jFlqVNvrj-s_VX65OTaK7w6odyRITyN5ynew_-F1Ypljg9lga3TGhoggnli231xg-km4jP8RfQXvGfRA2y3IZWWJ1EziXk6tPe6kHsYAuEyfqEXQqa6IKlpZwEsE9RTqXn_Ob5YdtzZZ3eQ4_rzzkne7ZNGiTD5ormlyTjxdTVfmiVRZR4dteu8-Xq074kNPfYbJqoav4RcUDbjjKU3r6PdaKuYEAQN5RHTXQTyrxDswjUCi51tvBdsENyN6-ipYVzeAOowiR7F4PKBPSYL1rDrx0RcV1KE4EkbkNI9aqo3amjuq17JOgPSe01rkRqUzMKjJA/media?maxWidthPx=400&key=AIzaSyAgucJSAxcE0tpOe1l47Xy0Rw4QehRSg94,Hemstäd|Kontorsstädning|Storstädning|Flyttstädning|Fönsterputsning|Golvvård,Hemstädning: Grundlig hemstädning anpassad efter kundens behov. Kontorsstädning: Regelbunden kontorsstädning. Storstädning: Djupgående städning. Flyttstädning: Utflyttningsstädning med tydliga rutiner och påminnelser; specialiserat område per kundrecensioner. Fönsterputsning. Golvvård.,Sundsvall med omnejd,"A&K Städning är en enskild firma i Sundsvall, registrerad 2020 av Tewfik Hassen. Företaget bedriver städverksamhet och är registrerat för F-skatt och moms. Känt för professionell och snabb service med goda kundrecensioner för flyttstädning.",2020,Tewfik Hassen,"0 (enskild firma, innehavare)",Enskild näringsidkare,Ja,4.6,13,"Reco.se 5.0/5 (7 recensioner): 'Kan verkligen rekommendera AK Städning. Enkel bokning, bra service, tydliga instruktioner.'|'Ak städning utförde en snabb och mycket noggrann flyttstädning. Agerar proffesionellt.'",Reco.se: 5.0/5 (7 omdömen),,Telefon 072-917 48 55; webbformulär (akstadning.se/shop),RUT-avdrag tillämpas; kontakta för offert,Svenska,,https://maps.google.com/?cid=14677778894059242042&g_mp=Cidnb29nbGUubWFwcy5wbGFjZXMudjEuUGxhY2VzLlNlYXJjaFRleHQQAhgEIAA,ChIJ-e_LO_ldZEYROoIgUCPyscs,Medium – website confirmed as akstadning.se; org number partly redacted (enskild firma); address verified on stadningguiden; registry address differs (Nackstavägen 32c),akstadning.se|stadningguiden.se/a-k-stadning-sundsvall|ratsit.se/A%26k_Stadning|reco.se/a-k-stadning,2026-07-25
Trygg Moving Flytt & Städ AB,Trygg moving flytt & städ AB,559396-5980,Esplanaden 13,852 36,Sundsvall,Centrum,010-175 75 88,info@tryggmoving.se,https://tryggmoving.se,"https://impro.usercontent.one/appid/oneComWsb/domain/tryggmoving.se/media/tryggmoving.se/onewebmedia/logo_512x512.png?etag=W%2F%22ded0-6971f2a3%22&sourceContentType=image%2Fpng&resize=16,16&ignoreAspectRatio",https://places.googleapis.com/v1/places/ChIJp7xzFf9nZEYRo7v779iM3WM/photos/AaVGc3lW2oGOq-l0lIWW-qEsIrgCDb2QOfL1Ky3rbtpzGnLiHScYUetCOoDnRmsxRAxx8EeiRfrEA6se2KUVdOooMPwjFYeYPCl-NCG-46A8HR9QzbgTKvNXhl4ok7nXNVhqyWPQ4-eStzBFonCUhkf19cZ2wCahrSrKfzKkIN53FkK65PY_48cqURLk8RnE5b125sxUtVRm5hW1Q3SEy3SSOWmpC3wzl_p8g8rvUWaq0ESS_T3o_gS5JqpMlfc1hKZKlJe27YK8Ip507RJwZDmkBxXHdDfce_9ERGcvWknmeMJ0vWy2pBOYGg-tU4240B10t1fb1aup_qXNgIZ-PNSF4Zg1H38jxgwUNo2yunu01OpyA0BZREt9oOKjuuLQeXyow2ek5hWnvkWFr65CDq2-25NyS865A19gadDW-rhWdhk/media?maxWidthPx=400&key=AIzaSyAgucJSAxcE0tpOe1l47Xy0Rw4QehRSg94,Flyttfirma|Flyttstädning|Fönsterputsning|Packning & uppackning|Bärhjälp|Montering & demontering|Magasinering|Hyra flyttbil|Dödsbostädning|Utlandsflytt|Företagsflytt,"Flyttfirma: Trygg och strukturerad flytt för privatpersoner och företag, försäkrad enligt Bohag 2010. Flyttstädning: Professionell städning inkl. fönsterputs med 14 dagars garanti och 50% RUT-avdrag direkt på fakturan. Fönsterputsning: Skinande rena fönster inför flytt eller visning. Packning/uppackning, bärhjälp, möbelmontage, magasinering, dödsbostädning och flytt inom EU.",Sundsvall; Sverige nationellt; EU-flytt,"Trygg Moving Flytt & Städ AB är ett nationellt flytt- och städbolag med lokalkontor på Esplanaden 13 i Sundsvall och huvudkontor i Köping. Grundat 2022 av Hussein Almsou. Utsett till Årets kvalitetsbolag 2024. Försäkrat via Trygg-Hansa, trafiktillstånd innehas. 9 anställda (2025), omsättning 9,1 MSEK.",2022,Hussein Almsou,9,Aktiebolag,Ja,4.8,18,"Fia Helleberg: Mycket nöjd! Trevliga att ha och göra med, god kommunikation och väldigt lyhörda under själva flyttningen.|Maria Roohi: TryggMoving slår alla andra flyttfirmor både prismässigt och hur de hanterade hela flytten professionellt.",,Årets kvalitetsbolag 2024|Försäkrad via Trygg-Hansa|Bohag 2010|Trafiktillstånd,Webbformulär (tryggmoving.se) eller telefon 010-175 75 88,Fast- eller timpris; RUT-avdrag på arbetskostnad; kostnadsfri avbokning upp till 3 dagar innan; inga dolda avgifter,Svenska,https://www.facebook.com/tryggmoving,https://maps.google.com/?cid=7196062642974997411&g_mp=Cidnb29nbGUubWFwcy5wbGFjZXMudjEuUGxhY2VzLlNlYXJjaFRleHQQAhgEIAA,ChIJp7xzFf9nZEYRo7v779iM3WM,High – official website confirmed; org number verified; Sundsvall local office confirmed at Esplanaden 13,tryggmoving.se|bolagsfakta.se/5593965980|infoisinfo.se/trygg-moving,2026-07-25
Städbutiken,Comfort-Control AB,556541-1682,Bergsgatan 19,852 36,Sundsvall,Centrum,060-500 142,,https://www.stadbutiken.se,https://www.stadbutiken.se/dokument/bibliotek/Image/stadbutiken/logo.png,https://places.googleapis.com/v1/places/ChIJt4k8dGdnZEYRH08BgdCFRzw/photos/AaVGc3n4FYV1SKaCS0StdXY9MyTrLPmczioVI2Ewn3wcPTzHkSO7Tp-3goI7mjDJb5Zc5fPe-WidMNYQoXJbg6mgdl3C3tNKUrqeCZ60caMEzVcYNmCD3duyFd14rJUCWwR0iYGsahKkBOwoQEVR1UxhQCTPLzTdN-PfZ4lH7anGomgmWH-PhI-bYmU1Qe6aKwbltEqXA8BJs1hPk-kXvu5tv4CLKmhMJz8Hxd_4k2ISAFIhGD2zOmmoRq12b0YFvLaBfqnczOtTn1O4yDdi5FuyUaMu1MLL5oEeS_TbCSxlKklATn3qZ109Q51EFdG_hmh1o3WlAu3LUMPqJWGD8SevKE8irGUDLg9X5TVW6M3DnH8SOhe0UeENgCCghmNllxzWWikM5XgVZgtf255u-tMFAQeBUb87q5Gh9yDe3dItNr8FIN3O/media?maxWidthPx=400&key=AIzaSyAgucJSAxcE0tpOe1l47Xy0Rw4QehRSg94,Försäljning av städmaskiner|Städutrustning|Golvvårdsprodukter|Rengöringsprodukter|Fönsterputsutrustning,"Fullsortimentskedja för professionella städprodukter. Säljer städrobotar, skurmaskiner, dammsugare, golvpolish, fönsterputskit och kemtekniska produkter. Butik i Sundsvall (Bergsgatan 19) med expertis om rätt produkt för rätt tillfälle. OBS: leverantör av utrustning, ej städtjänstföretag.","Uppsala (HK), Stockholm, Sundsvall","Städbutiken (Comfort-Control AB) är en nationell fullsortimentskedja av professionella städprodukter med huvudkontor i Uppsala och butiker i Stockholm och Sundsvall. Grundat 1997, VD David Erik Oliwer Berglund. 16 anställda nationellt. Sundsvallsbutiken på Bergsgatan 19 är öppen vardagar 08:00–17:00.",1997,,16,Aktiebolag,Okänt,4.8,5,,Hitta.se: 5.0/5 (1 omdöme),,Besök butik (Bergsgatan 19) eller order via stadbutiken.se,Produktförsäljning; priser på stadbutiken.se,Svenska,,https://maps.google.com/?cid=4343587496186171167&g_mp=Cidnb29nbGUubWFwcy5wbGFjZXMudjEuUGxhY2VzLlNlYXJjaFRleHQQAhgEIAA,ChIJt4k8dGdnZEYRH08BgdCFRzw,"High – confirmed via stadbutiken.se and hitta.se; NOTE: detta är en grossist/butik för städutrustning, ej en städtjänstfirma",stadbutiken.se/sv/butik-sundsvall|hitta.se/stadbutiken/sundsvall,2026-07-25
Stenstans Fönsterputs,Fönsterputs i Stenstan AB,556879-9760,Östermovägen 33,854 62,Sundsvall,Skönsberg,070-508 00 81,,https://www.xn--fnsterputsningsundsvall-7kc.se,https://www.google.com/s2/favicons?domain=xn--fnsterputsningsundsvall-7kc.se&sz=128,https://places.googleapis.com/v1/places/ChIJq6qqOmdnZEYR6WSEW4bTHKw/photos/AaVGc3mRwli_lgKzSgkaZwyUs1ObQYVGWJ5n5VS0s4a55Ey50fm8K1edKij1qzBremRxDlbHih238-shvpENqLb9Qi3wVmMyb1euDkBXEDoq3x5VGMADMc8g47BG5_ZEUoPV9Mdw_VpmryMsmGL-D5r02p8b_Q2U3IPyzlxKXOyuzW0bFBEQy5KLnM9YBdlqBYGlGHI2YfJq4Ui3dNFANlIzibfbCydpWJtOZgtP2pWZ09Jed7XwM_NXJZ6bXnhZu5gD15dpRW09hMaZDt929N616k75TUruwiYYzlz0p2q6okcuTwUhfIiM7vjR0QxtJPr9uslvZYsJhR8BG3E9UL566RN8YwxzffomM4X2SxDGcujCMTlPHMj7rm6gL5Pn2CwcB7HvxJQOXIcEnrRzBhFQN8bcxCGex1Ix_gqe6cA3HRKqN6uxabH3CTkwAgt5gqAb/media?maxWidthPx=400&key=AIzaSyAgucJSAxcE0tpOe1l47Xy0Rw4QehRSg94,Fönsterputsning|Golvvård,"Fönsterputsning: Professionell fönsterputsning för privatpersoner och företag. Unika i Sundsvall med fönsterputsning med Ultrarent vatten (miljövänlig metod). Utför fönsterputs på kontor, skyltfönster, gallerior, shoppingcenter och industrier. Golvvård: Vård och underhåll av plastgolv, linoleumgolv, stengolv och textilgolv.","Sundsvall, Timrå, Härnösand, Ånge; hela Västernorrland och Jämtlands län",Fönsterputs i Stenstan AB (varumärke: Stenstans Fönsterputs) är ett lokalt fönsterputs- och golvvårdsföretag i Sundsvall med över 35 års erfarenhet i branschen. Registrerat 2012 av Jan Olof Sollerman. Specialister på miljövänlig fönsterputsning med Ultrarent vatten – unika i Sundsvall. Öppettider: måndag–fredag 07:00–16:00.,2012,Jan Olof Sollerman,0 (registrerat),Aktiebolag,Okänt,4.8,4,,,35+ års branscherfarenhet; Ultrarent vattenputsning (unik i Sundsvall),Kontaktformulär på fönsterputsningsundsvall.se eller telefon 070-508 00 81,Kostnadsfri offert via kontaktformulär,Svenska,,https://maps.google.com/?cid=12402020047885985001&g_mp=Cidnb29nbGUubWFwcy5wbGFjZXMudjEuUGxhY2VzLlNlYXJjaFRleHQQAhgEIAA,ChIJq6qqOmdnZEYR6WSEW4bTHKw,High – org number and contact verified via allabolag.se; website confirmed; address matches,allabolag.se/foretag/fonsterputs-i-stenstan-ab|xn--fnsterputsningsundsvall-7kc.se|infoisinfo.se/stenstans-fonsterputs|tupalo.se/stenstans-fonsterputs,2026-07-25
Mittstäd i Norrland AB,Mittstäd i Norrland AB,559233-4121,Tegelvägen 3A,853 50,Sundsvall,Nacksta,010-141 49 00,info@mittstad.se,https://mittstad.se,https://mittstad.se/wp-content/uploads/2022/08/mittstad-logosvg.svg,https://places.googleapis.com/v1/places/ChIJP0IoYRRnZEYRWxbIzDJadLM/photos/AaVGc3kJ15NYVP4DILWXQfuN-J5xgCXg4mcchgP3U658A9tU3LFA2eEVXROXN38_tV0oPQITjlUYv51OR4roIPe2xxlKRHsJPaB3Qq0BDvcXxRHdPJxBmmTnk2fJ_aU7R2J4mijbHgg4aGjFpC-Bqh40ZscYl_TAhhyUX1ZOc_uJFjactApSElngH1A8JQaucenxwioIGjTVLYr6Zb25ck95s74-EkaK0Et_COnZQqYbCtUJXrwhmB_dsL7LZXGc3na1CgpkipHHRuj_kI_xWxNwJABye4MKtO7Jr2u3xjbLSAxUP7yMLslSbXXBKl2qLTluFkbt8rKTvK8Fj3Dzll_lB4sjK1hkRYY9BWQmgGi53QzetRXsG7WfdzQyLtOOX3soij1kJRx7YMg9Dh45nY9PyLlleliALl1ctirz66XwmKq0gRI2av1xDHioLwZ3lwRX/media?maxWidthPx=400&key=AIzaSyAgucJSAxcE0tpOe1l47Xy0Rw4QehRSg94,Företagsabonnemang|Hemstädning|Kontorsstädning|Trappstädning|Industristädning|Butiksstädning|Byggstädning|Fönsterputsning|Golvvård|Flyttstädning|Storstädning|Sanering|Fasadtvätt|Höghöjdsstädning|Klotterstädning|Mattvätt|Rengöring av solpaneler,"Företagsabonnemang: fast månadspris för lokalvård till företag. Hemstädning: regelbunden städning för privatpersoner. Byggstädning: grov- och slutstädning efter ny- och ombyggnation. Fönsterputsning: invändigt och utvändigt, alla våningsplan. Golvvård: professionell vård och skydd av alla golvtyper. Sanering: diskret och professionell sanering. ISO 9001 & 14001-certifierat.",Sundsvall|Timrå|Härnösand|Östersund|Åre|Umeå|Luleå|Kiruna|Haparanda|Hudiksvall|Söderhamn|Lycksele|Örnsköldsvik|Ånge|Skellefteå,"Mittstäd startade sin verksamhet 2021 i Sundsvall och är nu Norrlands största lokala städbolag med städentreprenader på 14 orter. Ingår i koncernen Mittstäd i Norrland Holding AB. Har kollektivavtal och är ISO 9001:2015 samt ISO 14001:2015-certifierat. VD Lars Malte Artur Holmlund. 46 anställda. Omsättning 2025: 33,3 Mkr.",2019,Lars Malte Artur Holmlund,46,Aktiebolag,Ja,3.4,5,,,ISO 9001:2015|ISO 14001:2015,Telefon 010-141 49 00|E-post info@mittstad.se|Onlineformulär mittstad.se (offert inom 24 timmar),Fast månadspris för företagsabonnemang; individuell offert för övriga tjänster,Svenska,,https://maps.google.com/?cid=12931059604318066267&g_mp=Cidnb29nbGUubWFwcy5wbGFjZXMudjEuUGxhY2VzLlNlYXJjaFRleHQQAhgEIAA,ChIJP0IoYRRnZEYRWxbIzDJadLM,"High — org.nr, website, allabolag och officiell kontaktinfo bekräftade",mittstad.se|allabolag.se/foretag/mittstäd-i-norrland-ab|hitta.se,2026-07-25
Team Heffners,Team Heffners Ekonomisk förening,769619-7966,Skönsbergsvägen 44,856 30,Sundsvall,Skönsberg,060-12 17 00,,https://teamheffners.se,https://www.google.com/s2/favicons?domain=teamheffners.se&sz=128,https://places.googleapis.com/v1/places/ChIJwXr3LkpnZEYRUNb0fN-SONk/photos/AaVGc3lbYTgRTU73VmrwFX6MGHl5vbJ6kxr8Wvuio7msafUSv3sKGxDuSWPlDJoGjujhlOruEgFLz7edOFqoF_4XHNAIoF4wucFxZsogcQP_OmZQChMosX9Tf_jtlEbiphpmV7Qdt1alytsb5v2MjGNihFiZe0qiZ2-jgRRV1K2KEUPx3TUIzYkTf0bdMVb-O2tSMupuPoqBQvIZtrykYJPZrp6WKOVhM9QLezLkgYS10AybhFYvCqXN_Yuv5aD-ItBVxFPGomocylmJ2uU4gj1Uoe2aG6C0yUg_RwhxjcABagh2jAa-T9TzFyu_8RTrTj2uGSh6RbKPDRKxi28NV51rx60eET-OdsjnTg3O1lTLOGjhHZNiQiuYMhJy0D5iwy6FV4nzf4Jj53ay3T0BF7uqEwALwFh_eWtqw0sOENom09-wXdlA/media?maxWidthPx=400&key=AIzaSyAgucJSAxcE0tpOe1l47Xy0Rw4QehRSg94,Städtjänster|Flyttstädning,Städfirma i Sundsvall med fokus på professionellt arbete och kundnöjdhet. Erbjuder bland annat flyttstädning.,Sundsvall|Västernorrland,"Team Heffners Ekonomisk förening är en städfirma i Sundsvall med ca 2 anställda. Den äldre juridiska enheten (ekonomisk förening, org 769619-7966) är registrerad 2009 och har status 'försatt i konkurs'. Webbplatsen teamheffners.se är aktiv och verksamheten fortsätter med registrerat telefonnummer 060-12 17 00. LinkedIn-profil finns.",2009,,2,Ekonomisk förening,Ja,3.8,5,,,,Telefon 060-12 17 00|Webbplats teamheffners.se,Offert via kontakt,Svenska,https://linkedin.com/company/team-heffners,https://maps.google.com/?cid=15652421993497941584&g_mp=Cidnb29nbGUubWFwcy5wbGFjZXMudjEuUGxhY2VzLlNlYXJjaFRleHQQAhgEIAA,ChIJwXr3LkpnZEYRUNb0fN-SONk,Medium — telefon och webbplats bekräftade via flera kataloger; juridisk enhet har konkursstatus men verksamheten tycks aktiv,allaproffs.hk-r.se|foretagsproffs.advokater24.nu|syna.se/7696197966|exa.ai/library/organization/j70k1g3r14r,2026-07-25
Totalstäd Sverige AB,Totalstäd Sverige AB,556653-6149,Tallrotsgatan 13,856 42,Sundsvall,Matfors,070-677 78 88,conny@totalstad.se,https://www.totalstad.se,https://www.totalstad.se/wp-content/uploads/2019/11/cropped-ts_logo-32x32.jpg,https://places.googleapis.com/v1/places/ChIJdUZZxVFnZEYRtnGBMv98j7I/photos/AaVGc3kB6DGWhB8EnAeXhf-EfasvkB_F_Xs7XpVPeK7RU5ZHcIpoo8QB8mpInmYFkHukVchnruJVqSgL-db01xZVpIjZWF71zhk0EwmqhVY-VBxeQPCrQdC3GE74NArZ1QjO1pxfO5Xxg1XVR9l-RrmO6uYV1kEJRYKbb1X5boLJ19kyvqSwoRGutkqMV5fKZMnWP8fxELVBwzbTDM-2xxDXSUOxfzFoGveMnK2sMHsTYGdcK-gWI2-Ut3JCIaf-nZ64kacUXCKKVAEiaKhEWxvKL6hWyoPFeWXJflTFKrlbu9CUrIRZorOUULlON4bReovL5uD2SfbiPanQxlAE9TlUYCTwRRe21XhmUcuFsoToSNjzrMJ69TuKo0kryaVIYAQ_cCeK5kiTkQ9CxGIazcTTq0TD98pC5uHhIsru5tAaIuJswQ/media?maxWidthPx=400&key=AIzaSyAgucJSAxcE0tpOe1l47Xy0Rw4QehRSg94,Hemstädning|Flyttstädning|Fönsterputsning|Kontorsstädning|Trappstädning|Butiksstädning|Byggstädning|Storstädning|Dödsbo städ|Visningsstädning|Golvvård,"Hemstädning: återkommande med fast personal. Flyttstädning: för hyresrätt och bostadsrätt med nöjd kund-garanti. Kontorsstädning: anpassat schema, fasta priser. Byggstädning: grov- och slutstädning i Sundsvall och Timrå. Golvvård: Prof-produkter. Auktoriserat serviceföretag av Almega. Kollektivavtal.",Sundsvall|Timrå,"Totalstäd Sverige AB grundades 2004 och är ett komplett städföretag i Sundsvall och Timrå. Drivs av Conny Jonsson. Auktoriserat av Almega, kollektivavtal, miljövänliga produkter, UC högsta kreditvärdighet. 5 anställda. Omsättning 2025: 2,65 Mkr.",2004,Gustaf Conny Jonsson,5,Aktiebolag,Ja,,,,UC Nordiskt Tillväxtcertifikat|UC Silver Företag (God kreditvärdighet),Auktoriserat serviceföretag av Almega|Nöjd Kund Garanti,Telefon 070-677 78 88|E-post conny@totalstad.se|Onlineformulär totalstad.se,Offert efter behovsanalys; fasta priser för företagsstädning; RUT-avdrag hanteras automatiskt,Svenska,,https://maps.google.com/?cid=12866640095926645174&g_mp=Cidnb29nbGUubWFwcy5wbGFjZXMudjEuUGxhY2VzLlNlYXJjaFRleHQQAhgEIAA,ChIJdUZZxVFnZEYRtnGBMv98j7I,"High — webbplats, allabolag, org.nr och kontaktuppgifter bekräftade från flera källor",totalstad.se|allabolag.se/foretag/totalstäd-sverige-ab,2026-07-25
Älvis Städ i Sundsvall AB,Älvis Städ I Sundsvall AB,559199-4669,Lekängsvägen 2R,853 53,Sundsvall,Nacksta,060-584 74 34,kundtjanst@alvisstadsundsvall.se,https://alvisstad.se,https://alvisstad.se/wp-content/uploads/2024/12/alvislogo.png,https://places.googleapis.com/v1/places/ChIJuw9Frk1dZEYRmfl9_K-U-rw/photos/AaVGc3mbIZgL-6pJyMvdsEb_ibsh7IWE0dXgBnkQMDzhzCiitZ8QIGiadsWmHMaEUeA3KtdToiHY3S87QmAjdNCWEx2nq-ta2lRJdyWG9UfgQ57jjdHT0gFVOV4Y27zwOygzXFbmSnKYNNr_HbnVkibEAX8wWuF6GEouOEmFy5ys4zgQa-e-VBxO5Uf-Y6isBL1LIv5MdMCkJgT2uyPJ3iCjfDlE61ahPnHuoGPmc23RH09s4wVtsgsRVDJEDCUOrSc5gi1ldy3Bo3Ii3KRy7oWy7gpJ-cAJcXMnSzm0Qb_dA8Wp61mTCvlSoCEKY4_WcrEBzrU_DI4dWrxytIV1J1l4_Fb7_9KdMHZ42a07y17Gca9Y1_zoQCE4KgFR7oxSW-WdjA_aVGaURC65LRVmBWemN5ugEzRdEpzbNgVDQPIaZI_8uCNB6RoS4LHs8SBh1JfT/media?maxWidthPx=400&key=AIzaSyAgucJSAxcE0tpOe1l47Xy0Rw4QehRSg94,Hemstädning|Flyttstädning|Dödsbostädning|Storstädning|Fönsterputs|Grovstädning|Visningsstädning|Byggstädning|Matt- & Möbeltvätt|Kökstvätt|Badrumstvätt|Luktsanering|Kontorsstädning|Hotellstädning|Lokalvård,"Hemstädning från 280 kr/timme, 10% rabatt nya kunder, ingen bindningstid. Flyttstädning med fast pris, 14 dagars garanti, färdigt inom 24 timmar. Storstädning med fast pris. SRY-certifierade städare. RUT-avdrag hanteras automatiskt. Företagsstädning via dotterbolaget Deltateamet AB.",Sundsvall|Umeå|Skellefteå|Luleå|Norrland,Älvis Städ i Sundsvall AB är ett delägt dotterbolag (sedan 2024) till Älvis Städ AB vars huvudkontor ligger i Umeå. Registrerat 2019-03-20. VD Mali Dogru. 1-4 anställda. SRY-certifierat. Omsättning 2025: 262 tkr. Erbjuder städtjänster i Sundsvall och kringliggande kommuner med 14-dagars nöjd kund-garanti.,2019,Mali Dogru,1-4,Aktiebolag,Ja,,,,,SRY-certifierat (Servicebranschens Yrkesnämnd)|Handledarintyg från Skolverket,Onlineformulär alvisstad.se|Telefon 060-584 74 34|E-post kundtjanst@alvisstadsundsvall.se,Hemstädning från 280 kr/timme; fast pris för flytt- och storstädning (offert inom 24 h); 10% rabatt som ny kund; RUT-avdrag 50%,Svenska,,https://maps.google.com/?cid=13617359906884417945&g_mp=Cidnb29nbGUubWFwcy5wbGFjZXMudjEuUGxhY2VzLlNlYXJjaFRleHQQAhgEIAA,ChIJuw9Frk1dZEYRmfl9_K-U-rw,"High — webbplats, allabolag, org.nr och kontaktuppgifter bekräftade",alvisstad.se|allabolag.se/foretag/älvis-städ-i-sundsvall-ab,2026-07-25
berg och dal städ,,,"Gillegränd 2C, LGH1303",856 30,Sundsvall,Skönsberg,+46-73 151 61 22,abby@berg-och-dal.com,https://berg-och-dal.com,https://www.google.com/s2/favicons?domain=berg-och-dal.com&sz=128,https://places.googleapis.com/v1/places/ChIJSd9FC4lnZEYRI3Bteto-CHM/photos/AaVGc3knczY5DL9dKxUfMgMBx8U5l_ppnqVhhwhgAE1a45bk5x1Ky-5oUzOBjFb0yyTkiAZJ6uIRq4a6uhrU8trQ54s-LPPdrhmppeJPY5NpOh_ELip5SyOmy6u9Z0u23qalDPp_eHWS20OywdZ9v_-DEjngzaLqdwkbzWjxs6AmNbHkdQc8C3j0CLG9v25pAnsZ4g__gcboA71ACLNzYLJ325s4i03SuBtvf5NLLnd2KIaLjHyJ_Qm-ooF-JU79-ruDOvjGw5xOUImr1bUygH-_4CaHywMGo-DvaekOhTZ82mItBD_EPtsloTAJh5lnt9MBsOZtid-hE2zzSGQiN0qquSoOXd4wbhVMOvi8WKGY_f27l0_yv_nHKZ7BZkw2d4FQrbjn07B6rWoqY6b1jYpULZcYBSoUxOR0LaYCPRoinOWMQeN4/media?maxWidthPx=400&key=AIzaSyAgucJSAxcE0tpOe1l47Xy0Rw4QehRSg94,Hemstäd|Trappstäd|Industri-/Företagsstädning|Flyttstäd|Fönsterputs,"Hemstäd: alla utrymmen inkl. fönster och grovstäd. Trappstäd: fönster, detaljer, radiatorer och under mattor. Industri/Företag: veckostäd och morgonstäd till rimliga priser. Flyttstäd: grundlig städning av alla utrymmen inkl. avlopp, bakom kyl och fönsterkarmar. Nöjd kund-garanti.",Sundsvall|Sundsvall med omnejd,Berg och Dal Städ är en lokal städfirma i Sundsvall grundad och ledd av Abby Kyeyune. Tar alla jobb stora som små för privatpersoner och företag. Fokus på kvalitet och kundnöjdhet med 100% nöjd kund-garanti. Verksamhet registrerad som enskild firma eller litet bolag; org.nr ej identifierat.,,Abby Kyeyune,,,Ja,,,,,,Telefon +46-73 151 61 22|E-post abby@berg-och-dal.com|Kontaktformulär berg-och-dal.com,Offert efter behovsanalys; privatpersoner RUT-avdrag,Svenska,https://facebook.com/Dal-och-Berg-Städ-110068844456389|https://linkedin.com/company/berg-och-dal-städ,https://maps.google.com/?cid=8288944222253183011&g_mp=Cidnb29nbGUubWFwcy5wbGFjZXMudjEuUGxhY2VzLlNlYXJjaFRleHQQAhgEIAA,ChIJSd9FC4lnZEYRI3Bteto-CHM,"Medium — webbplats, telefon, e-post och grundare bekräftade; org.nr ej funnet i offentliga register",berg-och-dal.com|stadforetagsundsvall.se|svenskahantverkare.se/stadfirma/sundsvall|stadningguiden.se,2026-07-25
Hemstäd Sundsvall,,,Storgatan 18,852 30,Sundsvall,Centrum,,,https://hemstadsundsvall.nu,https://www.google.com/s2/favicons?domain=hemstadsundsvall.nu&sz=128,,Hemstädning|Fönsterputs|Flyttstädning|Storstädning,"Hemstädning: veckovis, varannan vecka eller vid behov; samma städare varje gång. Fönsterputs: invändigt och utvändigt. Flyttstädning: grundlig rengöring inför överlämning. Storstädning: djupgående rengöring av hela hemmet. Miljömärkta produkter. RUT-avdrag direkt på fakturan. Nöjd kund-garanti.",Sundsvall|Alnö|Skönsmon|Bosvedjan|Bredsand|Njurunda|Bergsåker,"Hemstäd Sundsvall är en städfirma verksam i Sundsvall med omnejd. Erbjuder hemstäd, fönsterputs och flyttstäd med fokus på kvalitet och miljövänliga produkter. Kostnadsfritt första besök. Org.nr och legal bolagsform ej publicerade på webbplatsen; Google Places listar adressen Storgatan 18, 852 30 Sundsvall.",,,,,Ja,,,,,,Kontaktformulär hemstadsundsvall.nu|Kostnadsfritt hembesök,Individuell offert; RUT-avdrag 50% på arbetskostnad,Svenska,,https://maps.google.com/?cid=4344042869624376928&g_mp=Cidnb29nbGUubWFwcy5wbGFjZXMudjEuUGxhY2VzLlNlYXJjaFRleHQQAhgEIAA,ChIJG1nljStnZEYRYI4HZfkjSTw,"Low — webbplatsen hemstadsundsvall.nu bekräftad; ingen legal bolagsinfo, org.nr eller telefonnummer hittades i offentliga register",hemstadsundsvall.nu|stadningguiden.se/vasternorrland/sundsvall/hemstad-sundsvall,2026-07-25
Städ & Förvaltning i Sundsvall AB,Städ och Förvaltning i Sundsvall Aktiebolag,556819-5571,Gärdevägen 11,856 50,Sundsvall,Njurunda,070-555 61 81,fredrik.melin@sofab.nu,https://www.sofab.nu,"https://static.wixstatic.com/media/7d76ec_c4ec26e7f2dd444180e1024a657e31d4.png/v1/fit/w_2500,h_1330,al_c/7d76ec_c4ec26e7f2dd444180e1024a657e31d4.png",https://places.googleapis.com/v1/places/ChIJdUZZxVFnZEYR2yRBEnzquUk/photos/AaVGc3lQqATBGcoapen8fpStfLa7StgtqME4ylLKka-6GCAO3EmXSY0joIgEWy7uqQ3QziLCRiEhPqRP8bsblcXq7Fl6lDJJkjp3s7vPuqeE1hasO0vCS-JyYASyhX4BU8ZR1Zkh6BcOUBNweG0RR51thvYPH-dlZbgCq8ZlHeda8SuPKUiJdkGXX6vJ4RqMamAVVmZYJrBG_v8N1oej-KBBw2EcD0RrqhTch1Uiq88IrmnA2GV-9CAbi4PQ5ZKpEWHj6E48OELhh-zS_ZxgH2C_8ch5XAmkw76x_FxnxvSkusYuD4xjcZeRi-ny5Xnoow1dl4l8ZXD9CA2ARtCjFAjmmlnHa3rM6O38wVREigCfZvg0jK9tSpBatr8PjSgascANo8YJ8PaXUK-Z3lWdCLCfJFKubvRiabMd5jy3zm5uUYvSkrMc/media?maxWidthPx=400&key=AIzaSyAgucJSAxcE0tpOe1l47Xy0Rw4QehRSg94,Hemstädning|Kontorsstädning|Fönsterputsning|Storstädning|Flyttstädning|Golvvård|Industristädning,Hemstädning med ROT-avdrag direkt på fakturan. Fönsterputsning för privatpersoner och företag i Sundsvall och Timrå. Kontorsstädning och all typ av städning för företag och privatpersoner. Fokus på miljö och kvalitet (Miljö & Kvalité-certifiering).,Sundsvall|Timrå,"Städ och Förvaltning i Sundsvall Aktiebolag (SOFAB) grundades 2010 och bedriver städverksamhet samt fastighetsförvaltning i Sundsvall och Timrå. Styrelseledamot Olof Fredrik Melin. 4-6 anställda. Omsättning 2024: 4,36 Mkr. Ingår i en koncern med dotterbolaget Mattringen AB. Varumärket SOFAB används på webbplatsen sofab.nu.",2010,Olof Fredrik Melin,4-6,Aktiebolag,Ja,,,,,Miljö & Kvalité (enligt webbplats),Telefon 070-555 61 81|E-post fredrik.melin@sofab.nu|Kontaktformulär sofab.nu,Offert via kontakt; RUT-avdrag hanteras direkt,Svenska,,https://maps.google.com/?cid=5312535054063314139&g_mp=Cidnb29nbGUubWFwcy5wbGFjZXMudjEuUGxhY2VzLlNlYXJjaFRleHQQAhgEIAA,ChIJdUZZxVFnZEYR2yRBEnzquUk,"High — webbplats, allabolag, org.nr, kontaktuppgifter och finansiell data bekräftade",sofab.nu|allabolag.se/foretag/städ-och-förvaltning-i-sundsvall-aktiebolag|hitta.se/städ-och-förvaltning-i-sundsvall-ab|näringslivsregistret.se/5568195571,2026-07-25